open_time,close_time,open,high,low,close,volume,quote_volume,trade_count
2026-01-01T00:00:00+00:00,2026-01-01T00:04:59.999000+00:00,100.0,101.40409478671667,98.03250500113828,99.36197965659423,145.7795126839805,13436.547158844263,100
2026-01-01T00:05:00+00:00,2026-01-01T00:09:59.999000+00:00,99.36197965659423,102.42226278558118,98.7793409762726,101.57444179149499,117.82436858459175,15202.174599616488,101
2026-01-01T00:10:00+00:00,2026-01-01T00:14:59.999000+00:00,101.57444179149499,106.5134589008175,100.54931936998273,104.78984633100467,102.66685445822631,13218.612540602495,102
2026-01-01T00:15:00+00:00,2026-01-01T00:19:59.999000+00:00,104.78984633100467,106.7159167509315,104.08003032514355,105.05882627495362,108.37011927897497,11547.093839811763,103
2026-01-01T00:20:00+00:00,2026-01-01T00:24:59.999000+00:00,105.05882627495362,107.97739251891136,104.06540313599788,107.34681559527156,130.17457390763994,11635.575338854282,104
2026-01-01T00:25:00+00:00,2026-01-01T00:29:59.999000+00:00,107.34681559527156,108.61400163358944,106.29026367935617,107.90725966073794,100.984883956797,14013.838792174252,105
2026-01-01T00:30:00+00:00,2026-01-01T00:34:59.999000+00:00,107.90725966073794,109.0806836428213,106.95629497882076,107.93859780635155,142.67245793871666,10985.565830726351,106
2026-01-01T00:35:00+00:00,2026-01-01T00:39:59.999000+00:00,107.93859780635155,108.49914367945487,106.79488301818985,107.37374091174813,102.06798356604413,15295.097137745914,107
2026-01-01T00:40:00+00:00,2026-01-01T00:44:59.999000+00:00,107.37374091174813,108.56418887153023,105.37609097211255,106.47326512371782,123.27580731274078,13053.157423690858,108
2026-01-01T00:45:00+00:00,2026-01-01T00:49:59.999000+00:00,106.47326512371782,108.00239683012713,105.02495130055387,106.37557644070388,111.69719748162578,11138.824739391635,109
2026-01-01T00:50:00+00:00,2026-01-01T00:54:59.999000+00:00,106.37557644070388,107.40130313646459,105.74027406662259,106.36546145927811,113.05045690890827,15107.897051620348,110
2026-01-01T00:55:00+00:00,2026-01-01T00:59:59.999000+00:00,106.36546145927811,107.0755028276018,103.78506410928574,105.33135701264192,112.64935440899396,15644.590261805477,111
2026-01-01T01:00:00+00:00,2026-01-01T01:04:59.999000+00:00,105.33135701264192,106.30790394676197,104.27986733211759,105.62655745729573,109.64099338824738,14891.844866744119,112
2026-01-01T01:05:00+00:00,2026-01-01T01:09:59.999000+00:00,105.62655745729573,107.24800957912797,104.2178730401953,105.383912521986,130.47242358263628,14585.869654231,113
2026-01-01T01:10:00+00:00,2026-01-01T01:14:59.999000+00:00,105.383912521986,107.52309177632097,103.60565616829022,105.78644596771605,105.53474673833027,12114.337736836776,114
2026-01-01T01:15:00+00:00,2026-01-01T01:19:59.999000+00:00,105.78644596771605,106.46511465778248,103.64085814658475,105.28710107499651,123.15694240467141,14923.766526185327,115
2026-01-01T01:20:00+00:00,2026-01-01T01:24:59.999000+00:00,105.28710107499651,107.35418611774509,104.09564310370754,106.84577459420656,134.68099035132576,15441.785262953892,116
2026-01-01T01:25:00+00:00,2026-01-01T01:29:59.999000+00:00,106.84577459420656,109.02189305195728,105.41828853108079,107.50532865031185,110.3035730592014,11287.391031825104,117
2026-01-01T01:30:00+00:00,2026-01-01T01:34:59.999000+00:00,107.50532865031185,108.0589822641644,105.59223327046786,106.7056116339799,136.4727695406979,13351.075459316211,118
2026-01-01T01:35:00+00:00,2026-01-01T01:39:59.999000+00:00,106.7056116339799,107.89647797525436,106.02535308563517,107.2959488550333,145.470326731246,11905.692266878064,119
2026-01-01T01:40:00+00:00,2026-01-01T01:44:59.999000+00:00,107.2959488550333,107.74647797525435,106.17535308563518,107.74647797525435,139.0950906033499,13521.98120694149,120
2026-01-01T01:45:00+00:00,2026-01-01T01:49:59.999000+00:00,107.59647797525434,107.59647797525434,106.32535308563519,106.5945312840386,102.60132364807963,14502.941651230902,121
2026-01-01T01:50:00+00:00,2026-01-01T01:54:59.999000+00:00,106.5945312840386,108.27324637439445,104.18854707791903,105.21740905524041,140.31017673549468,15531.307551783157,122
2026-01-01T01:55:00+00:00,2026-01-01T01:59:59.999000+00:00,105.21740905524041,106.56822210207604,102.78491420109006,104.56195044804487,128.80179499622864,11091.883126267532,123
2026-01-01T02:00:00+00:00,2026-01-01T02:04:59.999000+00:00,104.56195044804487,105.38706572712316,101.95579855009146,102.94073855432781,146.6648627394524,11411.13335450439,124
2026-01-01T02:05:00+00:00,2026-01-01T02:09:59.999000+00:00,102.94073855432781,104.10094662144773,99.25245308290597,100.96013679019774,131.94824170087915,14284.170281379804,125
2026-01-01T02:10:00+00:00,2026-01-01T02:14:59.999000+00:00,100.96013679019774,102.1989085607855,96.44235497440671,97.77074845921489,125.13880402863275,11108.971024823011,126
2026-01-01T02:15:00+00:00,2026-01-01T02:19:59.999000+00:00,97.77074845921489,99.43813914520709,96.27705516959561,97.09940342644866,118.05296570633664,14303.308861121232,127
2026-01-01T02:20:00+00:00,2026-01-01T02:24:59.999000+00:00,97.09940342644866,98.00065291449725,94.7589278055206,95.38997697059898,121.03970850437614,13201.201075112796,128
2026-01-01T02:25:00+00:00,2026-01-01T02:29:59.999000+00:00,95.38997697059898,96.11195062990343,92.12402834510618,92.96988354247142,124.23255317322288,11287.213785233267,129
2026-01-01T02:30:00+00:00,2026-01-01T02:34:59.999000+00:00,92.96988354247142,93.97995972715833,90.89229991605382,91.76943309780613,124.93785577975507,12113.208350429833,130
2026-01-01T02:35:00+00:00,2026-01-01T02:39:59.999000+00:00,91.76943309780613,93.4002264830973,91.1798880026973,92.58452050129738,106.47851103385118,9756.90396480001,131
2026-01-01T02:40:00+00:00,2026-01-01T02:44:59.999000+00:00,92.58452050129738,93.81381123626755,90.62589235191409,91.63045298437032,148.63319847796544,12384.70888902956,132
2026-01-01T02:45:00+00:00,2026-01-01T02:49:59.999000+00:00,91.63045298437032,93.29785306517114,90.21135257685897,92.45715674436744,139.87968002876693,12556.748116747425,133
2026-01-01T02:50:00+00:00,2026-01-01T02:54:59.999000+00:00,92.45715674436744,94.17542977408979,91.1692289322969,93.27663743117134,114.28010116170918,11486.885474779461,134
2026-01-01T02:55:00+00:00,2026-01-01T02:59:59.999000+00:00,93.27663743117134,95.86467408632662,92.25242903874816,94.4048644293161,137.5110601899792,9451.090279089323,135
2026-01-01T03:00:00+00:00,2026-01-01T03:04:59.999000+00:00,94.4048644293161,96.37683281000476,92.86867757208806,94.85408108688144,118.54587724528051,12386.385441266193,136
2026-01-01T03:05:00+00:00,2026-01-01T03:09:59.999000+00:00,94.85408108688144,96.81851170503464,93.78999386997059,95.53814715561498,139.0585847297634,13768.262133411241,137
2026-01-01T03:10:00+00:00,2026-01-01T03:14:59.999000+00:00,95.53814715561498,96.76984253862459,93.87724829398157,94.45909109587289,120.75851170567495,11599.977180380154,138
2026-01-01T03:15:00+00:00,2026-01-01T03:19:59.999000+00:00,94.45909109587289,95.30782152381435,93.60485621380376,94.7141571247313,113.66083782382113,10185.14232983103,139
2026-01-01T03:20:00+00:00,2026-01-01T03:24:59.999000+00:00,94.7141571247313,95.94187124389545,93.89277799812437,94.88341593577412,139.77903584420443,9585.492246094927,140
2026-01-01T03:25:00+00:00,2026-01-01T03:29:59.999000+00:00,94.88341593577412,95.7241440094189,94.06589346273678,94.93984675114677,122.98018346174248,9713.928236335512,141
2026-01-01T03:30:00+00:00,2026-01-01T03:34:59.999000+00:00,94.93984675114677,95.68971171529137,92.24935331283719,92.89697720954905,140.94909990330586,13718.278740039366,142
2026-01-01T03:35:00+00:00,2026-01-01T03:39:59.999000+00:00,92.89697720954905,94.2213261817295,91.51425949894536,93.41704955700716,131.43745539483268,12654.368689023659,143
2026-01-01T03:40:00+00:00,2026-01-01T03:44:59.999000+00:00,93.41704955700716,94.08694060252411,92.46426431109788,93.46238434517052,105.33167767444432,9706.920811228305,144
2026-01-01T03:45:00+00:00,2026-01-01T03:49:59.999000+00:00,93.46238434517052,94.07543150530405,90.93707302030768,91.99327726078812,146.05314767992866,11640.195271766472,145
2026-01-01T03:50:00+00:00,2026-01-01T03:54:59.999000+00:00,91.99327726078812,93.79763757750175,90.49466805075645,92.58826607493017,110.0536489273234,9616.082489809367,146
2026-01-01T03:55:00+00:00,2026-01-01T03:59:59.999000+00:00,92.58826607493017,95.27386167706194,91.24060909868919,93.72409990559144,103.31815252520164,13340.624944278814,147
2026-01-01T04:00:00+00:00,2026-01-01T04:04:59.999000+00:00,93.72409990559144,96.15522183549162,92.51010634852163,94.50381401713388,130.0727607593774,13447.034246044119,148
2026-01-01T04:05:00+00:00,2026-01-01T04:09:59.999000+00:00,94.50381401713388,98.97494044208233,93.865606489967,97.30185309137526,145.09244017901176,13499.482513703115,149
2026-01-01T04:10:00+00:00,2026-01-01T04:14:59.999000+00:00,97.30185309137526,99.66399859614421,95.92062668563563,98.05366913498511,144.9497741317141,14050.960131491836,150
2026-01-01T04:15:00+00:00,2026-01-01T04:19:59.999000+00:00,98.05366913498511,103.2468166490988,96.91336949349353,101.45187158456093,111.96022192361289,11161.263783356238,151
2026-01-01T04:20:00+00:00,2026-01-01T04:24:59.999000+00:00,101.45187158456093,103.0968166490988,97.06336949349354,103.0968166490988,115.0824628523678,12720.38107450623,152
2026-01-01T04:25:00+00:00,2026-01-01T04:29:59.999000+00:00,102.94681664909879,102.94681664909879,97.21336949349354,102.94681664909879,122.4447746785801,10586.70449015294,153
2026-01-01T04:30:00+00:00,2026-01-01T04:34:59.999000+00:00,102.79681664909879,102.79681664909879,97.36336949349355,102.79681664909879,115.53419357097978,11515.850020236076,154
2026-01-01T04:35:00+00:00,2026-01-01T04:39:59.999000+00:00,102.79681664909879,108.26319005491277,102.24211188362274,107.09132202535015,145.88161712736954,12336.21469714775,155
2026-01-01T04:40:00+00:00,2026-01-01T04:44:59.999000+00:00,107.09132202535015,109.9612638526773,105.97577313427651,108.41248488434832,124.52395175388062,14252.98809940953,156
2026-01-01T04:45:00+00:00,2026-01-01T04:49:59.999000+00:00,108.41248488434832,110.1655985483843,107.35052362045245,108.19669047057367,135.7313003133966,12302.056687291493,157
2026-01-01T04:50:00+00:00,2026-01-01T04:54:59.999000+00:00,108.19669047057367,109.89391807852698,106.72919460799214,108.826512862075,101.93375342068032,10902.403233888715,158
2026-01-01T04:55:00+00:00,2026-01-01T04:59:59.999000+00:00,108.826512862075,109.99015034502052,106.6232618043687,108.23804781573698,128.05314731528077,13009.91226499918,159
2026-01-01T05:00:00+00:00,2026-01-01T05:04:59.999000+00:00,108.23804781573698,109.74487648386733,106.15541346841276,107.28349999179466,105.46380063649015,13685.491585846528,160
2026-01-01T05:05:00+00:00,2026-01-01T05:09:59.999000+00:00,107.28349999179466,108.04186921979048,104.70662931174726,105.98691962610346,138.47175784130286,13096.411772087891,161
2026-01-01T05:10:00+00:00,2026-01-01T05:14:59.999000+00:00,105.98691962610346,107.42055500627183,104.54631377351596,105.34581916480828,148.68818086532642,14812.84953704179,162
2026-01-01T05:15:00+00:00,2026-01-01T05:19:59.999000+00:00,105.34581916480828,107.08143415250095,103.8182210640127,104.68442635335086,148.005814824626,13991.831586825212,163
2026-01-01T05:20:00+00:00,2026-01-01T05:24:59.999000+00:00,104.68442635335086,107.06243230929425,103.8271673935936,105.4750484497979,125.74924761965735,13374.930139086227,164
2026-01-01T05:25:00+00:00,2026-01-01T05:29:59.999000+00:00,105.4750484497979,107.0701078648762,103.91749542381623,105.32358948728223,123.18597229972947,14488.729360461037,165
2026-01-01T05:30:00+00:00,2026-01-01T05:34:59.999000+00:00,105.32358948728223,106.22421320601578,103.19397181164493,104.93588047459772,121.82087177681129,14535.790530356326,166
2026-01-01T05:35:00+00:00,2026-01-01T05:39:59.999000+00:00,104.93588047459772,107.61527600180204,103.82249031316852,105.8769409227504,145.54834760009547,14264.138626538055,167
2026-01-01T05:40:00+00:00,2026-01-01T05:44:59.999000+00:00,105.8769409227504,108.208784428048,105.15674166895644,106.89964604910911,116.82548028229431,12740.867526414824,168
2026-01-01T05:45:00+00:00,2026-01-01T05:49:59.999000+00:00,106.89964604910911,109.30490369644671,105.5111405830386,107.63921795620772,109.70633258906022,12433.567270099635,169
2026-01-01T05:50:00+00:00,2026-01-01T05:54:59.999000+00:00,107.63921795620772,108.46702968854574,105.30519696284068,106.92230285424759,121.34338291769316,14009.880443494085,170
2026-01-01T05:55:00+00:00,2026-01-01T05:59:59.999000+00:00,106.92230285424759,108.91395461632675,106.20270788294742,107.49323758148635,103.84206643228782,15779.488219651186,171
2026-01-01T06:00:00+00:00,2026-01-01T06:04:59.999000+00:00,107.49323758148635,109.27941383447703,104.72628188585311,106.35229146338307,124.16813115688214,12871.63979303084,172
2026-01-01T06:05:00+00:00,2026-01-01T06:09:59.999000+00:00,106.35229146338307,107.61679859277778,104.3537251045784,105.58776247909182,130.23181725639319,13755.897304805643,173
2026-01-01T06:10:00+00:00,2026-01-01T06:14:59.999000+00:00,105.58776247909182,106.54225403390733,102.79646256874274,103.44273566834275,146.08319390447218,10948.059896626277,174
2026-01-01T06:15:00+00:00,2026-01-01T06:19:59.999000+00:00,103.44273566834275,104.23007379110163,101.3331447790739,102.06284271448435,149.4857221924904,13767.276390994055,175
2026-01-01T06:20:00+00:00,2026-01-01T06:24:59.999000+00:00,102.06284271448435,102.84096316166952,98.42004810167589,99.46880706971757,148.44628113691,10732.945249181905,176
2026-01-01T06:25:00+00:00,2026-01-01T06:29:59.999000+00:00,99.46880706971757,100.59747574055797,97.26047780878947,97.78675828289506,145.00282040804453,14344.387783142942,177
2026-01-01T06:30:00+00:00,2026-01-01T06:34:59.999000+00:00,97.78675828289506,99.30667560688427,93.70895244815767,95.27867232410297,146.2209413350571,12562.299105066482,178
2026-01-01T06:35:00+00:00,2026-01-01T06:39:59.999000+00:00,95.27867232410297,96.18467119119202,93.76385443134934,94.39881766070621,110.78229642957888,13827.241992712268,179
2026-01-01T06:40:00+00:00,2026-01-01T06:44:59.999000+00:00,94.39881766070621,95.9829963663967,90.9814429881118,92.1771641510378,107.07408834168311,12410.536347884392,180
2026-01-01T06:45:00+00:00,2026-01-01T06:49:59.999000+00:00,92.1771641510378,94.04285189161568,90.76949431060008,92.65973707798084,147.7150880365669,12268.966793552743,181
2026-01-01T06:50:00+00:00,2026-01-01T06:54:59.999000+00:00,92.65973707798084,93.5564190033077,90.46635559027777,91.99598231237118,125.42454985238477,10512.37416462979,182
2026-01-01T06:55:00+00:00,2026-01-01T06:59:59.999000+00:00,91.99598231237118,93.66941084373202,90.02383139102206,91.68144831668509,143.2760631402764,11017.648183057689,183
2026-01-01T07:00:00+00:00,2026-01-01T07:04:59.999000+00:00,91.68144831668509,93.91283199516216,90.50297120600668,92.17602426485844,147.9653345616286,12296.603326178461,184
2026-01-01T07:05:00+00:00,2026-01-01T07:09:59.999000+00:00,92.17602426485844,94.22612984870545,90.41288677599502,93.12885116738738,114.74419770322343,12628.345319643482,185
2026-01-01T07:10:00+00:00,2026-01-01T07:14:59.999000+00:00,93.12885116738738,93.69795130789745,92.06457199245267,93.008278561076,107.174308522763,11952.532623227362,186
2026-01-01T07:15:00+00:00,2026-01-01T07:19:59.999000+00:00,93.008278561076,96.21501332617778,92.02001940600199,94.95415536831852,125.97961240770577,12918.157084753231,187
2026-01-01T07:20:00+00:00,2026-01-01T07:24:59.999000+00:00,94.95415536831852,95.58105555901018,92.86887891641327,94.04873429909392,145.46414095933386,11491.879268560295,188
2026-01-01T07:25:00+00:00,2026-01-01T07:29:59.999000+00:00,94.04873429909392,96.49486956652866,93.07313920632126,95.70230093532797,106.92223451453357,13283.27046896789,189
2026-01-01T07:30:00+00:00,2026-01-01T07:34:59.999000+00:00,95.70230093532797,97.06547295506631,94.00739833472156,95.48266770297322,132.70457005257617,9929.270162999635,190
2026-01-01T07:35:00+00:00,2026-01-01T07:39:59.999000+00:00,95.48266770297322,96.51433598785401,93.71561129910238,94.73289052343058,106.53089042192437,13275.824926136886,191
2026-01-01T07:40:00+00:00,2026-01-01T07:44:59.999000+00:00,94.73289052343058,95.42470574459756,93.6559778190111,94.33386456101886,120.4141856640055,13603.180502597825,192
2026-01-01T07:45:00+00:00,2026-01-01T07:49:59.999000+00:00,94.33386456101886,96.08981311402376,93.2848982055541,94.65815534543202,117.5654987939559,12582.737335548332,193
2026-01-01T07:50:00+00:00,2026-01-01T07:54:59.999000+00:00,94.65815534543202,96.30129333255928,93.19773346040276,94.13575164864466,146.39042212774194,12430.387534315976,194
2026-01-01T07:55:00+00:00,2026-01-01T07:59:59.999000+00:00,94.13575164864466,95.1107797163177,92.97036639919723,93.79690287169095,106.91890292512778,9459.508460761474,195
2026-01-01T08:00:00+00:00,2026-01-01T08:04:59.999000+00:00,93.79690287169095,95.54433086293581,91.60468486822901,92.59667850454404,138.10273496597566,10015.988210045429,196
2026-01-01T08:05:00+00:00,2026-01-01T08:09:59.999000+00:00,92.59667850454404,95.42683464563306,91.48553340269935,94.41834529595059,145.17054703411245,9760.78365273315,197
2026-01-01T08:10:00+00:00,2026-01-01T08:14:59.999000+00:00,94.41834529595059,96.38990219487445,93.51427666689075,94.9579126096049,110.84238485984622,10412.832099028783,198
2026-01-01T08:15:00+00:00,2026-01-01T08:19:59.999000+00:00,94.9579126096049,96.23990219487445,93.66427666689076,95.86060663232027,141.1035668104953,10517.085698762225,199
2026-01-01T08:20:00+00:00,2026-01-01T08:24:59.999000+00:00,95.86060663232027,99.24256752238952,94.58617764466871,98.1450464574171,139.69447096518266,13326.77191085319,200
2026-01-01T08:25:00+00:00,2026-01-01T08:29:59.999000+00:00,98.1450464574171,99.9293935419862,97.08887954994499,98.93336662266282,131.36721801721683,12599.491573665333,201
2026-01-01T08:30:00+00:00,2026-01-01T08:34:59.999000+00:00,98.93336662266282,102.82766837416743,97.89866115293148,101.95738635659166,101.86142630362917,12769.61595485208,202
2026-01-01T08:35:00+00:00,2026-01-01T08:39:59.999000+00:00,101.95738635659166,104.3796949777538,100.3806530708128,103.83654403160078,148.52557809795044,15365.43590527907,203
2026-01-01T08:40:00+00:00,2026-01-01T08:44:59.999000+00:00,103.83654403160078,107.38418321191307,102.24116724576986,106.07930544304435,138.33117555314746,10631.93427031342,204
2026-01-01T08:45:00+00:00,2026-01-01T08:49:59.999000+00:00,106.07930544304435,108.07400748739421,104.2870131040509,106.87801585634989,108.00984556913815,13712.16178133715,205
2026-01-01T08:50:00+00:00,2026-01-01T08:54:59.999000+00:00,106.87801585634989,108.3172934831514,105.17974425143743,107.48037638533765,145.39865937325197,15166.373318528042,206
2026-01-01T08:55:00+00:00,2026-01-01T08:59:59.999000+00:00,107.48037638533765,108.77062611482253,106.9529286982712,108.0356101074656,148.90192936968708,14971.194496340895,207
2026-01-01T09:00:00+00:00,2026-01-01T09:04:59.999000+00:00,108.0356101074656,110.04996753043196,107.49922565314964,108.64168929398976,142.19949219486796,13714.760439358779,208
2026-01-01T09:05:00+00:00,2026-01-01T09:09:59.999000+00:00,108.64168929398976,109.50304040583273,107.03413805713545,107.82043162420335,140.69516579317215,13099.87442986339,209
2026-01-01T09:10:00+00:00,2026-01-01T09:14:59.999000+00:00,107.82043162420335,108.62519092827925,105.96879338783273,107.41738807203643,132.77993812715897,13995.818594538447,210
2026-01-01T09:15:00+00:00,2026-01-01T09:19:59.999000+00:00,107.41738807203643,108.47265173800807,106.39774580730307,107.39472008061202,104.50313336800231,15304.259442441067,211
2026-01-01T09:20:00+00:00,2026-01-01T09:24:59.999000+00:00,107.39472008061202,108.73334435569767,105.8667308841493,106.71192616492316,110.1960609597262,15077.699221078554,212
2026-01-01T09:25:00+00:00,2026-01-01T09:29:59.999000+00:00,106.71192616492316,108.39701709328322,105.04993911058129,106.23608113154225,107.28798617507243,15059.301384105242,213
2026-01-01T09:30:00+00:00,2026-01-01T09:34:59.999000+00:00,106.23608113154225,107.32209044012257,103.94475592636033,104.75653450598533,144.55336798755002,14474.35081529937,214
2026-01-01T09:35:00+00:00,2026-01-01T09:39:59.999000+00:00,104.75653450598533,106.49298066854465,103.62191702573294,104.46489119421639,125.69449919512857,14253.04558506497,215
2026-01-01T09:40:00+00:00,2026-01-01T09:44:59.999000+00:00,104.46489119421639,106.12309451260964,102.65053559287487,104.33470752498563,113.63526198396454,12318.59461649275,216
2026-01-01T09:45:00+00:00,2026-01-01T09:49:59.999000+00:00,104.33470752498563,106.04759927536381,103.10871570943304,105.301067033813,139.31671963068615,13712.830167882956,217
2026-01-01T09:50:00+00:00,2026-01-01T09:54:59.999000+00:00,105.301067033813,108.02586743436704,103.97862241479413,106.41305550926526,121.11144734332353,11096.899100711978,218
2026-01-01T09:55:00+00:00,2026-01-01T09:59:59.999000+00:00,106.41305550926526,107.21730071512684,105.50842550336456,106.53962277530138,146.8301143502503,12874.956882702982,219
2026-01-01T10:00:00+00:00,2026-01-01T10:04:59.999000+00:00,106.53962277530138,107.77885045110212,105.97633078659533,107.26647036648158,138.4236122315013,11439.612126642802,220
2026-01-01T10:05:00+00:00,2026-01-01T10:09:59.999000+00:00,107.26647036648158,108.62338786972208,105.36337968152046,106.3599372215633,140.6897574536051,12629.765700772125,221
2026-01-01T10:10:00+00:00,2026-01-01T10:14:59.999000+00:00,106.3599372215633,107.47487233875512,103.8872872993197,105.61714901463074,121.19680427331922,13672.286604393545,222
2026-01-01T10:15:00+00:00,2026-01-01T10:19:59.999000+00:00,105.61714901463074,106.92429306215354,103.9641350315545,105.52664561363554,113.27522549678602,11727.068425015223,223
2026-01-01T10:20:00+00:00,2026-01-01T10:24:59.999000+00:00,105.52664561363554,106.47317985688905,103.53181838668422,104.39924463088452,149.26534671339073,14243.031216555559,224
2026-01-01T10:25:00+00:00,2026-01-01T10:29:59.999000+00:00,104.39924463088452,105.19127755720487,101.73803374002053,102.62796241302536,122.51525027367971,13933.429027137523,225
2026-01-01T10:30:00+00:00,2026-01-01T10:34:59.999000+00:00,102.62796241302536,103.21674054283892,98.88813650592378,100.65944924782582,102.14650718187023,12354.366694702434,226
2026-01-01T10:35:00+00:00,2026-01-01T10:39:59.999000+00:00,100.65944924782582,102.30165037174328,97.37578430416754,98.98257577507809,149.9855962698668,10774.36264499068,227
2026-01-01T10:40:00+00:00,2026-01-01T10:44:59.999000+00:00,98.98257577507809,99.61051257593353,96.11492252321075,97.60333100541241,108.86637773943711,10129.526494413305,228
2026-01-01T10:45:00+00:00,2026-01-01T10:49:59.999000+00:00,97.60333100541241,98.81216467195385,94.07277060071705,94.93411857253402,103.24544968650225,9726.77351845448,229
2026-01-01T10:50:00+00:00,2026-01-01T10:54:59.999000+00:00,94.93411857253402,98.66216467195385,94.22277060071706,94.22277060071706,105.78677743140754,12368.535473586058,230
2026-01-01T10:55:00+00:00,2026-01-01T10:59:59.999000+00:00,94.37277060071706,98.51216467195384,94.37277060071706,94.37277060071706,104.77508469242198,13436.193314686087,231
2026-01-01T11:00:00+00:00,2026-01-01T11:04:59.999000+00:00,94.37277060071706,95.48812970143022,90.1156049865149,90.7413254673854,114.05200948285474,12244.54381551461,232
2026-01-01T11:05:00+00:00,2026-01-01T11:09:59.999000+00:00,90.7413254673854,93.59979052365833,89.64039216089193,91.87951799874767,122.7820960524276,9502.994476598307,233
2026-01-01T11:10:00+00:00,2026-01-01T11:14:59.999000+00:00,91.87951799874767,92.8377026213097,89.94155518956033,90.67875343959795,107.14239231917553,11317.089315171323,234
2026-01-01T11:15:00+00:00,2026-01-01T11:19:59.999000+00:00,90.67875343959795,92.00649370942915,89.32242699416904,91.22966211502455,115.98893798424946,11550.915296310764,235
2026-01-01T11:20:00+00:00,2026-01-01T11:24:59.999000+00:00,91.22966211502455,94.29981326104055,89.96555313856415,93.34618867737794,143.4003647922178,12477.020699616241,236
2026-01-01T11:25:00+00:00,2026-01-01T11:29:59.999000+00:00,93.34618867737794,95.01850121640007,92.32855674789026,93.60551953604981,122.79784718763798,9851.321056451709,237
2026-01-01T11:30:00+00:00,2026-01-01T11:34:59.999000+00:00,93.60551953604981,96.1511844129136,92.15789051789324,94.741600387396,126.97868443105878,14146.712684075106,238
2026-01-01T11:35:00+00:00,2026-01-01T11:39:59.999000+00:00,94.741600387396,95.52179859296002,92.47395853483864,94.10228953148702,120.56327443901324,10846.82361371962,239
2026-01-01T11:40:00+00:00,2026-01-01T11:44:59.999000+00:00,94.10228953148702,96.92762435451456,92.7888357132492,95.84741622045648,125.91380424840081,13698.331440373257,240
2026-01-01T11:45:00+00:00,2026-01-01T11:49:59.999000+00:00,95.84741622045648,96.40495603393104,94.5680469718767,95.53610100632423,103.14416023220798,13204.180022035365,241
2026-01-01T11:50:00+00:00,2026-01-01T11:54:59.999000+00:00,95.53610100632423,96.05498190840734,93.01075586081276,94.50793578888687,115.77400184934896,11912.935077720882,242
2026-01-01T11:55:00+00:00,2026-01-01T11:59:59.999000+00:00,94.50793578888687,95.20694519267943,92.70603757796093,94.21826125361213,143.6747014631576,13773.365041483004,243
2026-01-01T12:00:00+00:00,2026-01-01T12:04:59.999000+00:00,94.21826125361213,95.66905669817653,92.23899416572337,93.98591274912519,127.94055921967963,9732.47512739096,244
2026-01-01T12:05:00+00:00,2026-01-01T12:09:59.999000+00:00,93.98591274912519,94.91290631662102,92.0764842983984,93.07686838192289,115.3763060286437,11148.4975710718,245
2026-01-01T12:10:00+00:00,2026-01-01T12:14:59.999000+00:00,93.07686838192289,94.31780505093056,92.20357013210138,93.56595654642445,111.32273869450228,13190.560442817976,246
2026-01-01T12:15:00+00:00,2026-01-01T12:19:59.999000+00:00,93.56595654642445,95.04269310794426,92.75213419470376,94.22832567194979,107.46220909812688,10498.740267792438,247
2026-01-01T12:20:00+00:00,2026-01-01T12:24:59.999000+00:00,94.22832567194979,95.78046897579563,91.99414993611938,93.61187503269456,113.95366287807678,13705.510041567763,248
2026-01-01T12:25:00+00:00,2026-01-01T12:29:59.999000+00:00,93.61187503269456,95.86195035601301,92.45160269488836,94.58048170726937,142.2629373235336,11096.12556551738,249
2026-01-01T12:30:00+00:00,2026-01-01T12:34:59.999000+00:00,94.58048170726937,98.4443478707162,94.03806385950213,97.25840045695392,110.80536852495376,14019.602570940464,250
2026-01-01T12:35:00+00:00,2026-01-01T12:39:59.999000+00:00,97.25840045695392,99.63341396368958,95.65713054973232,98.31384834654496,138.17615471629628,12099.067599515975,251
2026-01-01T12:40:00+00:00,2026-01-01T12:44:59.999000+00:00,98.31384834654496,101.48114737891518,97.100697768814,100.36782398762422,133.7395743839091,12679.384590986308,252
2026-01-01T12:45:00+00:00,2026-01-01T12:49:59.999000+00:00,100.36782398762422,104.66840882995804,99.67878677409813,103.14614407548538,134.0562475512267,13275.11482474674,253
2026-01-01T12:50:00+00:00,2026-01-01T12:54:59.999000+00:00,103.14614407548538,104.83232320207237,101.84051803865296,103.94403076402675,124.28548137421342,11664.796107636952,254
2026-01-01T12:55:00+00:00,2026-01-01T12:59:59.999000+00:00,103.94403076402675,108.49585831710527,103.26608285800017,106.960532922913,103.14716928716098,15019.132604492006,255
2026-01-01T13:00:00+00:00,2026-01-01T13:04:59.999000+00:00,106.960532922913,108.22570981353797,105.89765199367466,107.10035796410575,115.7240617784529,13936.779769327844,256
2026-01-01T13:05:00+00:00,2026-01-01T13:09:59.999000+00:00,107.10035796410575,108.93443773690615,105.57167628629105,108.19123241138028,146.49814765313607,11387.269274835508,257
2026-01-01T13:10:00+00:00,2026-01-01T13:14:59.999000+00:00,108.19123241138028,109.62904020852692,107.15619911501443,108.55999669794859,143.81899207888964,15939.866320341063,258
2026-01-01T13:15:00+00:00,2026-01-01T13:19:59.999000+00:00,108.55999669794859,110.70300877779218,107.92514491648781,109.28926461483738,120.73629621823594,13809.141832918252,259
2026-01-01T13:20:00+00:00,2026-01-01T13:24:59.999000+00:00,109.28926461483738,110.62045824629743,107.05707475086811,107.87523650483762,116.50019365561552,15340.711649220015,260
2026-01-01T13:25:00+00:00,2026-01-01T13:29:59.999000+00:00,107.87523650483762,109.78579664500066,106.34744924737983,108.54168070468195,103.0916672361369,12554.09439165354,261
2026-01-01T13:30:00+00:00,2026-01-01T13:34:59.999000+00:00,108.54168070468195,109.18154360789451,105.20842885475298,106.49905112260926,145.87643049916568,14418.097934822725,262
2026-01-01T13:35:00+00:00,2026-01-01T13:39:59.999000+00:00,106.49905112260926,107.0133318801916,104.75692758482009,105.50641117984144,122.557561954036,12549.241104626208,263
2026-01-01T13:40:00+00:00,2026-01-01T13:44:59.999000+00:00,105.50641117984144,106.61199873754306,103.52047644565197,104.97579144242977,119.05280375231506,14066.793369638532,264
2026-01-01T13:45:00+00:00,2026-01-01T13:49:59.999000+00:00,104.97579144242977,105.65123227903285,103.13689133864544,104.25397500493806,137.27210509993964,11377.337309291743,265
2026-01-01T13:50:00+00:00,2026-01-01T13:54:59.999000+00:00,104.25397500493806,105.17024485446369,102.99207455424983,104.02070636252719,149.33925067523535,15525.581974155128,266
2026-01-01T13:55:00+00:00,2026-01-01T13:59:59.999000+00:00,104.02070636252719,106.19324172737696,102.97843981701195,105.1410753472265,125.92344776160968,15265.7940622509,267
2026-01-01T14:00:00+00:00,2026-01-01T14:04:59.999000+00:00,105.1410753472265,106.55132232989855,103.43691965876778,105.35975708703334,143.33626569124058,13998.367623425032,268
2026-01-01T14:05:00+00:00,2026-01-01T14:09:59.999000+00:00,105.35975708703334,105.86197811449995,104.47730372779263,105.10717646895438,132.12922049659323,12189.660799569812,269
2026-01-01T14:10:00+00:00,2026-01-01T14:14:59.999000+00:00,105.10717646895438,106.56036934295177,104.07252212536287,105.07862300396535,148.57758033440214,14937.1263077204,270
2026-01-01T14:15:00+00:00,2026-01-01T14:19:59.999000+00:00,105.07862300396535,106.79364493902865,103.78697912985886,105.29619493235705,137.25062452369193,13609.342572473091,271
2026-01-01T14:20:00+00:00,2026-01-01T14:24:59.999000+00:00,105.29619493235705,107.23758687839401,103.67054003462152,106.71155992937378,118.71380871547589,11352.47501694775,272
2026-01-01T14:25:00+00:00,2026-01-01T14:29:59.999000+00:00,106.71155992937378,108.01640528709035,104.06646061087459,105.09988019822895,125.10900243200462,13863.470924297897,273
2026-01-01T14:30:00+00:00,2026-01-01T14:34:59.999000+00:00,105.09988019822895,106.37982872752619,104.50355570448893,105.10432100907903,145.96626768774914,11904.217365962884,274
2026-01-01T14:35:00+00:00,2026-01-01T14:39:59.999000+00:00,105.10432100907903,106.47977114659047,101.20635109595825,102.94677868143364,103.5736488094694,14940.218611876275,275
2026-01-01T14:40:00+00:00,2026-01-01T14:44:59.999000+00:00,102.94677868143364,104.09957684272258,101.54622590242795,102.16785482398724,139.07923491048265,13093.810905846145,276
2026-01-01T14:45:00+00:00,2026-01-01T14:49:59.999000+00:00,102.16785482398724,103.48367844447507,99.61516128454754,100.62888177452679,133.00750693499197,13885.665758405348,277
2026-01-01T14:50:00+00:00,2026-01-01T14:54:59.999000+00:00,100.62888177452679,102.08752869858822,97.19294381604355,98.41351392597831,111.1886445981058,12443.425226980606,278
2026-01-01T14:55:00+00:00,2026-01-01T14:59:59.999000+00:00,98.41351392597831,100.04460377747982,95.22277795997168,96.17414844430495,137.87822293219438,10210.700466935072,279
2026-01-01T15:00:00+00:00,2026-01-01T15:04:59.999000+00:00,96.17414844430495,97.81985716864241,92.51393275302085,93.71040581950406,102.1279068602378,13031.724374416883,280
2026-01-01T15:05:00+00:00,2026-01-01T15:09:59.999000+00:00,93.71040581950406,95.30780929016092,91.89202393256689,93.21685329549543,111.97297759029624,10755.285874959956,281
2026-01-01T15:10:00+00:00,2026-01-01T15:14:59.999000+00:00,93.21685329549543,93.87770297840143,90.23555432838913,91.34062742473613,101.41219136317305,11879.236215925606,282
2026-01-01T15:15:00+00:00,2026-01-01T15:19:59.999000+00:00,91.34062742473613,92.60938825956508,89.0911398047801,90.19327635938032,138.84622522156937,11620.108917944348,283
2026-01-01T15:20:00+00:00,2026-01-01T15:24:59.999000+00:00,90.19327635938032,91.00266166830706,88.48868487145315,90.1886696806336,137.0240644471184,12605.006115363361,284
2026-01-01T15:25:00+00:00,2026-01-01T15:29:59.999000+00:00,90.1886696806336,92.8221471600913,88.59804459575545,91.82462492351924,115.48099610024687,11516.325810791583,285
2026-01-01T15:30:00+00:00,2026-01-01T15:34:59.999000+00:00,91.82462492351924,92.74186030905192,90.7030511533848,92.03387011880304,125.72823533840395,13418.304989764894,286
2026-01-01T15:35:00+00:00,2026-01-01T15:39:59.999000+00:00,92.03387011880304,94.34340492861469,90.75908694185573,93.14764531567732,140.90817410801665,9386.102609641444,287
2026-01-01T15:40:00+00:00,2026-01-01T15:44:59.999000+00:00,93.14764531567732,94.58567880408428,91.85679514313672,94.01321122668024,135.93895626215675,13073.471973986183,288
2026-01-01T15:45:00+00:00,2026-01-01T15:49:59.999000+00:00,94.01321122668024,95.9638129620728,93.39150610407131,94.50610314895609,103.48017311643237,13483.344018111344,289
2026-01-01T15:50:00+00:00,2026-01-01T15:54:59.999000+00:00,94.50610314895609,95.65399784206531,93.79666539790773,94.90319456085241,129.05495591668108,13393.003190516485,290
2026-01-01T15:55:00+00:00,2026-01-01T15:59:59.999000+00:00,94.90319456085241,96.49915376199655,93.98864555194838,95.76654533502301,133.39188938152063,10637.589237541104,291
2026-01-01T16:00:00+00:00,2026-01-01T16:04:59.999000+00:00,95.76654533502301,97.27618372247161,94.3050565674216,95.7068188569364,149.60021906281676,13198.833490627823,292
2026-01-01T16:05:00+00:00,2026-01-01T16:09:59.999000+00:00,95.7068188569364,97.27854774450441,93.71162274082286,95.39510059031021,110.39064339205778,12576.046649170672,293
2026-01-01T16:10:00+00:00,2026-01-01T16:14:59.999000+00:00,95.39510059031021,97.17163310668602,94.44380223942234,94.97261293274244,145.80214980181515,10126.09787936141,294
2026-01-01T16:15:00+00:00,2026-01-01T16:19:59.999000+00:00,94.97261293274244,95.98786164270513,94.3411637332258,95.20770779366126,101.93559817765215,11356.825517154542,295
2026-01-01T16:20:00+00:00,2026-01-01T16:24:59.999000+00:00,95.20770779366126,95.80817365542487,93.6271618989335,94.93787768656671,113.41463930497176,11699.515935498257,296
2026-01-01T16:25:00+00:00,2026-01-01T16:29:59.999000+00:00,94.93787768656671,95.6484031624367,93.55817209793483,94.35883809333771,124.25966337652355,13381.065132662947,297
2026-01-01T16:30:00+00:00,2026-01-01T16:34:59.999000+00:00,94.35883809333771,95.9550760089774,93.80862399397982,94.76609323300842,133.3809321903416,13250.501569814522,298
2026-01-01T16:35:00+00:00,2026-01-01T16:39:59.999000+00:00,94.76609323300842,95.4654290257594,93.33979432099737,94.74602269779942,133.86348929135676,10855.327438507436,299
2026-01-01T16:40:00+00:00,2026-01-01T16:44:59.999000+00:00,94.74602269779942,96.95778285005595,93.13273354608877,95.96146956348773,147.62645141698368,14270.329946507807,300
2026-01-01T16:45:00+00:00,2026-01-01T16:49:59.999000+00:00,95.96146956348773,98.842991431511,94.96479655563198,97.39134506937668,124.2959515062908,13894.081167786067,301
2026-01-01T16:50:00+00:00,2026-01-01T16:54:59.999000+00:00,97.39134506937668,100.74723920432604,96.59199744560694,99.43196931850464,142.5456216989022,13953.330087217535,302
2026-01-01T16:55:00+00:00,2026-01-01T16:59:59.999000+00:00,99.43196931850464,101.97362142786346,97.8258940218411,100.89898552458531,101.46132214641531,11773.571710748145,303
2026-01-01T17:00:00+00:00,2026-01-01T17:04:59.999000+00:00,100.89898552458531,103.50225551131925,99.5372333909216,102.94029971716418,127.34843928518573,12555.4577514061,304
2026-01-01T17:05:00+00:00,2026-01-01T17:09:59.999000+00:00,102.94029971716418,106.56900599347979,101.14203762937164,104.78716080076534,103.75486749974365,11948.201803141488,305
2026-01-01T17:10:00+00:00,2026-01-01T17:14:59.999000+00:00,104.78716080076534,108.13427914478298,103.43122884661362,107.36407061222755,128.57124632822521,11397.183667805935,306
2026-01-01T17:15:00+00:00,2026-01-01T17:19:59.999000+00:00,107.36407061222755,110.15039860236683,106.20768547283957,109.07122814249625,100.84873396772622,11799.216261555077,307
2026-01-01T17:20:00+00:00,2026-01-01T17:24:59.999000+00:00,109.07122814249625,110.46600552612118,107.73558314095382,109.32258772605013,119.37155890644246,16249.143293656229,308
2026-01-01T17:25:00+00:00,2026-01-01T17:29:59.999000+00:00,109.32258772605013,111.00202358167226,108.64757826830373,109.67474259870426,103.06344524552709,15132.98642939019,309
2026-01-01T17:30:00+00:00,2026-01-01T17:34:59.999000+00:00,109.67474259870426,111.4056493520864,108.19140126235817,109.33515585309185,104.55324317309629,15208.275177736467,310
2026-01-01T17:35:00+00:00,2026-01-01T17:39:59.999000+00:00,109.33515585309185,110.6995963218776,108.25840258989504,109.07172862329539,147.4685186250157,15630.700994458315,311
2026-01-01T17:40:00+00:00,2026-01-01T17:44:59.999000+00:00,109.07172862329539,110.83090267081765,106.53623355705867,107.43274247984554,107.9236581123319,10863.898271777107,312
2026-01-01T17:45:00+00:00,2026-01-01T17:49:59.999000+00:00,107.43274247984554,108.68868023189955,105.44241271313332,106.46395405046484,111.6669453299354,14756.456160439133,313
2026-01-01T17:50:00+00:00,2026-01-01T17:54:59.999000+00:00,106.46395405046484,107.48127356994526,105.12108879913777,106.52772045451931,116.7035334683177,13499.240260770443,314
2026-01-01T17:55:00+00:00,2026-01-01T17:59:59.999000+00:00,106.52772045451931,107.88860492016791,105.20341926444327,105.8348320106979,118.84056265858051,15319.325897436394,315
2026-01-01T18:00:00+00:00,2026-01-01T18:04:59.999000+00:00,105.8348320106979,107.11849503277956,102.29706340830454,104.04072627158403,111.72032537809447,11077.829493360317,316
2026-01-01T18:05:00+00:00,2026-01-01T18:09:59.999000+00:00,104.04072627158403,105.29136853264758,102.78389631210257,104.48902538086327,119.54866044012554,14704.260297385423,317
2026-01-01T18:10:00+00:00,2026-01-01T18:14:59.999000+00:00,104.48902538086327,106.06972617306897,103.48158383709433,104.95003061674734,123.63753196580889,10646.332056303412,318
2026-01-01T18:15:00+00:00,2026-01-01T18:19:59.999000+00:00,104.95003061674734,105.91589772179276,103.15053765262307,103.89639590820482,147.4597447956169,12531.581771750598,319
2026-01-01T18:20:00+00:00,2026-01-01T18:24:59.999000+00:00,103.89639590820482,105.9705506508351,102.37585776335038,104.77903531756175,115.03900901665729,13952.61011265279,320
2026-01-01T18:25:00+00:00,2026-01-01T18:29:59.999000+00:00,104.77903531756175,106.10431639211562,103.57706618446309,104.6716450073818,103.82739907214805,11558.527602919976,321
2026-01-01T18:30:00+00:00,2026-01-01T18:34:59.999000+00:00,104.6716450073818,106.94696659018328,104.02108562908916,106.32648275784807,119.80410744676638,12111.961946111423,322
2026-01-01T18:35:00+00:00,2026-01-01T18:39:59.999000+00:00,106.32648275784807,107.06845072486294,104.10726777658247,105.37315478217374,115.62828272892456,12850.022896416014,323
2026-01-01T18:40:00+00:00,2026-01-01T18:44:59.999000+00:00,105.37315478217374,105.92902952851257,103.99453953608075,105.23713422240306,146.45420984833936,15039.54273131683,324
2026-01-01T18:45:00+00:00,2026-01-01T18:49:59.999000+00:00,105.23713422240306,106.18949805771676,101.95233075768327,103.67314179962064,111.82623879296227,12351.985953619247,325
2026-01-01T18:50:00+00:00,2026-01-01T18:54:59.999000+00:00,103.67314179962064,104.17789672977224,101.21166955970826,102.30606270799014,131.20445226752136,11144.325470441028,326
2026-01-01T18:55:00+00:00,2026-01-01T18:59:59.999000+00:00,102.30606270799014,103.76702407144371,100.82718609915996,101.72057101485217,113.88912891674119,11612.161322433441,327
2026-01-01T19:00:00+00:00,2026-01-01T19:04:59.999000+00:00,101.72057101485217,103.1278473312619,98.31977943542489,99.77905732956388,149.21092255643944,11196.07377795209,328
2026-01-01T19:05:00+00:00,2026-01-01T19:09:59.999000+00:00,99.77905732956388,100.28494559892232,95.13907151504243,96.58832029167729,141.5340292811004,10049.947790793878,329
2026-01-01T19:10:00+00:00,2026-01-01T19:14:59.999000+00:00,96.58832029167729,97.66074896795607,93.5399135130234,95.20610046156374,109.5528162371216,9654.162374032583,330
2026-01-01T19:15:00+00:00,2026-01-01T19:19:59.999000+00:00,95.20610046156374,96.04306995059429,92.84484067787875,94.22828822151327,116.69797523385904,13542.594964184476,331
2026-01-01T19:20:00+00:00,2026-01-01T19:24:59.999000+00:00,94.22828822151327,95.97929816988378,90.92730546395285,91.67439960262499,118.6509637118924,11095.59899335047,332
2026-01-01T19:25:00+00:00,2026-01-01T19:29:59.999000+00:00,91.67439960262499,92.18990617677608,89.80137314343045,90.5781657660742,109.47314574011982,12606.714850501256,333
2026-01-01T19:30:00+00:00,2026-01-01T19:34:59.999000+00:00,90.5781657660742,92.24516142398964,89.96966995641904,91.18061851164053,139.85775984225668,11191.268958214356,334
2026-01-01T19:35:00+00:00,2026-01-01T19:39:59.999000+00:00,91.18061851164053,92.10776868873954,88.6365448331546,89.9823219948703,131.474037415718,13377.125993243653,335
2026-01-01T19:40:00+00:00,2026-01-01T19:44:59.999000+00:00,89.9823219948703,91.38383505326048,88.80253533070476,90.35679425050945,108.06867427854765,9665.707880075666,336
2026-01-01T19:45:00+00:00,2026-01-01T19:49:59.999000+00:00,90.35679425050945,92.7769737800228,89.27474110389343,91.65784806504696,104.49692148025801,12918.50576019202,337
2026-01-01T19:50:00+00:00,2026-01-01T19:54:59.999000+00:00,91.65784806504696,94.59767319018626,90.74440003012039,93.29102736869494,106.72495049595133,13458.68809934595,338
2026-01-01T19:55:00+00:00,2026-01-01T19:59:59.999000+00:00,93.29102736869494,94.34273599842963,92.34961227105174,93.36034598882067,111.2565214712337,11516.520740421603,339
2026-01-01T20:00:00+00:00,2026-01-01T20:04:59.999000+00:00,93.36034598882067,96.18464871656165,91.75677733669644,94.61811860576877,129.40907175747904,11248.577670132612,340
2026-01-01T20:05:00+00:00,2026-01-01T20:09:59.999000+00:00,94.61811860576877,95.2561481277884,93.09888500545755,94.64981035348524,125.45148392469002,14056.464174401288,341
2026-01-01T20:10:00+00:00,2026-01-01T20:14:59.999000+00:00,94.64981035348524,97.75850734779038,94.01390723953246,96.36171991762973,140.48353288378868,13415.91899264575,342
2026-01-01T20:15:00+00:00,2026-01-01T20:19:59.999000+00:00,96.36171991762973,97.02579920484477,94.85140530814877,95.62710818454667,134.43706318466462,12359.804212808927,343
2026-01-01T20:20:00+00:00,2026-01-01T20:24:59.999000+00:00,95.62710818454667,97.81390773489915,95.08796337505773,96.46325082209262,145.091421428897,10505.989375328876,344
2026-01-01T20:25:00+00:00,2026-01-01T20:29:59.999000+00:00,96.46325082209262,97.94794724973201,95.05567001949174,95.96781591834142,132.24457720123087,11937.696241278843,345
2026-01-01T20:30:00+00:00,2026-01-01T20:34:59.999000+00:00,95.96781591834142,97.30947501835409,95.02215332809624,95.53643243868169,134.46223141342207,10891.347406161934,346
2026-01-01T20:35:00+00:00,2026-01-01T20:39:59.999000+00:00,95.53643243868169,96.27241701257608,93.86901720524317,94.73299102087553,103.58739379210678,10980.039876074825,347
2026-01-01T20:40:00+00:00,2026-01-01T20:44:59.999000+00:00,94.73299102087553,95.39576095279033,93.54390574618208,94.53561179776648,113.19983144949606,9582.341500025195,348
2026-01-01T20:45:00+00:00,2026-01-01T20:49:59.999000+00:00,94.53561179776648,95.42600348482844,92.7786512969366,94.34340040986048,142.81964815315956,12699.85004812812,349
2026-01-01T20:50:00+00:00,2026-01-01T20:54:59.999000+00:00,94.34340040986048,96.28158470530691,92.98651064398649,95.36450715330203,105.25300482614884,11567.392219134885,350
2026-01-01T20:55:00+00:00,2026-01-01T20:59:59.999000+00:00,95.36450715330203,97.70252191314853,94.73854962644097,96.50313829294399,122.91770618833633,11133.592644362794,351
2026-01-01T21:00:00+00:00,2026-01-01T21:04:59.999000+00:00,96.50313829294399,100.70921146346245,95.41980528873893,98.9731389744332,102.03690467028721,10591.612487854303,352
2026-01-01T21:05:00+00:00,2026-01-01T21:09:59.999000+00:00,98.9731389744332,101.26974163650168,98.11930868613209,99.91055159600913,111.77228740834956,11264.46419490483,353
2026-01-01T21:10:00+00:00,2026-01-01T21:14:59.999000+00:00,99.91055159600913,103.74208068125358,99.06294996286995,101.95010939381328,101.62329359479514,12873.040839592572,354
2026-01-01T21:15:00+00:00,2026-01-01T21:19:59.999000+00:00,101.95010939381328,106.28506884074528,101.00163414064305,104.74945760799848,119.61567884262689,13288.602035041802,355
2026-01-01T21:20:00+00:00,2026-01-01T21:24:59.999000+00:00,104.74945760799848,107.22182034567382,104.02038911241755,106.5700131137794,111.22814244504492,14483.808048365088,356
2026-01-01T21:25:00+00:00,2026-01-01T21:29:59.999000+00:00,106.5700131137794,110.08536516164806,105.12871134700127,108.40287548879371,139.93376713071132,12991.384993954456,357
2026-01-01T21:30:00+00:00,2026-01-01T21:34:59.999000+00:00,108.40287548879371,109.71082266319239,106.94001384559468,108.14536570503937,142.18630871202586,13322.71474666374,358
2026-01-01T21:35:00+00:00,2026-01-01T21:39:59.999000+00:00,108.14536570503937,110.41592912909758,106.7073537578258,109.83716684294207,144.46096565042987,12137.777740712629,359
2026-01-01T21:40:00+00:00,2026-01-01T21:44:59.999000+00:00,109.83716684294207,111.36058495155504,107.62525147983943,109.40854785979909,111.42519429184696,14712.161993465335,360
2026-01-01T21:45:00+00:00,2026-01-01T21:49:59.999000+00:00,109.40854785979909,110.372218544394,107.73775502718318,109.70547542170287,144.28711216319954,12046.11613791477,361
2026-01-01T21:50:00+00:00,2026-01-01T21:54:59.999000+00:00,109.70547542170287,110.94662551110297,106.67641550433731,108.44981495345905,133.5705476906287,14913.301704572175,362
2026-01-01T21:55:00+00:00,2026-01-01T21:59:59.999000+00:00,108.44981495345905,109.83593651303717,106.8110514389251,107.7887856823143,123.8643453588721,11931.011832881142,363
2026-01-01T22:00:00+00:00,2026-01-01T22:04:59.999000+00:00,107.7887856823143,108.46255512422171,106.26851598466108,106.94832280814413,130.06289405764483,14738.971031684903,364
2026-01-01T22:05:00+00:00,2026-01-01T22:09:59.999000+00:00,106.94832280814413,108.45365617689657,103.76513821363407,105.22730123806255,137.42522209040533,13600.829086604484,365
2026-01-01T22:10:00+00:00,2026-01-01T22:14:59.999000+00:00,105.22730123806255,107.47901538658797,104.2038695861195,105.7055721020846,135.24352235381406,13881.013811214489,366
2026-01-01T22:15:00+00:00,2026-01-01T22:19:59.999000+00:00,105.7055721020846,106.31492541299988,103.2042430816068,104.19417406802087,133.02247500557434,15562.194033017184,367
2026-01-01T22:20:00+00:00,2026-01-01T22:24:59.999000+00:00,104.19417406802087,105.67717383258356,102.87925084124706,104.82510712689586,117.18269755074472,10849.371423366418,368
2026-01-01T22:25:00+00:00,2026-01-01T22:29:59.999000+00:00,104.82510712689586,106.41602704211074,102.59099276340373,103.72066502544038,102.40061265065702,11309.786281784633,369
2026-01-01T22:30:00+00:00,2026-01-01T22:34:59.999000+00:00,103.72066502544038,105.39817035955387,102.08026107910256,104.28336202012262,148.61296269382834,11333.319884460747,370
2026-01-01T22:35:00+00:00,2026-01-01T22:39:59.999000+00:00,104.28336202012262,106.9923670574547,103.52478125519467,105.24442574915552,113.33809694935694,13390.49534490911,371
2026-01-01T22:40:00+00:00,2026-01-01T22:44:59.999000+00:00,105.24442574915552,105.94948418700245,104.02458373906354,105.11090841178965,134.096118962265,11753.086273012823,372
2026-01-01T22:45:00+00:00,2026-01-01T22:49:59.999000+00:00,105.11090841178965,106.17697913483507,102.50631263001479,104.20767644141894,103.54092506913906,11859.569023977449,373
2026-01-01T22:50:00+00:00,2026-01-01T22:54:59.999000+00:00,104.20767644141894,105.31444426790705,102.8337779592548,104.64076406588607,106.72257976725392,10701.918321941594,374
2026-01-01T22:55:00+00:00,2026-01-01T22:59:59.999000+00:00,104.64076406588607,105.4610080016843,103.016998305708,104.5636433345142,128.79243953615642,12351.518663871062,375
2026-01-01T23:00:00+00:00,2026-01-01T23:04:59.999000+00:00,104.5636433345142,105.182605547391,102.07457353481126,103.80592873454567,127.94508883902266,14595.490297120317,376
2026-01-01T23:05:00+00:00,2026-01-01T23:09:59.999000+00:00,103.80592873454567,105.4521219963581,101.01844968313817,101.62241977013274,100.18187682409089,13198.235432966456,377
2026-01-01T23:10:00+00:00,2026-01-01T23:14:59.999000+00:00,101.62241977013274,102.70412221757941,98.09620467340216,99.82481794369463,108.86488023802568,12912.159736918591,378
2026-01-01T23:15:00+00:00,2026-01-01T23:19:59.999000+00:00,99.82481794369463,101.50216867929497,98.39053811682031,99.05852126361945,119.22356877280451,14064.716797619587,379
2026-01-01T23:20:00+00:00,2026-01-01T23:24:59.999000+00:00,99.05852126361945,100.2167957881381,94.35079495231042,95.91355165420204,123.45906723028078,9870.68465042006,380
2026-01-01T23:25:00+00:00,2026-01-01T23:29:59.999000+00:00,95.91355165420204,96.46453258025055,93.93585677980383,95.11115251041619,120.87705818545105,10859.308590979834,381
2026-01-01T23:30:00+00:00,2026-01-01T23:34:59.999000+00:00,95.11115251041619,95.72809587265888,90.75820931232177,92.1750018477096,107.52324456654173,12211.347751226825,382
2026-01-01T23:35:00+00:00,2026-01-01T23:39:59.999000+00:00,92.1750018477096,93.0037025899222,90.22068219668654,90.75931433125332,120.73089775174593,9737.58824595107,383
2026-01-01T23:40:00+00:00,2026-01-01T23:44:59.999000+00:00,90.75931433125332,91.7092705433302,89.50265112565913,90.79821065421503,107.6201246773384,13584.307381747229,384
2026-01-01T23:45:00+00:00,2026-01-01T23:49:59.999000+00:00,90.79821065421503,91.42392342290069,89.27995305281347,90.88667288522046,137.71301305080476,9967.546690412657,385
2026-01-01T23:50:00+00:00,2026-01-01T23:54:59.999000+00:00,90.88667288522046,91.46020884922542,88.62622208936537,89.69654986528383,135.59648857403673,11218.800551113012,386
2026-01-01T23:55:00+00:00,2026-01-01T23:59:59.999000+00:00,89.69654986528383,91.3634640709412,87.98510805198188,90.75204824112826,143.85210797437102,11051.581339266964,387
2026-01-02T00:00:00+00:00,2026-01-02T00:04:59.999000+00:00,90.75204824112826,93.06254525744697,89.93724878962277,92.37416436270564,149.672129595986,11327.538580080596,388
2026-01-02T00:05:00+00:00,2026-01-02T00:09:59.999000+00:00,92.37416436270564,94.07535755413504,90.4470291825143,92.112664815849,103.86853329707351,10954.695193070656,389
2026-01-02T00:10:00+00:00,2026-01-02T00:14:59.999000+00:00,92.112664815849,94.54220271924574,90.33833331350907,93.00784490633879,122.61232520644194,10927.823851455161,390
2026-01-02T00:15:00+00:00,2026-01-02T00:19:59.999000+00:00,93.00784490633879,96.02756884448169,91.77698118486094,94.8979824170762,124.5428966501195,11774.999758752094,391
2026-01-02T00:20:00+00:00,2026-01-02T00:24:59.999000+00:00,94.8979824170762,97.34287795945997,94.19078870902133,96.16070738079763,147.01476841118034,12039.96202251156,392
2026-01-02T00:25:00+00:00,2026-01-02T00:29:59.999000+00:00,96.16070738079763,97.34499722882649,94.88208274325622,95.57922355162658,107.15461172601432,13251.479363274013,393
2026-01-02T00:30:00+00:00,2026-01-02T00:34:59.999000+00:00,95.57922355162658,98.14043185342915,94.10590254829596,96.50992664553831,141.07830460684116,11979.005601585888,394
2026-01-02T00:35:00+00:00,2026-01-02T00:39:59.999000+00:00,96.50992664553831,98.16217576036877,94.3605394682329,95.80380882858042,119.95825493223172,14118.490841706227,395
2026-01-02T00:40:00+00:00,2026-01-02T00:44:59.999000+00:00,95.80380882858042,96.71066829594491,95.13787868424632,96.02891444213795,128.02934951421037,12174.974635744436,396
2026-01-02T00:45:00+00:00,2026-01-02T00:49:59.999000+00:00,96.02891444213795,97.58124897109171,95.02850320482557,95.78223597821892,127.85004738992706,14093.412719790385,397
2026-01-02T00:50:00+00:00,2026-01-02T00:54:59.999000+00:00,95.78223597821892,96.71913341508345,93.79276639328661,95.53645277182332,125.034974748047,12922.698921341007,398
2026-01-02T00:55:00+00:00,2026-01-02T00:59:59.999000+00:00,95.53645277182332,96.40963176277337,94.9215218443757,95.67774493321576,107.21672582811892,13397.655852508486,399
2026-01-02T01:00:00+00:00,2026-01-02T01:04:59.999000+00:00,95.67774493321576,96.43301942060549,94.14803974715704,95.74902831616805,125.92267428807365,11588.891672346783,400
2026-01-02T01:05:00+00:00,2026-01-02T01:09:59.999000+00:00,95.74902831616805,98.49504610036743,95.21953055194196,96.73178980342009,148.66247982846355,12888.372043822608,401
2026-01-02T01:10:00+00:00,2026-01-02T01:14:59.999000+00:00,96.73178980342009,98.40246511926304,95.86965877856125,96.94741408621113,127.59683526104794,12771.397371120065,402
2026-01-02T01:15:00+00:00,2026-01-02T01:19:59.999000+00:00,96.94741408621113,100.41285681701729,96.00335064229378,98.80975012739971,103.69521638851828,13550.195330816707,403
2026-01-02T01:20:00+00:00,2026-01-02T01:24:59.999000+00:00,98.80975012739971,102.11613310391283,97.63438645223849,100.33173391624884,148.22646089335208,11365.502908487399,404
2026-01-02T01:25:00+00:00,2026-01-02T01:29:59.999000+00:00,100.33173391624884,104.26529889124508,99.31267239693187,102.74300467820449,133.94277717092285,15252.684560137988,405
2026-01-02T01:30:00+00:00,2026-01-02T01:34:59.999000+00:00,102.74300467820449,106.00243035851432,102.20961395175648,104.77051276598705,135.26158486253195,14442.194738234955,406
2026-01-02T01:35:00+00:00,2026-01-02T01:39:59.999000+00:00,104.77051276598705,108.24342358525166,103.5963258033746,106.67718815021509,112.21507066410493,12500.002729231946,407
2026-01-02T01:40:00+00:00,2026-01-02T01:44:59.999000+00:00,106.67718815021509,110.26462881027216,104.8824603764587,108.79835855767773,101.04308557478906,13818.092369803016,408
2026-01-02T01:45:00+00:00,2026-01-02T01:49:59.999000+00:00,108.79835855767773,110.22265146604931,107.23127641260815,108.65464749117199,106.06744842981934,12195.7645588721,409
2026-01-02T01:50:00+00:00,2026-01-02T01:54:59.999000+00:00,108.65464749117199,110.945923691879,107.21551127386196,109.76320133075684,107.13212500168441,12098.360055727553,410
2026-01-02T01:55:00+00:00,2026-01-02T01:59:59.999000+00:00,109.76320133075684,111.13022078827134,108.56010953917108,109.26796435799487,100.9696112429441,14217.07714828998,411
2026-01-02T02:00:00+00:00,2026-01-02T02:04:59.999000+00:00,109.26796435799487,111.24674494270633,108.09835629790616,109.72076796330813,145.4515573777059,13481.925373667857,412
2026-01-02T02:05:00+00:00,2026-01-02T02:09:59.999000+00:00,109.72076796330813,110.3309098593541,107.91905843539969,108.9448425508721,109.65992491352313,16330.647719067165,413
2026-01-02T02:10:00+00:00,2026-01-02T02:14:59.999000+00:00,108.9448425508721,110.73965942847447,107.16768954549754,107.97622863807044,115.5190132813322,15271.11895059832,414
2026-01-02T02:15:00+00:00,2026-01-02T02:19:59.999000+00:00,107.97622863807044,108.50969458140275,105.12375188406249,106.29883013698479,121.46100319061962,15384.872207913655,415
2026-01-02T02:20:00+00:00,2026-01-02T02:24:59.999000+00:00,106.29883013698479,106.94580893705913,104.3739514368017,106.09357005411978,149.38348919104155,14159.62370556873,416
2026-01-02T02:25:00+00:00,2026-01-02T02:29:59.999000+00:00,106.09357005411978,106.85157229825813,104.22470309844684,105.1342610988006,144.62661376621082,10790.989306553867,417
2026-01-02T02:30:00+00:00,2026-01-02T02:34:59.999000+00:00,105.1342610988006,106.18423656091994,103.14758330735899,104.6039031877344,115.89251930841642,10714.043415731368,418
2026-01-02T02:35:00+00:00,2026-01-02T02:39:59.999000+00:00,104.6039031877344,106.26393508507769,101.76620733865236,103.05087184805733,104.87365839334423,11496.3029732602,419
2026-01-02T02:40:00+00:00,2026-01-02T02:44:59.999000+00:00,103.05087184805733,105.33368802929812,101.38955790656193,103.7339614303746,148.18767739187302,11113.185477056846,420
2026-01-02T02:45:00+00:00,2026-01-02T02:49:59.999000+00:00,103.7339614303746,104.9604027028472,102.41712597854966,104.44088454939019,140.6525916674553,10587.622559714999,421
2026-01-02T02:50:00+00:00,2026-01-02T02:54:59.999000+00:00,104.44088454939019,105.54482411038248,102.85838783934135,103.80259530047337,146.11038577452712,10978.3682904806,422
2026-01-02T02:55:00+00:00,2026-01-02T02:59:59.999000+00:00,103.80259530047337,105.64136766159683,103.27726844615057,103.85340158551045,128.61427975891232,14806.814340202285,423
2026-01-02T03:00:00+00:00,2026-01-02T03:04:59.999000+00:00,103.85340158551045,104.98181079883108,102.23144341340789,103.85838919267472,107.4085256787401,11244.86649221004,424
2026-01-02T03:05:00+00:00,2026-01-02T03:09:59.999000+00:00,103.85838919267472,104.68081533406372,102.99038082481279,103.86796546325141,133.47356932057596,15341.63924068257,425
2026-01-02T03:10:00+00:00,2026-01-02T03:14:59.999000+00:00,103.86796546325141,105.30316920326375,102.18843758524191,103.98478100390055,113.20553790472073,12246.225544449911,426
2026-01-02T03:15:00+00:00,2026-01-02T03:19:59.999000+00:00,103.98478100390055,104.50454888254278,100.58162520086904,102.1132952660484,136.80684700864126,13192.08979443442,427
2026-01-02T03:20:00+00:00,2026-01-02T03:24:59.999000+00:00,102.1132952660484,103.36947870956445,100.75449608492767,101.8473186201013,124.65522176870692,12436.426343749303,428
2026-01-02T03:25:00+00:00,2026-01-02T03:29:59.999000+00:00,101.8473186201013,102.68678775813251,98.60657947509037,100.03070773237306,119.07700841117399,14338.362720061976,429
2026-01-02T03:30:00+00:00,2026-01-02T03:34:59.999000+00:00,100.03070773237306,100.53944010180936,96.70362941421536,97.72797113910897,114.24930867558142,10479.609624382147,430
2026-01-02T03:35:00+00:00,2026-01-02T03:39:59.999000+00:00,97.72797113910897,99.25738527632468,95.25768609925002,95.88737698595016,125.756538751015,13652.874492060595,431
2026-01-02T03:40:00+00:00,2026-01-02T03:44:59.999000+00:00,95.88737698595016,97.23488897039016,93.011359166995,94.36165420650292,125.22126969913586,11535.021747692885,432
2026-01-02T03:45:00+00:00,2026-01-02T03:49:59.999000+00:00,94.36165420650292,95.31079831123812,91.36021976476432,92.8679790521679,109.79641173773823,11458.396205613693,433
2026-01-02T03:50:00+00:00,2026-01-02T03:54:59.999000+00:00,92.8679790521679,93.84671204443696,89.31146485216111,90.63732620578068,133.47848965572294,9243.504450850567,434
2026-01-02T03:55:00+00:00,2026-01-02T03:59:59.999000+00:00,90.63732620578068,91.4883695878314,89.25819516684801,90.45310640403856,105.59737877352124,10822.980098712967,435
2026-01-02T04:00:00+00:00,2026-01-02T04:04:59.999000+00:00,90.45310640403856,91.2843256946341,88.31545788263514,89.55182669576128,104.79579000450127,11605.72020065842,436
2026-01-02T04:05:00+00:00,2026-01-02T04:09:59.999000+00:00,89.55182669576128,91.09666944385354,88.7813426738284,89.67159354303863,144.97177913594777,9654.03246650697,437
2026-01-02T04:10:00+00:00,2026-01-02T04:14:59.999000+00:00,89.67159354303863,91.1508275220965,88.43562200330989,90.14013148648039,111.34635861291777,10835.543431443893,438
2026-01-02T04:15:00+00:00,2026-01-02T04:19:59.999000+00:00,90.14013148648039,92.46155593899164,89.16063532682135,91.01955520468294,118.56222219745892,11964.616155184329,439
2026-01-02T04:20:00+00:00,2026-01-02T04:24:59.999000+00:00,91.01955520468294,94.35887833036497,90.0273488774991,93.21798719080738,101.92342454074667,13612.690073163825,440
2026-01-02T04:25:00+00:00,2026-01-02T04:29:59.999000+00:00,93.21798719080738,94.01113988938229,92.29314348160688,93.37388115936464,138.70442619660326,13708.174667691177,441
2026-01-02T04:30:00+00:00,2026-01-02T04:34:59.999000+00:00,93.37388115936464,96.31752344993762,91.60051957253428,94.58906195088645,125.03338665815296,11882.373396632496,442
2026-01-02T04:35:00+00:00,2026-01-02T04:39:59.999000+00:00,94.58906195088645,95.79335725619225,93.56650391018657,95.08535439837948,125.96086309442583,13167.476636865218,443
2026-01-02T04:40:00+00:00,2026-01-02T04:44:59.999000+00:00,95.08535439837948,96.86712424164831,93.62837514858447,95.91119943232289,110.54493850723601,14367.28432884573,444
2026-01-02T04:45:00+00:00,2026-01-02T04:49:59.999000+00:00,95.91119943232289,97.39888925419109,94.9002661577796,96.2215607530027,102.32384347082434,10656.312209816762,445
2026-01-02T04:50:00+00:00,2026-01-02T04:54:59.999000+00:00,96.2215607530027,98.11270488103281,95.59307915745846,96.47665871545435,122.9067523365984,13273.49896511484,446
2026-01-02T04:55:00+00:00,2026-01-02T04:59:59.999000+00:00,96.47665871545435,97.17605540086736,95.50595764430587,96.10036732761986,148.71807872522027,12729.693272898949,447
2026-01-02T05:00:00+00:00,2026-01-02T05:04:59.999000+00:00,96.10036732761986,97.16181739649817,93.56577905757857,95.31745417239098,103.32708195954129,10374.583602941133,448
2026-01-02T05:05:00+00:00,2026-01-02T05:09:59.999000+00:00,95.31745417239098,97.21757567099483,93.76803698116437,95.52495304663259,103.81132678168558,10748.061863342355,449
2026-01-02T05:10:00+00:00,2026-01-02T05:14:59.999000+00:00,95.52495304663259,96.26748895147846,94.42580229048826,95.55555868566,113.49899514942507,10088.161416391229,450
2026-01-02T05:15:00+00:00,2026-01-02T05:19:59.999000+00:00,95.55555868566,97.98205452313795,94.89955902789669,96.5704892619625,108.09840306887278,10390.95111123608,451
2026-01-02T05:20:00+00:00,2026-01-02T05:24:59.999000+00:00,96.5704892619625,97.9440512951179,95.01251183726575,96.7992503014746,121.66030474477897,11755.246478554081,452
2026-01-02T05:25:00+00:00,2026-01-02T05:29:59.999000+00:00,96.7992503014746,100.24051613663205,95.72378768827316,98.97049255861373,137.71906173762807,14837.74006114465,453
2026-01-02T05:30:00+00:00,2026-01-02T05:34:59.999000+00:00,98.97049255861373,101.01575107249906,98.15250919775572,99.82522695077996,127.00530959714156,10919.084031501347,454
2026-01-02T05:35:00+00:00,2026-01-02T05:39:59.999000+00:00,99.82522695077996,102.94347801131923,98.65950130440942,101.98163858942375,131.02627922339386,10335.135980739722,455
2026-01-02T05:40:00+00:00,2026-01-02T05:44:59.999000+00:00,101.98163858942375,105.13619803268153,100.25481436204626,104.24502054917615,140.82939658523446,14388.372993529512,456
2026-01-02T05:45:00+00:00,2026-01-02T05:49:59.999000+00:00,104.24502054917615,107.49548593419699,102.49567288775756,105.89937644250513,135.96095459259482,15620.388932375881,457
2026-01-02T05:50:00+00:00,2026-01-02T05:54:59.999000+00:00,105.89937644250513,107.93088812479651,104.78947003855137,106.90717739041617,117.14188358137815,12656.533993795907,458
2026-01-02T05:55:00+00:00,2026-01-02T05:59:59.999000+00:00,106.90717739041617,109.5483500270547,105.8565100827376,108.00682428003594,141.95691056104434,13930.560672004998,459
2026-01-02T06:00:00+00:00,2026-01-02T06:04:59.999000+00:00,108.00682428003594,110.5323215295617,106.36129526888217,109.98739355585346,134.32099983371324,13174.282095829787,460
2026-01-02T06:05:00+00:00,2026-01-02T06:09:59.999000+00:00,109.98739355585346,111.57148496409079,108.55209814363714,109.77818327131652,126.63060801957715,14355.514210071908,461
2026-01-02T06:10:00+00:00,2026-01-02T06:14:59.999000+00:00,109.77818327131652,111.3031771676747,108.45205335236462,109.64720310486089,125.08641831990546,14207.20582727199,462
2026-01-02T06:15:00+00:00,2026-01-02T06:19:59.999000+00:00,109.64720310486089,110.63640706399426,108.00843048922957,109.84215610394455,146.9149722651835,14532.769059758584,463
2026-01-02T06:20:00+00:00,2026-01-02T06:24:59.999000+00:00,109.84215610394455,111.36907562090738,107.35397680713632,108.78628651346708,116.56210891313204,13533.031755933027,464
2026-01-02T06:25:00+00:00,2026-01-02T06:29:59.999000+00:00,108.78628651346708,110.40605654662464,106.70735079271573,108.02110546148505,142.34879046300915,12291.797867172916,465
2026-01-02T06:30:00+00:00,2026-01-02T06:34:59.999000+00:00,108.02110546148505,109.62724563297442,105.9470367300787,106.59899143108757,118.97929042442058,10785.079946772461,466
2026-01-02T06:35:00+00:00,2026-01-02T06:39:59.999000+00:00,106.59899143108757,107.30712387713257,103.6514012122189,105.26685795019321,147.50900652408376,11203.349732933713,467
2026-01-02T06:40:00+00:00,2026-01-02T06:44:59.999000+00:00,105.26685795019321,106.37505322342217,103.33452824297032,104.47801820472233,131.17426618096283,12023.493948370307,468
2026-01-02T06:45:00+00:00,2026-01-02T06:49:59.999000+00:00,104.47801820472233,106.12756891587023,102.76565493898015,104.18923793845372,125.41319207680222,14387.640311203902,469
2026-01-02T06:50:00+00:00,2026-01-02T06:54:59.999000+00:00,104.18923793845372,104.96441897761015,102.29254722072368,103.88937788475597,119.41791048718243,11489.349161072585,470
2026-01-02T06:55:00+00:00,2026-01-02T06:59:59.999000+00:00,103.88937788475597,105.46045459988717,102.2368177188325,103.52586698215023,103.72852907797952,12495.87461282251,471
2026-01-02T07:00:00+00:00,2026-01-02T07:04:59.999000+00:00,103.52586698215023,104.56880629539373,101.78142470087607,103.60299266134477,105.30407485655766,11416.079998393288,472
2026-01-02T07:05:00+00:00,2026-01-02T07:09:59.999000+00:00,103.60299266134477,104.61325790747128,102.86720407759023,103.51097877277876,131.21573725226452,10846.603527089599,473
2026-01-02T07:10:00+00:00,2026-01-02T07:14:59.999000+00:00,103.51097877277876,104.2287041325314,102.06381401479507,103.72757401255079,105.17887018288373,13519.102717835722,474
2026-01-02T07:15:00+00:00,2026-01-02T07:19:59.999000+00:00,103.72757401255079,104.32378541412298,102.27556968701211,103.48620991148859,129.0236504713366,10577.979032669411,475
2026-01-02T07:20:00+00:00,2026-01-02T07:24:59.999000+00:00,103.48620991148859,104.19759750117952,102.71569856288428,103.2782474648065,140.8875462789307,13667.074493085645,476
2026-01-02T07:25:00+00:00,2026-01-02T07:29:59.999000+00:00,103.2782474648065,103.8208010687896,101.92615574767187,102.61020136731122,149.6370657590207,13725.576781089121,477
2026-01-02T07:30:00+00:00,2026-01-02T07:34:59.999000+00:00,102.61020136731122,104.06941869731065,100.97397171420495,101.52113553124435,105.9390042839739,10644.419850903385,478
2026-01-02T07:35:00+00:00,2026-01-02T07:39:59.999000+00:00,101.52113553124435,102.17427765324133,99.6878017522221,100.40251796038999,114.44513616874583,10680.503704887455,479
2026-01-02T07:40:00+00:00,2026-01-02T07:44:59.999000+00:00,100.40251796038999,101.57170750317363,98.02222795500299,99.05305600266227,114.27644626065303,13198.116577665363,480
2026-01-02T07:45:00+00:00,2026-01-02T07:49:59.999000+00:00,99.05305600266227,99.8865351670836,95.55000836905374,96.93914368664069,147.0798986673035,11035.24627918327,481
2026-01-02T07:50:00+00:00,2026-01-02T07:54:59.999000+00:00,96.93914368664069,98.6084118674786,94.15198634679021,94.7582331156656,120.76850737771453,10183.87849901467,482
2026-01-02T07:55:00+00:00,2026-01-02T07:59:59.999000+00:00,94.7582331156656,96.31574013414023,91.83832275688737,93.24261931717308,140.56429289319337,11524.510379200357,483
2026-01-02T08:00:00+00:00,2026-01-02T08:04:59.999000+00:00,93.24261931717308,93.80586870593268,89.52990528199672,91.31133044961476,106.78389721475082,13535.834201033296,484
2026-01-02T08:05:00+00:00,2026-01-02T08:09:59.999000+00:00,91.31133044961476,92.4936953273954,89.37584300751307,90.65714538596868,114.65016383561886,10776.14815791533,485
2026-01-02T08:10:00+00:00,2026-01-02T08:14:59.999000+00:00,90.65714538596868,91.55372069374157,88.34709804824519,89.13575855393512,142.96903817473319,9238.441050599624,486
2026-01-02T08:15:00+00:00,2026-01-02T08:19:59.999000+00:00,89.13575855393512,90.81507063895198,88.09468466277082,90.05338416678094,144.67120547671738,11463.032928605171,487
2026-01-02T08:20:00+00:00,2026-01-02T08:24:59.999000+00:00,90.05338416678094,91.2985683230305,87.81875853010246,89.20591949562774,146.14109185750715,10037.269221712198,488
2026-01-02T08:25:00+00:00,2026-01-02T08:29:59.999000+00:00,89.20591949562774,90.81342275978278,87.72717662566545,90.26091173400597,145.7123768066224,13230.231914968052,489
2026-01-02T08:30:00+00:00,2026-01-02T08:34:59.999000+00:00,90.26091173400597,93.07759707130388,88.82198347226033,91.89079028656727,125.60540903041912,12101.740482635903,490
2026-01-02T08:35:00+00:00,2026-01-02T08:39:59.999000+00:00,91.89079028656727,93.66501000386987,90.30368994736223,93.13275341099613,139.69697356528394,13416.539854699442,491
2026-01-02T08:40:00+00:00,2026-01-02T08:44:59.999000+00:00,93.13275341099613,96.26721486914623,91.96532325830398,94.88331254678667,128.43217784985748,12076.354428672483,492
2026-01-02T08:45:00+00:00,2026-01-02T08:49:59.999000+00:00,94.88331254678667,96.70310712608355,93.19050029527124,95.4561012959081,136.8202495003349,10474.783840028593,493
2026-01-02T08:50:00+00:00,2026-01-02T08:54:59.999000+00:00,95.4561012959081,96.91996052640957,94.20092317423735,95.61631299872654,127.62694395181302,11413.38229373901,494
2026-01-02T08:55:00+00:00,2026-01-02T08:59:59.999000+00:00,95.61631299872654,97.39484141606573,94.64103705887376,96.79125889994332,142.0104809250802,12831.686423530715,495
2026-01-02T09:00:00+00:00,2026-01-02T09:04:59.999000+00:00,96.79125889994332,98.30464993896987,95.69131461860216,97.54063558254347,140.34218033010552,12932.023941983209,496
2026-01-02T09:05:00+00:00,2026-01-02T09:09:59.999000+00:00,97.54063558254347,98.2860497213197,96.56756080433105,97.66927224389991,123.92344405101386,10111.233648950734,497
2026-01-02T09:10:00+00:00,2026-01-02T09:14:59.999000+00:00,97.66927224389991,98.57597099790537,96.21382148918441,97.56275435209311,121.58050668487475,11314.079032427495,498
2026-01-02T09:15:00+00:00,2026-01-02T09:19:59.999000+00:00,97.56275435209311,98.24032429559588,95.00067726612326,96.6401756509274,124.35657728098639,12475.657890019706,499
2026-01-02T09:20:00+00:00,2026-01-02T09:24:59.999000+00:00,96.6401756509274,97.7575549596449,95.6370717344931,96.48090915320103,110.0027202977217,14468.203567688646,500
2026-01-02T09:25:00+00:00,2026-01-02T09:29:59.999000+00:00,96.48090915320103,97.99601073627208,94.9067151026955,96.10192412763564,131.05003838441576,10612.894915680525,501
2026-01-02T09:30:00+00:00,2026-01-02T09:34:59.999000+00:00,96.10192412763564,98.18727326752438,94.949906879201,97.67621158535684,106.82339664266163,12891.10119200794,502
2026-01-02T09:35:00+00:00,2026-01-02T09:39:59.999000+00:00,97.67621158535684,98.69319187829261,95.95290334820005,97.3622975342886,102.23784508338466,11769.742319901052,503
2026-01-02T09:40:00+00:00,2026-01-02T09:44:59.999000+00:00,97.3622975342886,100.57057199358097,95.73148928830665,99.7813242988076,117.17657065350977,12215.468572512471,504
2026-01-02T09:45:00+00:00,2026-01-02T09:49:59.999000+00:00,99.7813242988076,102.07359115657484,98.25995550512853,101.11110907766128,145.75028015029181,13423.848093096034,505
2026-01-02T09:50:00+00:00,2026-01-02T09:54:59.999000+00:00,101.11110907766128,103.96005898635686,99.7488190640758,102.7846784832134,110.42037485413866,13100.393761500838,506
2026-01-02T09:55:00+00:00,2026-01-02T09:59:59.999000+00:00,102.7846784832134,106.34153832247881,101.58673198605935,104.59270977972301,101.37712035164044,11095.401567704861,507
2026-01-02T10:00:00+00:00,2026-01-02T10:04:59.999000+00:00,104.59270977972301,107.22362127469262,103.63975107366487,106.16541012265833,103.67965967001484,11721.636317039443,508
2026-01-02T10:05:00+00:00,2026-01-02T10:09:59.999000+00:00,106.16541012265833,108.66054371987627,105.08265578368338,107.86915642922116,131.678658017683,11534.543512633967,509
2026-01-02T10:10:00+00:00,2026-01-02T10:14:59.999000+00:00,107.86915642922116,109.59668396439844,106.6005779454808,108.58841503576633,108.02114496837427,14465.62474655644,510
2026-01-02T10:15:00+00:00,2026-01-02T10:19:59.999000+00:00,108.58841503576633,112.15710986389699,107.70730635356837,110.50746743882515,141.3532755182831,12662.350336003145,511
2026-01-02T10:20:00+00:00,2026-01-02T10:24:59.999000+00:00,110.50746743882515,111.99993142398766,109.4587380831911,111.04644950416132,118.17568814896657,13304.443194209054,512
2026-01-02T10:25:00+00:00,2026-01-02T10:29:59.999000+00:00,111.04644950416132,112.71101170631997,109.44581617455529,110.68095903022089,142.43892973019146,14258.11906290727,513
2026-01-02T10:30:00+00:00,2026-01-02T10:34:59.999000+00:00,110.68095903022089,111.3920987054341,108.92747394382579,110.46748468737825,109.03810896915842,13618.475549777197,514
2026-01-02T10:35:00+00:00,2026-01-02T10:39:59.999000+00:00,110.46748468737825,112.09509941407393,108.37784089819598,109.27183745998386,139.94780222540783,15526.743085130509,515
2026-01-02T10:40:00+00:00,2026-01-02T10:44:59.999000+00:00,109.27183745998386,110.76867924378857,107.15280095644464,108.24462076281557,101.08713167120943,15745.972354418733,516
2026-01-02T10:45:00+00:00,2026-01-02T10:49:59.999000+00:00,108.24462076281557,109.84418574188292,104.65003814013636,106.1382095019313,135.57340966835258,14361.892176481113,517
2026-01-02T10:50:00+00:00,2026-01-02T10:54:59.999000+00:00,106.1382095019313,107.73641089726583,102.98489304530666,104.66695871130321,147.569790142098,11224.256347773562,518
2026-01-02T10:55:00+00:00,2026-01-02T10:59:59.999000+00:00,104.66695871130321,106.07262680484662,102.49494440845714,103.66014892115467,112.2366230358856,13794.857751858413,519
2026-01-02T11:00:00+00:00,2026-01-02T11:04:59.999000+00:00,103.66014892115467,104.92563030965006,102.51860054791364,103.9169547874712,124.7724781428324,12335.204587690125,520
2026-01-02T11:05:00+00:00,2026-01-02T11:09:59.999000+00:00,103.9169547874712,105.52624664482515,102.16332483942887,103.06230166148418,144.8001098683401,11520.87204237361,521
2026-01-02T11:10:00+00:00,2026-01-02T11:14:59.999000+00:00,103.06230166148418,104.43989004145735,101.92077767406906,102.48390841511936,111.78589835301426,12433.24502401662,522
2026-01-02T11:15:00+00:00,2026-01-02T11:19:59.999000+00:00,102.48390841511936,103.9620115890376,101.40846490266371,103.30680149189038,134.37233171443359,11025.080520799054,523
2026-01-02T11:20:00+00:00,2026-01-02T11:24:59.999000+00:00,103.30680149189038,104.07207553251591,100.98127820800045,102.72810306265126,149.7837979473601,12893.948846769104,524
2026-01-02T11:25:00+00:00,2026-01-02T11:29:59.999000+00:00,102.72810306265126,104.33058564284731,101.92844470547344,102.707758151855,108.18567137511646,14748.810191651119,525
2026-01-02T11:30:00+00:00,2026-01-02T11:34:59.999000+00:00,102.707758151855,104.55659353507848,101.07897036040703,103.45693471010738,102.7806653191984,12584.025379768047,526
2026-01-02T11:35:00+00:00,2026-01-02T11:39:59.999000+00:00,103.45693471010738,104.9207069278744,101.02668258842814,102.08939549009068,118.6206947303238,14327.698485872505,527
2026-01-02T11:40:00+00:00,2026-01-02T11:44:59.999000+00:00,102.08939549009068,103.56586424560727,101.02052012548172,101.85616514913566,130.79917845612684,11334.084361342537,528
2026-01-02T11:45:00+00:00,2026-01-02T11:49:59.999000+00:00,101.85616514913566,103.09731622551358,100.43941668175461,101.25497250261597,114.99083978512556,14619.950745377208,529
2026-01-02T11:50:00+00:00,2026-01-02T11:54:59.999000+00:00,101.25497250261597,101.83693480071761,98.62757020411127,99.88776675954996,145.17176113528302,10197.361823618574,530
2026-01-02T11:55:00+00:00,2026-01-02T11:59:59.999000+00:00,99.88776675954996,101.35316110183024,96.68054802193107,97.71131313909424,142.3345337354877,12608.393340079396,531
2026-01-02T12:00:00+00:00,2026-01-02T12:04:59.999000+00:00,97.71131313909424,98.87835271443328,94.9777213911851,95.4825645245954,112.0997550087024,13250.07886910202,532
2026-01-02T12:05:00+00:00,2026-01-02T12:09:59.999000+00:00,95.4825645245954,96.00949510612062,92.63612618377216,93.83024811451605,126.73783598204322,12319.335411751219,533
2026-01-02T12:10:00+00:00,2026-01-02T12:14:59.999000+00:00,93.83024811451605,95.03634107756622,90.81757387384134,92.60602548333691,148.03697665136295,13819.63287214726,534
2026-01-02T12:15:00+00:00,2026-01-02T12:19:59.999000+00:00,92.60602548333691,93.95571936857117,90.94483247585006,91.6691021073414,113.49831364863668,9543.118737999288,535
2026-01-02T12:20:00+00:00,2026-01-02T12:24:59.999000+00:00,91.6691021073414,93.1433349668557,88.89032378962172,90.22524927490984,111.33832979578892,9592.213917637724,536
2026-01-02T12:25:00+00:00,2026-01-02T12:29:59.999000+00:00,90.22524927490984,91.95598777757954,88.58200780240188,90.23270017439648,111.72438387144172,11509.472196484809,537
2026-01-02T12:30:00+00:00,2026-01-02T12:34:59.999000+00:00,90.23270017439648,92.00259499123891,87.62698570132166,89.36258619438064,133.98452215657824,12015.429118679922,538
2026-01-02T12:35:00+00:00,2026-01-02T12:39:59.999000+00:00,89.36258619438064,91.93905022407385,88.2195257884087,90.43055735429245,146.5240164455326,10157.996412479391,539
2026-01-02T12:40:00+00:00,2026-01-02T12:44:59.999000+00:00,90.43055735429245,92.42189209470877,89.6750977803008,91.36488835954432,103.35606962862887,10381.592457845694,540
2026-01-02T12:45:00+00:00,2026-01-02T12:49:59.999000+00:00,91.36488835954432,93.51900767030632,89.9313537728908,92.43975272815017,128.33163257819552,12045.615635781245,541
2026-01-02T12:50:00+00:00,2026-01-02T12:54:59.999000+00:00,92.43975272815017,94.71837705569527,90.82353313800664,93.7166812952847,118.50770164548476,13856.393466065627,542
2026-01-02T12:55:00+00:00,2026-01-02T12:59:59.999000+00:00,93.7166812952847,96.32778391366782,92.79381876191385,94.95781762560351,146.0214404507728,11387.373254389058,543
2026-01-02T13:00:00+00:00,2026-01-02T13:04:59.999000+00:00,94.95781762560351,97.88187758289452,93.23553242820817,96.47334611567888,129.94081881534916,13407.436619274627,544
2026-01-02T13:05:00+00:00,2026-01-02T13:09:59.999000+00:00,96.47334611567888,97.15118390241224,95.71507462518292,96.45349492029304,105.22641172694276,14096.472452015563,545
2026-01-02T13:10:00+00:00,2026-01-02T13:14:59.999000+00:00,96.45349492029304,98.96045884462269,94.74162204897335,97.73782199621432,115.94594810099501,10546.762904409776,546
2026-01-02T13:15:00+00:00,2026-01-02T13:19:59.999000+00:00,97.73782199621432,98.93564564183042,96.7123245205674,97.31602146532258,122.60000073791494,11437.89698519391,547
2026-01-02T13:20:00+00:00,2026-01-02T13:24:59.999000+00:00,97.31602146532258,99.8849682569636,95.85558011632965,98.18691738719747,128.53852743974696,13329.192248972888,548
2026-01-02T13:25:00+00:00,2026-01-02T13:29:59.999000+00:00,98.18691738719747,98.77963978529543,95.96676891418753,96.5453239776131,145.64585131520164,10574.527840443423,549
2026-01-02T13:30:00+00:00,2026-01-02T13:34:59.999000+00:00,96.5453239776131,98.12580203655914,95.1580560891894,97.11999317546915,122.03608681495237,11138.862089280652,550
2026-01-02T13:35:00+00:00,2026-01-02T13:39:59.999000+00:00,97.11999317546915,98.85900078189783,95.96592450830961,96.46786159401086,113.04315195827948,12780.669897530026,551
2026-01-02T13:40:00+00:00,2026-01-02T13:44:59.999000+00:00,96.46786159401086,98.8595984457332,94.81205059622346,97.4249422922049,109.5500649358694,10008.303363072728,552
2026-01-02T13:45:00+00:00,2026-01-02T13:49:59.999000+00:00,97.4249422922049,98.99395491426611,96.35484314881236,98.29971027957058,147.7729661607373,11038.708951547214,553
2026-01-02T13:50:00+00:00,2026-01-02T13:54:59.999000+00:00,98.29971027957058,98.8746254212368,97.5863428148459,98.31420576090603,145.1896513581503,11773.969140049136,554
2026-01-02T13:55:00+00:00,2026-01-02T13:59:59.999000+00:00,98.31420576090603,101.5169998255173,96.93732240617268,100.41532035880192,117.57985622315793,12563.446945446562,555
2026-01-02T14:00:00+00:00,2026-01-02T14:04:59.999000+00:00,100.41532035880192,102.08619868992031,99.82650950159167,101.03752153383202,124.60624511773003,10944.415643012338,556
2026-01-02T14:05:00+00:00,2026-01-02T14:09:59.999000+00:00,101.03752153383202,104.16764365942164,100.3245524752553,103.2988227259025,124.29052639166422,11917.381324074844,557
2026-01-02T14:10:00+00:00,2026-01-02T14:14:59.999000+00:00,103.2988227259025,105.99746206853892,102.1041745109865,105.03134239315001,117.65313736024164,14985.281103053298,558
2026-01-02T14:15:00+00:00,2026-01-02T14:19:59.999000+00:00,105.03134239315001,107.90109102200213,104.26360179815731,106.93166113247398,122.08621369988741,14164.467500271232,559
2026-01-02T14:20:00+00:00,2026-01-02T14:24:59.999000+00:00,106.93166113247398,109.57457539817464,105.990585677191,107.98601002824735,144.50423372491406,13604.140175487384,560
2026-01-02T14:25:00+00:00,2026-01-02T14:29:59.999000+00:00,107.98601002824735,110.67562595112393,106.99709601541835,110.12450306877375,132.92131391400525,12960.29799448513,561
2026-01-02T14:30:00+00:00,2026-01-02T14:34:59.999000+00:00,110.12450306877375,111.83373090395915,108.43628685121112,109.74767702891474,118.35657686380884,11061.731362624361,562
2026-01-02T14:35:00+00:00,2026-01-02T14:39:59.999000+00:00,109.74767702891474,111.69748518323406,108.08105222718294,110.55437823063609,147.31396205392875,16287.02941444311,563
2026-01-02T14:40:00+00:00,2026-01-02T14:44:59.999000+00:00,110.55437823063609,111.80004749234615,109.95402904926652,110.78397044159776,116.34522056220956,14464.653003030737,564
2026-01-02T14:45:00+00:00,2026-01-02T14:49:59.999000+00:00,110.78397044159776,112.03754551712409,108.19344919550043,108.85105536993557,129.2937410462507,12381.571206983821,565
2026-01-02T14:50:00+00:00,2026-01-02T14:54:59.999000+00:00,108.85105536993557,109.96327993912314,107.72291060346983,108.23226193090939,149.77223082667183,14853.744667715364,566
2026-01-02T14:55:00+00:00,2026-01-02T14:59:59.999000+00:00,108.23226193090939,109.86452669044441,105.89867630261436,107.45484981532994,123.07155632647287,14172.484595678818,567
2026-01-02T15:00:00+00:00,2026-01-02T15:04:59.999000+00:00,107.45484981532994,108.41335317052197,103.79037987304862,105.53480386059833,114.20199113413965,14773.944168786307,568
2026-01-02T15:05:00+00:00,2026-01-02T15:09:59.999000+00:00,105.53480386059833,107.00360254137541,103.3953188811169,103.9561381160863,128.70100056824265,14577.845263274872,569
2026-01-02T15:10:00+00:00,2026-01-02T15:14:59.999000+00:00,103.9561381160863,105.60260557761856,102.15937005110628,103.7172984730726,132.0004990599015,10594.399914674272,570
2026-01-02T15:15:00+00:00,2026-01-02T15:19:59.999000+00:00,103.7172984730726,105.31262347476043,102.01934860965027,103.02911426026623,146.23968617488848,13481.680076429839,571
2026-01-02T15:20:00+00:00,2026-01-02T15:24:59.999000+00:00,103.02911426026623,104.82196107427339,101.27265828613764,102.04093293764014,133.0198664904521,12357.766609977545,572
2026-01-02T15:25:00+00:00,2026-01-02T15:29:59.999000+00:00,102.04093293764014,102.97518423730642,100.29289497730647,101.79137442776064,124.65010305496486,11324.171973985454,573
2026-01-02T15:30:00+00:00,2026-01-02T15:34:59.999000+00:00,101.79137442776064,103.93444936512964,100.46725087873862,103.10241710733844,112.55349528650225,14075.87615920891,574
2026-01-02T15:35:00+00:00,2026-01-02T15:39:59.999000+00:00,103.10241710733844,104.68226263717246,101.38403125882145,102.08670746976725,134.0204691760515,14742.37667365959,575
2026-01-02T15:40:00+00:00,2026-01-02T15:44:59.999000+00:00,102.08670746976725,103.49496620354024,100.99124730020166,102.26918367942909,105.14412440517755,12828.613278086406,576
2026-01-02T15:45:00+00:00,2026-01-02T15:49:59.999000+00:00,102.26918367942909,104.10049048782696,100.53582986056321,103.2779512466719,149.2116163227214,11776.54443021526,577
2026-01-02T15:50:00+00:00,2026-01-02T15:54:59.999000+00:00,103.2779512466719,103.80866578457903,101.35376559473823,102.26442437011218,113.71704201860861,12143.982900971994,578
2026-01-02T15:55:00+00:00,2026-01-02T15:59:59.999000+00:00,102.26442437011218,103.38084726638623,100.09774531750095,101.86085036710195,147.29542298405667,12153.22309834819,579
2026-01-02T16:00:00+00:00,2026-01-02T16:04:59.999000+00:00,101.86085036710195,103.23002253378885,99.78123336246439,100.55493726305066,117.97643980228341,10131.42200999859,580
2026-01-02T16:05:00+00:00,2026-01-02T16:09:59.999000+00:00,100.55493726305066,101.48876079839204,97.85881255656392,98.75276136390146,112.1835934818659,11699.310059911262,581
2026-01-02T16:10:00+00:00,2026-01-02T16:14:59.999000+00:00,98.75276136390146,99.37771726776636,96.96533391218047,97.68765039305278,142.97892163871595,14265.45489112147,582
2026-01-02T16:15:00+00:00,2026-01-02T16:19:59.999000+00:00,97.68765039305278,98.64627106367497,93.72241893452657,95.18533386273175,109.83908987983119,12842.857311149832,583
2026-01-02T16:20:00+00:00,2026-01-02T16:24:59.999000+00:00,95.18533386273175,96.29827081097287,91.98204567299271,93.40330184651353,129.74894027472695,13659.562360773569,584
2026-01-02T16:25:00+00:00,2026-01-02T16:29:59.999000+00:00,93.40330184651353,94.99537248228215,91.1968774143475,92.39159594970553,100.93136615987868,9728.336644936624,585
2026-01-02T16:30:00+00:00,2026-01-02T16:34:59.999000+00:00,92.39159594970553,93.34515834953983,89.96666921537319,91.00914299250677,149.54973864390763,13493.335887451785,586
2026-01-02T16:35:00+00:00,2026-01-02T16:39:59.999000+00:00,91.00914299250677,92.51444255533768,88.47596554579924,89.76324860446638,102.16562283590049,11362.065897296941,587
2026-01-02T16:40:00+00:00,2026-01-02T16:44:59.999000+00:00,89.76324860446638,90.48382869987195,89.21822247765094,89.74569029090289,132.02627067765988,12104.328851312937,588
2026-01-02T16:45:00+00:00,2026-01-02T16:49:59.999000+00:00,89.74569029090289,90.57263097337021,88.11451331996184,90.04492576874979,141.6659739808442,11674.468166716884,589
2026-01-02T16:50:00+00:00,2026-01-02T16:54:59.999000+00:00,90.04492576874979,92.06922931341,88.78199058989134,90.3472288796686,107.71789440541144,11351.349632895468,590
2026-01-02T16:55:00+00:00,2026-01-02T16:59:59.999000+00:00,90.3472288796686,91.94337647972264,88.81202847024112,91.35693564161821,123.07575416582705,11527.030178599525,591
2026-01-02T17:00:00+00:00,2026-01-02T17:04:59.999000+00:00,91.35693564161821,94.51629740841216,90.3731710396964,92.79929050557395,100.89262079329187,11274.26035312675,592
2026-01-02T17:05:00+00:00,2026-01-02T17:09:59.999000+00:00,92.79929050557395,94.14294799993608,91.78675647808194,92.97989469381722,108.75243867651943,12844.303960753892,593
2026-01-02T17:10:00+00:00,2026-01-02T17:14:59.999000+00:00,92.97989469381722,96.13302562902295,91.26512379094368,94.89148871968354,105.82502783623923,11897.869564039045,594
2026-01-02T17:15:00+00:00,2026-01-02T17:19:59.999000+00:00,94.89148871968354,96.56740592497492,93.36533820146802,95.84451669976568,114.31990067781719,11497.024556618215,595
2026-01-02T17:20:00+00:00,2026-01-02T17:24:59.999000+00:00,95.84451669976568,98.1168103204065,94.64451174183684,97.35633230503227,148.22981879228692,10324.992737120498,596
2026-01-02T17:25:00+00:00,2026-01-02T17:29:59.999000+00:00,97.35633230503227,99.00776062709778,96.25495411350505,98.25206824008299,122.20272037989011,13203.775281004213,597
2026-01-02T17:30:00+00:00,2026-01-02T17:34:59.999000+00:00,98.25206824008299,99.25321283845905,96.63852532577508,97.89931818304785,131.32305546813876,14491.639578649447,598
2026-01-02T17:35:00+00:00,2026-01-02T17:39:59.999000+00:00,97.89931818304785,98.57083283154789,96.29447339384167,97.82253602165154,111.43475473624913,11256.124659114961,599
2026-01-02T17:40:00+00:00,2026-01-02T17:44:59.999000+00:00,97.82253602165154,100.30097360964552,96.9111660610113,98.513714473885,124.62027167518653,12682.80674728591,600
2026-01-02T17:45:00+00:00,2026-01-02T17:49:59.999000+00:00,98.513714473885,100.16941061966358,95.80990551271516,97.31270600795048,139.1716077457256,9870.587631706732,601
2026-01-02T17:50:00+00:00,2026-01-02T17:54:59.999000+00:00,97.31270600795048,99.59731674929704,95.98514885714218,97.94526417460335,147.54231043290517,10779.1213134897,602
2026-01-02T17:55:00+00:00,2026-01-02T17:59:59.999000+00:00,97.94526417460335,99.6311112035178,97.15063977864338,97.66759300881888,138.13944958129025,11668.703035671624,603
2026-01-02T18:00:00+00:00,2026-01-02T18:04:59.999000+00:00,97.66759300881888,99.42278733452729,96.6473367653567,98.48136808570467,137.33242379950542,11640.319235415727,604
2026-01-02T18:05:00+00:00,2026-01-02T18:09:59.999000+00:00,98.48136808570467,100.57402894497949,97.35808864214611,99.14097831958503,122.9226420933532,13386.532751890523,605
2026-01-02T18:10:00+00:00,2026-01-02T18:14:59.999000+00:00,99.14097831958503,101.249583360126,97.37200787270667,100.58333702390117,149.28631696275087,13284.428066864119,606
2026-01-02T18:15:00+00:00,2026-01-02T18:19:59.999000+00:00,100.58333702390117,104.26633817126151,99.08555303631758,102.63596863534512,103.00149274931466,10909.905610202157,607
2026-01-02T18:20:00+00:00,2026-01-02T18:24:59.999000+00:00,102.63596863534512,104.77680027663,101.52810631112241,103.33426475256648,111.75038750472446,10710.659138271096,608
2026-01-02T18:25:00+00:00,2026-01-02T18:29:59.999000+00:00,103.33426475256648,106.70751327144573,101.64962078889181,105.9340602856412,139.38154170610954,15177.611424046108,609
2026-01-02T18:30:00+00:00,2026-01-02T18:34:59.999000+00:00,105.9340602856412,108.38830479512669,104.20029441841682,107.81869596577145,144.29537221107586,13350.996807554517,610
2026-01-02T18:35:00+00:00,2026-01-02T18:39:59.999000+00:00,107.81869596577145,110.15021453543955,106.65770712241762,108.44608004729439,149.07370546559693,13233.322935429565,611
2026-01-02T18:40:00+00:00,2026-01-02T18:44:59.999000+00:00,108.44608004729439,112.23298370356176,107.16246483604823,110.67928242268817,146.03317605323082,12152.588411642939,612
2026-01-02T18:45:00+00:00,2026-01-02T18:49:59.999000+00:00,110.67928242268817,111.46173286458387,109.03942526079489,110.77461717047098,106.91437217599726,12739.491700445033,613
2026-01-02T18:50:00+00:00,2026-01-02T18:54:59.999000+00:00,110.77461717047098,112.17059244343683,109.76910526571501,111.18843836794231,147.4816688347921,13740.443921925,614
2026-01-02T18:55:00+00:00,2026-01-02T18:59:59.999000+00:00,111.18843836794231,112.90982303790344,109.67090609731483,110.65221723373453,146.16055622155736,12175.519694085851,615
2026-01-02T19:00:00+00:00,2026-01-02T19:04:59.999000+00:00,110.65221723373453,111.18842937883596,107.5040863414797,108.86412277370893,134.36532319845765,12866.673078790227,616
2026-01-02T19:05:00+00:00,2026-01-02T19:09:59.999000+00:00,108.86412277370893,110.55170507000564,108.10371119562694,109.05800051620855,144.8079705497831,12128.333301347213,617
2026-01-02T19:10:00+00:00,2026-01-02T19:14:59.999000+00:00,109.05800051620855,110.20839485072973,106.54412928623093,107.40344661933615,102.90866845004923,15564.585730448729,618
2026-01-02T19:15:00+00:00,2026-01-02T19:19:59.999000+00:00,107.40344661933615,108.2534815256864,103.54757313531015,105.05989328635285,146.9493565655323,11857.983156166492,619
2026-01-02T19:20:00+00:00,2026-01-02T19:24:59.999000+00:00,105.05989328635285,106.55728988652066,103.46742480818908,104.81279605663788,144.8113380089623,12416.199831221013,620
2026-01-02T19:25:00+00:00,2026-01-02T19:29:59.999000+00:00,104.81279605663788,105.59226922756088,102.68257551047597,103.62302158600858,146.40995580401756,15255.16362993566,621
2026-01-02T19:30:00+00:00,2026-01-02T19:34:59.999000+00:00,103.62302158600858,104.89082399107278,101.81067023047417,102.70817120919486,109.08188710491903,13454.765610009106,622
2026-01-02T19:35:00+00:00,2026-01-02T19:39:59.999000+00:00,102.70817120919486,104.44919066197339,101.05960433889696,102.27564284968844,127.123053602987,11630.873419627706,623
2026-01-02T19:40:00+00:00,2026-01-02T19:44:59.999000+00:00,102.27564284968844,103.38835329255787,100.32343933450433,101.34588217723595,132.65989364367934,10657.470250286266,624
2026-01-02T19:45:00+00:00,2026-01-02T19:49:59.999000+00:00,101.34588217723595,102.44995842340484,100.01094210265013,101.36929604298234,112.77096514476854,12775.324892297964,625
2026-01-02T19:50:00+00:00,2026-01-02T19:54:59.999000+00:00,101.36929604298234,103.4527264319095,100.78857842900874,102.42065254251918,138.18164133125202,10322.60132760155,626
2026-01-02T19:55:00+00:00,2026-01-02T19:59:59.999000+00:00,102.42065254251918,104.25857966514451,101.84633750522295,102.5664257408513,101.21201306071548,13743.788193278695,627
2026-01-02T20:00:00+00:00,2026-01-02T20:04:59.999000+00:00,102.5664257408513,103.79070644317953,100.58295053758798,102.2481644271584,112.30641556253534,15049.603335411615,628
2026-01-02T20:05:00+00:00,2026-01-02T20:09:59.999000+00:00,102.2481644271584,103.08813754136978,100.9514317935018,101.64612235439012,119.5163057687761,10767.536812184808,629
2026-01-02T20:10:00+00:00,2026-01-02T20:14:59.999000+00:00,101.64612235439012,103.1283843141641,99.5023744094817,100.48849763557465,115.12319158478029,12319.48002345818,630
2026-01-02T20:15:00+00:00,2026-01-02T20:19:59.999000+00:00,100.48849763557465,102.05030193566573,98.34938968885915,99.85995726386894,115.84947877627025,13847.398131402013,631
2026-01-02T20:20:00+00:00,2026-01-02T20:24:59.999000+00:00,99.85995726386894,100.65153363385805,95.89773801442301,97.63810356814471,115.51677264356037,12346.326385481092,632
2026-01-02T20:25:00+00:00,2026-01-02T20:29:59.999000+00:00,97.63810356814471,98.69657743693695,95.92181122867656,96.90581687979414,100.0557274617625,13803.188631730907,633
2026-01-02T20:30:00+00:00,2026-01-02T20:34:59.999000+00:00,96.90581687979414,98.56145047536735,92.93952999039522,94.6425913380748,132.09439344492475,12624.156633703626,634
2026-01-02T20:35:00+00:00,2026-01-02T20:39:59.999000+00:00,94.6425913380748,95.9896511505251,92.12861395848628,92.68083455079831,124.9872912371471,11452.999333731652,635
2026-01-02T20:40:00+00:00,2026-01-02T20:44:59.999000+00:00,92.68083455079831,93.61018771107643,89.59300472355869,91.22890653833541,108.61110381143865,10041.446522334352,636
2026-01-02T20:45:00+00:00,2026-01-02T20:49:59.999000+00:00,91.22890653833541,92.81651824854593,88.8023067859004,90.02425051570549,135.54718497640195,11075.993840812003,637
2026-01-02T20:50:00+00:00,2026-01-02T20:54:59.999000+00:00,90.02425051570549,90.8681825986603,89.02315776081502,90.1690819213054,110.04118697241539,12969.554769393126,638
2026-01-02T20:55:00+00:00,2026-01-02T20:59:59.999000+00:00,90.1690819213054,91.81720713327064,88.74743572533838,89.7927506853766,140.6221319739538,12256.160638697045,639
2026-01-02T21:00:00+00:00,2026-01-02T21:04:59.999000+00:00,89.7927506853766,90.50059346444523,88.485607132969,89.2215829121378,105.68290457122377,9984.853307087022,640
2026-01-02T21:05:00+00:00,2026-01-02T21:09:59.999000+00:00,89.2215829121378,91.96761478848066,88.15199131162187,90.36127602499134,113.20732041422741,10285.228628967203,641
2026-01-02T21:10:00+00:00,2026-01-02T21:14:59.999000+00:00,90.36127602499134,91.90823121268427,89.84765242666937,90.74693919577224,138.03488992800084,12010.94519334013,642
2026-01-02T21:15:00+00:00,2026-01-02T21:19:59.999000+00:00,90.74693919577224,93.75195509625969,89.67447385403372,92.99502545293294,114.11075396301766,11869.491215676166,643
2026-01-02T21:20:00+00:00,2026-01-02T21:24:59.999000+00:00,92.99502545293294,94.99295735662258,92.1020785871902,94.0501872357139,138.78995037569496,13898.236927775753,644
2026-01-02T21:25:00+00:00,2026-01-02T21:29:59.999000+00:00,94.0501872357139,95.80954677230615,92.8020306340534,94.99177399305015,119.36457939791092,12262.325174054096,645
2026-01-02T21:30:00+00:00,2026-01-02T21:34:59.999000+00:00,94.99177399305015,98.47348357764308,93.58652789422207,97.09746053052586,148.9527788663809,9903.408834309901,646
2026-01-02T21:35:00+00:00,2026-01-02T21:39:59.999000+00:00,97.09746053052586,99.23446581687904,96.41254223882586,97.46951047652409,100.0931036192106,11201.403402176082,647
2026-01-02T21:40:00+00:00,2026-01-02T21:44:59.999000+00:00,97.46951047652409,99.5802272605922,95.69160640571307,98.95602218671586,112.95460995962637,11021.173539571579,648
2026-01-02T21:45:00+00:00,2026-01-02T21:49:59.999000+00:00,98.95602218671586,100.0114628012202,97.90209973462748,99.02370394027733,100.18845898822882,12035.870539817199,649
2026-01-02T21:50:00+00:00,2026-01-02T21:54:59.999000+00:00,99.02370394027733,100.75788826047176,97.3842668031159,98.00301902978069,143.79972363600865,12629.803950677879,650
2026-01-02T21:55:00+00:00,2026-01-02T21:59:59.999000+00:00,98.00301902978069,100.089221650022,96.21378100374146,99.12506786853828,117.11223493027435,14264.317293054952,651
2026-01-02T22:00:00+00:00,2026-01-02T22:04:59.999000+00:00,99.12506786853828,100.03933279689295,97.52861902097351,98.67575774335327,138.97261647594343,13318.996848916808,652
2026-01-02T22:05:00+00:00,2026-01-02T22:09:59.999000+00:00,98.67575774335327,100.46609109368899,97.68836012505676,98.77432721764761,129.4706756408498,10499.456686416244,653
2026-01-02T22:10:00+00:00,2026-01-02T22:14:59.999000+00:00,98.77432721764761,100.02129132488554,97.80485500179417,98.53660855047949,136.48671422703856,12594.130414471232,654
2026-01-02T22:15:00+00:00,2026-01-02T22:19:59.999000+00:00,98.53660855047949,99.64696680095145,97.4747504966746,98.69373690743625,129.47941009559946,10896.081839780076,655
2026-01-02T22:20:00+00:00,2026-01-02T22:24:59.999000+00:00,98.69373690743625,101.31403634485314,98.01526866519512,99.69987861455282,146.6705496236952,13366.759224014137,656
2026-01-02T22:25:00+00:00,2026-01-02T22:29:59.999000+00:00,99.69987861455282,101.71186625163605,98.12211081294198,100.80244377010706,114.698487496948,14262.916976333772,657
2026-01-02T22:30:00+00:00,2026-01-02T22:34:59.999000+00:00,100.80244377010706,103.05078230255896,99.05191350314405,102.30483261410983,133.18943821472794,13149.794257858393,658
2026-01-02T22:35:00+00:00,2026-01-02T22:39:59.999000+00:00,102.30483261410983,105.87678357255399,100.9476548839552,104.28372198817087,117.4534374033633,11194.298918036013,659
2026-01-02T22:40:00+00:00,2026-01-02T22:44:59.999000+00:00,104.28372198817087,106.74448756733814,103.20090939683818,105.86120645630429,118.00563148745583,12234.387760262016,660
2026-01-02T22:45:00+00:00,2026-01-02T22:49:59.999000+00:00,105.86120645630429,108.88598128543887,105.11090564938557,107.79043723475904,110.60989825701529,15451.230643399793,661
2026-01-02T22:50:00+00:00,2026-01-02T22:54:59.999000+00:00,107.79043723475904,110.06825542080958,106.88350379848028,109.41596434691307,134.4213204499883,13831.543400160212,662
2026-01-02T22:55:00+00:00,2026-01-02T22:59:59.999000+00:00,109.41596434691307,110.65322155946383,108.63178152290935,109.6683540435644,109.01668994914843,12431.596091843592,663
2026-01-02T23:00:00+00:00,2026-01-02T23:04:59.999000+00:00,109.6683540435644,110.98482473011534,108.67481591078788,110.15698763432484,145.24079422763026,15587.83965091723,664
2026-01-02T23:05:00+00:00,2026-01-02T23:09:59.999000+00:00,110.15698763432484,111.08434987104987,109.52954863618807,110.10490715369498,133.2475166370234,16399.348351085024,665
2026-01-02T23:10:00+00:00,2026-01-02T23:14:59.999000+00:00,110.10490715369498,111.01883545375053,109.59717201580168,110.44513818138053,119.54002088470932,16338.330742791422,666
2026-01-02T23:15:00+00:00,2026-01-02T23:19:59.999000+00:00,110.44513818138053,111.14213571881905,108.75121712212072,109.81559764737318,148.0006607920584,15638.372448461634,667
2026-01-02T23:20:00+00:00,2026-01-02T23:24:59.999000+00:00,109.81559764737318,110.40501992510305,106.83992405169454,107.94381087050985,108.75100864048649,14090.28447899544,668
2026-01-02T23:25:00+00:00,2026-01-02T23:29:59.999000+00:00,107.94381087050985,109.34294374765607,105.42977780397683,106.3322097985739,118.30075427753582,15076.83521475475,669
2026-01-02T23:30:00+00:00,2026-01-02T23:34:59.999000+00:00,106.3322097985739,107.78210994086088,102.46435982606118,104.20829223585811,103.34130619724579,14744.365033280232,670
2026-01-02T23:35:00+00:00,2026-01-02T23:39:59.999000+00:00,104.20829223585811,105.34051940915212,103.2286700832106,104.26600163719384,102.66013648706769,11420.942224017437,671
2026-01-02T23:40:00+00:00,2026-01-02T23:44:59.999000+00:00,104.26600163719384,105.25228959187879,102.35016402189648,103.28218361643215,124.57666535604412,15268.318287485898,672
2026-01-02T23:45:00+00:00,2026-01-02T23:49:59.999000+00:00,103.28218361643215,103.88004613871574,100.27306613914304,101.90059794951321,108.2595883847163,13300.855763483425,673
2026-01-02T23:50:00+00:00,2026-01-02T23:54:59.999000+00:00,101.90059794951321,103.47670569958399,100.00672528947734,101.62774729318613,125.35266545459746,14806.7139756838,674
2026-01-02T23:55:00+00:00,2026-01-02T23:59:59.999000+00:00,101.62774729318613,102.15499750391261,100.15394215954849,100.7979230949151,122.87867443323528,11178.912706237492,675
2026-01-03T00:00:00+00:00,2026-01-03T00:04:59.999000+00:00,100.7979230949151,101.32766993551452,99.57987700233357,100.38890955808408,129.934335365282,12723.2028808467,676
2026-01-03T00:05:00+00:00,2026-01-03T00:09:59.999000+00:00,100.38890955808408,102.90124086856363,99.70710875758135,101.96509517641312,123.70776194596341,14877.147387739918,677
2026-01-03T00:10:00+00:00,2026-01-03T00:14:59.999000+00:00,101.96509517641312,103.12693304479023,101.10993087705721,101.848824899778,137.63394172825292,13678.505236518658,678
2026-01-03T00:15:00+00:00,2026-01-03T00:19:59.999000+00:00,101.848824899778,103.58942667170109,100.15918078123008,101.53221624419513,113.4988358181615,15024.194961792782,679
2026-01-03T00:20:00+00:00,2026-01-03T00:24:59.999000+00:00,101.53221624419513,102.18373756895637,99.7344475950853,100.79435754360817,124.9255206019157,12430.270747566366,680
2026-01-03T00:25:00+00:00,2026-01-03T00:29:59.999000+00:00,100.79435754360817,101.79131163506668,98.95511165444665,99.69091583732543,101.58477852622624,13960.729576565094,681
2026-01-03T00:30:00+00:00,2026-01-03T00:34:59.999000+00:00,99.69091583732543,101.06440459105744,97.42837409743126,98.91029433383652,131.5913504378136,12515.248367281725,682
2026-01-03T00:35:00+00:00,2026-01-03T00:39:59.999000+00:00,98.91029433383652,99.54589541431517,97.21759873912056,98.17210431313741,120.15761333649291,13504.002399454248,683
2026-01-03T00:40:00+00:00,2026-01-03T00:44:59.999000+00:00,98.17210431313741,99.22106008864652,94.53141344332893,95.72695203456215,120.84336607474407,12864.654191788146,684
2026-01-03T00:45:00+00:00,2026-01-03T00:49:59.999000+00:00,95.72695203456215,96.77692739813008,93.63381976469974,94.53216351070313,106.81064819681832,11549.170447398381,685
2026-01-03T00:50:00+00:00,2026-01-03T00:54:59.999000+00:00,94.53216351070313,96.08779791754776,91.25468067086504,92.13947001879932,105.16638962197631,10071.622250733331,686
2026-01-03T00:55:00+00:00,2026-01-03T00:59:59.999000+00:00,92.13947001879932,92.88781753747321,89.46490407361588,90.50949194287628,100.42265951514202,11564.21362582421,687
2026-01-03T01:00:00+00:00,2026-01-03T01:04:59.999000+00:00,90.50949194287628,91.3672204263449,88.79465352993572,89.48448192546945,100.68193491148698,12563.718325624173,688
2026-01-03T01:05:00+00:00,2026-01-03T01:09:59.999000+00:00,89.48448192546945,90.72927183831953,88.43836317954387,89.57389204114175,112.4066990701504,11787.167647439976,689
2026-01-03T01:10:00+00:00,2026-01-03T01:14:59.999000+00:00,89.57389204114175,90.97580101729802,87.86585204782028,89.51255062114642,106.5981199456827,10674.351749748437,690
2026-01-03T01:15:00+00:00,2026-01-03T01:19:59.999000+00:00,89.51255062114642,90.20672325721314,87.12418866727596,88.66368191590702,121.26110303542546,10494.006217924518,691
2026-01-03T01:20:00+00:00,2026-01-03T01:24:59.999000+00:00,88.66368191590702,92.52954607191289,87.82517760382477,90.93596398128977,109.09966721402795,12342.200280194547,692
2026-01-03T01:25:00+00:00,2026-01-03T01:29:59.999000+00:00,90.93596398128977,92.54016963374414,89.13822653318314,91.29115777924568,108.17195555614171,10147.28628606716,693
2026-01-03T01:30:00+00:00,2026-01-03T01:34:59.999000+00:00,91.29115777924568,93.28521142766337,89.80107956014623,92.27104622469358,123.34461451859075,10130.340711329804,694
2026-01-03T01:35:00+00:00,2026-01-03T01:39:59.999000+00:00,92.27104622469358,94.73005721940673,91.10318298058068,94.0829290567554,102.02024860491052,13669.674647772377,695
2026-01-03T01:40:00+00:00,2026-01-03T01:44:59.999000+00:00,94.0829290567554,96.96635266822047,92.96898716976891,95.38966003747554,108.44764292760111,12083.45099526386,696
2026-01-03T01:45:00+00:00,2026-01-03T01:49:59.999000+00:00,95.38966003747554,98.74424262518623,94.54354373408411,97.71229768564602,120.29549312102077,11636.09330067051,697
2026-01-03T01:50:00+00:00,2026-01-03T01:54:59.999000+00:00,97.71229768564602,100.07358131731799,96.80064774338872,98.86088152828736,145.57552819463382,13459.501108808672,698
2026-01-03T01:55:00+00:00,2026-01-03T01:59:59.999000+00:00,98.86088152828736,100.4143798628665,97.79462621669904,99.06902833126382,130.867961305002,11834.497304465904,699
2026-01-03T02:00:00+00:00,2026-01-03T02:04:59.999000+00:00,99.06902833126382,99.6867604350335,97.21498153414866,98.65486682782583,137.40393035551165,12279.195748535732,700
2026-01-03T02:05:00+00:00,2026-01-03T02:09:59.999000+00:00,98.65486682782583,100.302364672262,97.47635535146752,99.12187347180421,103.77099548056177,14806.41778181502,701
2026-01-03T02:10:00+00:00,2026-01-03T02:14:59.999000+00:00,99.12187347180421,100.8928539363975,98.1366439514152,99.65031461228642,137.41075585288593,13860.703203832862,702
2026-01-03T02:15:00+00:00,2026-01-03T02:19:59.999000+00:00,99.65031461228642,101.25619873807602,97.7494134391963,99.15947977660939,142.2142054686381,10995.63886497349,703
2026-01-03T02:20:00+00:00,2026-01-03T02:24:59.999000+00:00,99.15947977660939,100.8525690624237,97.33332570998016,98.5605225102315,132.94605898093175,13057.331089890846,704
2026-01-03T02:25:00+00:00,2026-01-03T02:29:59.999000+00:00,98.5605225102315,101.01203870469449,98.05209104140287,99.82932499589447,117.2281525486543,10108.25427926498,705
2026-01-03T02:30:00+00:00,2026-01-03T02:34:59.999000+00:00,99.82932499589447,101.59067924845145,98.8620146140497,100.55930093197304,149.0011745538167,11563.02529302674,706
2026-01-03T02:35:00+00:00,2026-01-03T02:39:59.999000+00:00,100.55930093197304,101.16892602464515,99.33072068886852,99.95576851720226,133.7353408558187,11135.166293819666,707
2026-01-03T02:40:00+00:00,2026-01-03T02:44:59.999000+00:00,99.95576851720226,102.95192536466445,99.3386714043428,101.62859418615142,106.49434141786831,13188.860713092652,708
2026-01-03T02:45:00+00:00,2026-01-03T02:49:59.999000+00:00,101.62859418615142,105.22292971651939,99.96284489697138,103.45295667483039,125.00914137825221,13113.777057382798,709
2026-01-03T02:50:00+00:00,2026-01-03T02:54:59.999000+00:00,103.45295667483039,107.13087451713994,102.13479607112616,105.34053495090178,119.83728666157093,14401.874867129396,710
2026-01-03T02:55:00+00:00,2026-01-03T02:59:59.999000+00:00,105.34053495090178,108.12714488444348,104.78535548505388,106.99666072710667,106.58872907286579,12437.465314051573,711
2026-01-03T03:00:00+00:00,2026-01-03T03:04:59.999000+00:00,106.99666072710667,109.75547944210133,105.5598484184153,108.39371562469323,118.89808466634547,13844.590274957447,712
2026-01-03T03:05:00+00:00,2026-01-03T03:09:59.999000+00:00,108.39371562469323,111.05584488499134,107.17960195756969,110.50995853066213,128.45089186144855,14821.573732325276,713
2026-01-03T03:10:00+00:00,2026-01-03T03:14:59.999000+00:00,110.50995853066213,112.21423266167234,109.47467457019889,110.56953228089738,103.90469220054341,15324.116639084734,714
2026-01-03T03:15:00+00:00,2026-01-03T03:19:59.999000+00:00,110.56953228089738,112.26329142186165,109.50792030412458,111.29115476496752,125.08190157206175,16418.29293333595,715
2026-01-03T03:20:00+00:00,2026-01-03T03:24:59.999000+00:00,111.29115476496752,112.90029034767245,108.86150882951151,110.07462567220308,131.45409654067478,16003.48731372449,716
2026-01-03T03:25:00+00:00,2026-01-03T03:29:59.999000+00:00,110.07462567220308,111.1406487864797,108.45810078921016,110.14637561729555,103.94962282254687,15466.36789242214,717
2026-01-03T03:30:00+00:00,2026-01-03T03:34:59.999000+00:00,110.14637561729555,110.9089082953444,107.26202758849057,108.31292867502901,118.60553792465788,10978.796052626603,718
2026-01-03T03:35:00+00:00,2026-01-03T03:39:59.999000+00:00,108.31292867502901,109.51770457514229,106.3684673712488,107.72925747089936,120.60020729191139,14205.219740477289,719
2026-01-03T03:40:00+00:00,2026-01-03T03:44:59.999000+00:00,107.72925747089936,109.01235576764532,105.193824317951,106.33729755716857,122.88331771618186,10841.739377641856,720
2026-01-03T03:45:00+00:00,2026-01-03T03:49:59.999000+00:00,106.33729755716857,106.9842633263762,102.35408187963436,103.72138487584063,120.30659685811177,11618.664823862779,721
2026-01-03T03:50:00+00:00,2026-01-03T03:54:59.999000+00:00,103.72138487584063,104.9955438306954,101.85556417035784,103.35409109095076,100.36328584866587,13432.393445342146,722
2026-01-03T03:55:00+00:00,2026-01-03T03:59:59.999000+00:00,103.35409109095076,104.73492805626816,101.3241984518312,101.97006689253541,140.3008463778064,11803.241379841427,723
2026-01-03T04:00:00+00:00,2026-01-03T04:04:59.999000+00:00,101.97006689253541,102.99058539701153,100.10434506564349,101.68210533407387,118.33825425442151,13994.116142470388,724
2026-01-03T04:05:00+00:00,2026-01-03T04:09:59.999000+00:00,101.68210533407387,102.76972422385106,99.65098413545671,100.8515661379854,131.11060234725758,14653.104402180736,725
2026-01-03T04:10:00+00:00,2026-01-03T04:14:59.999000+00:00,100.8515661379854,103.01475656003765,99.30019670641202,101.28935242907403,142.5671658297149,13347.18193076564,726
2026-01-03T04:15:00+00:00,2026-01-03T04:19:59.999000+00:00,101.28935242907403,102.57174193093759,99.62328359217348,100.92229142401301,135.93099601184747,13856.650503849987,727
2026-01-03T04:20:00+00:00,2026-01-03T04:24:59.999000+00:00,100.92229142401301,101.8034376387609,98.7437498019454,99.88892435195433,141.8265543263303,12143.446916956993,728
2026-01-03T04:25:00+00:00,2026-01-03T04:29:59.999000+00:00,99.88892435195433,102.53563407085039,98.11532812432503,101.35906098102045,115.49066387377003,14258.134974663322,729
2026-01-03T04:30:00+00:00,2026-01-03T04:34:59.999000+00:00,101.35906098102045,102.44123629775896,99.13329182041494,100.87153852879297,100.15865916196047,10326.8666753989,730
2026-01-03T04:35:00+00:00,2026-01-03T04:39:59.999000+00:00,100.87153852879297,101.52216569629718,98.7339013830806,100.1688167566377,116.96218308598493,11637.210783605016,731
2026-01-03T04:40:00+00:00,2026-01-03T04:44:59.999000+00:00,100.1688167566377,101.65813122241721,98.43294670098955,99.88684289554467,106.23859891237545,14116.472707407022,732
2026-01-03T04:45:00+00:00,2026-01-03T04:49:59.999000+00:00,99.88684289554467,100.830137044936,97.73463715517067,98.31594851371995,125.94024299888986,13164.351064523513,733
2026-01-03T04:50:00+00:00,2026-01-03T04:54:59.999000+00:00,98.31594851371995,99.63437194639418,96.54779165871054,97.6307512004335,148.56703041011295,13109.800488291194,734
2026-01-03T04:55:00+00:00,2026-01-03T04:59:59.999000+00:00,97.6307512004335,98.40337626762971,94.95566984158427,95.95904155995586,115.10927746459609,10214.176050836015,735
2026-01-03T05:00:00+00:00,2026-01-03T05:04:59.999000+00:00,95.95904155995586,97.07414897591197,93.01788501378802,93.9230273352153,103.33144328084558,10719.566850341414,736
2026-01-03T05:05:00+00:00,2026-01-03T05:09:59.999000+00:00,93.9230273352153,94.4521090240173,91.10539489979918,91.97044623832798,124.32183009252417,12081.403853737575,737
2026-01-03T05:10:00+00:00,2026-01-03T05:14:59.999000+00:00,91.97044623832798,92.73506109551273,90.79382594970332,91.31761941416599,146.34332342501858,9454.805665957736,738
2026-01-03T05:15:00+00:00,2026-01-03T05:19:59.999000+00:00,91.31761941416599,93.06209828280787,88.37631733846725,89.15646396228419,142.63464516132274,12946.878482724047,739
2026-01-03T05:20:00+00:00,2026-01-03T05:24:59.999000+00:00,89.15646396228419,89.95090999158668,86.81520442518793,88.5487375125549,145.2152177026041,11402.442231111287,740
2026-01-03T05:25:00+00:00,2026-01-03T05:29:59.999000+00:00,88.5487375125549,91.0496490953512,87.6907579641511,89.38744206109354,143.98552109585196,10298.382763819525,741
2026-01-03T05:30:00+00:00,2026-01-03T05:34:59.999000+00:00,89.38744206109354,91.03591785346553,88.29971345598577,89.4097280458221,116.98426483526552,10676.512313450852,742
2026-01-03T05:35:00+00:00,2026-01-03T05:39:59.999000+00:00,89.4097280458221,91.82300975258897,88.82792029564054,90.41303156106423,115.71499749764766,11983.615967144751,743
2026-01-03T05:40:00+00:00,2026-01-03T05:44:59.999000+00:00,90.41303156106423,94.02264822055301,89.27059363355643,92.27926908720585,114.61392115818408,9270.428263478338,744
2026-01-03T05:45:00+00:00,2026-01-03T05:49:59.999000+00:00,92.27926908720585,93.17597401392236,91.4069337935434,92.66631260301735,116.46252812929131,13145.978719203425,745
2026-01-03T05:50:00+00:00,2026-01-03T05:54:59.999000+00:00,92.66631260301735,94.82537056886984,90.93030139316484,94.21669423089755,102.93656199047925,13484.036272195817,746
2026-01-03T05:55:00+00:00,2026-01-03T05:59:59.999000+00:00,94.21669423089755,98.19519031712629,93.47906531415003,96.62293535164802,143.2646096158236,10524.658597909149,747
2026-01-03T06:00:00+00:00,2026-01-03T06:04:59.999000+00:00,96.62293535164802,99.0753691507051,95.06497985423388,97.75278479743872,146.61424881995998,10994.254650296603,748
2026-01-03T06:05:00+00:00,2026-01-03T06:09:59.999000+00:00,97.75278479743872,99.75510386535892,97.07945880229467,99.13431451798519,142.3087884627004,11911.47756141541,749
2026-01-03T06:10:00+00:00,2026-01-03T06:14:59.999000+00:00,99.13431451798519,100.18820853377956,97.86323183011164,98.97903352483895,109.63610564171582,13998.270823583112,750
2026-01-03T06:15:00+00:00,2026-01-03T06:19:59.999000+00:00,98.97903352483895,101.11096264779759,97.40538931357564,99.99597131215556,146.09612071419744,12399.01904393157,751
2026-01-03T06:20:00+00:00,2026-01-03T06:24:59.999000+00:00,99.99597131215556,101.11523564788234,97.60723744243529,99.30948619369487,112.72867532766824,14510.172487962765,752
2026-01-03T06:25:00+00:00,2026-01-03T06:29:59.999000+00:00,99.30948619369487,101.42665672833273,98.75419575740298,99.72987515217206,141.31151996625232,12456.370558437791,753
2026-01-03T06:30:00+00:00,2026-01-03T06:34:59.999000+00:00,99.72987515217206,100.49125858362736,97.56595891751488,98.98078270187142,138.92796674262598,11852.039399310903,754
2026-01-03T06:35:00+00:00,2026-01-03T06:39:59.999000+00:00,98.98078270187142,101.357486234166,97.74849782329811,100.32158841591675,111.17661184840982,13662.560041432693,755
2026-01-03T06:40:00+00:00,2026-01-03T06:44:59.999000+00:00,100.32158841591675,101.62117572444869,98.20124465429839,99.47449743997389,134.36133223436124,12155.017659839683,756
2026-01-03T06:45:00+00:00,2026-01-03T06:49:59.999000+00:00,99.47449743997389,101.3089585882521,98.85638059092737,100.50754137664455,120.2391541279952,10348.681250676193,757
2026-01-03T06:50:00+00:00,2026-01-03T06:54:59.999000+00:00,100.50754137664455,102.72453391871207,99.4849245132591,101.67628855451147,113.60366941711742,11133.505932138632,758
2026-01-03T06:55:00+00:00,2026-01-03T06:59:59.999000+00:00,101.67628855451147,103.98789431853666,101.0611602774558,102.36287157368756,130.7354897407003,13136.357831635574,759
2026-01-03T07:00:00+00:00,2026-01-03T07:04:59.999000+00:00,102.36287157368756,105.04165761493898,100.68622602320004,103.53341645790223,149.38426748155712,10969.902890042235,760
2026-01-03T07:05:00+00:00,2026-01-03T07:09:59.999000+00:00,103.53341645790223,107.22193348508743,102.10844210310817,105.6495940069243,111.9602371506837,15215.487459073423,761
2026-01-03T07:10:00+00:00,2026-01-03T07:14:59.999000+00:00,105.6495940069243,107.99866289351407,105.02375508580569,106.99834222099858,128.69384976713172,15740.653936808289,762
2026-01-03T07:15:00+00:00,2026-01-03T07:19:59.999000+00:00,106.99834222099858,110.90247223140167,105.39852172816563,109.35769927383113,133.85923013448996,15285.201798984057,763
2026-01-03T07:20:00+00:00,2026-01-03T07:24:59.999000+00:00,109.35769927383113,111.90515084865756,108.01815768742458,110.18540826269961,125.47201214069534,13285.52703824079,764
2026-01-03T07:25:00+00:00,2026-01-03T07:29:59.999000+00:00,110.18540826269961,112.47062045615576,108.61168447234907,111.35497075715728,140.78865859685953,14781.27088541689,765
2026-01-03T07:30:00+00:00,2026-01-03T07:34:59.999000+00:00,111.35497075715728,112.77786294212211,109.55033560210136,110.44197123370255,128.78197593844095,16010.23678228448,766
2026-01-03T07:35:00+00:00,2026-01-03T07:39:59.999000+00:00,110.44197123370255,111.2296908144237,108.6844891556125,109.96737767786435,148.18008659042434,14437.31065045639,767
2026-01-03T07:40:00+00:00,2026-01-03T07:44:59.999000+00:00,109.96737767786435,111.74777227613347,109.09049753775325,109.67726767357128,144.4136143725201,14576.98569638147,768
2026-01-03T07:45:00+00:00,2026-01-03T07:49:59.999000+00:00,109.67726767357128,111.00843668491684,107.97286680373142,108.4879115375206,143.73751659595854,15872.997564161946,769
2026-01-03T07:50:00+00:00,2026-01-03T07:54:59.999000+00:00,108.4879115375206,109.10654452510022,104.97159595370107,106.64564237989799,122.9627664472252,14680.73442906342,770
2026-01-03T07:55:00+00:00,2026-01-03T07:59:59.999000+00:00,106.64564237989799,107.26424105670853,105.07004542111561,106.2623422114784,146.19693253729338,15809.448849912997,771
2026-01-03T08:00:00+00:00,2026-01-03T08:04:59.999000+00:00,106.2623422114784,107.12967064654829,102.67588639300962,104.27077630128738,102.62079662847142,11024.908677704236,772
2026-01-03T08:05:00+00:00,2026-01-03T08:09:59.999000+00:00,104.27077630128738,105.58057731979048,101.52958102211342,103.16241329539955,106.46657582667439,13111.019322630566,773
2026-01-03T08:10:00+00:00,2026-01-03T08:14:59.999000+00:00,103.16241329539955,103.87700452405257,100.20541626365689,100.82574028108037,125.83224457673431,12184.201507540074,774
2026-01-03T08:15:00+00:00,2026-01-03T08:19:59.999000+00:00,100.82574028108037,102.95262198792766,99.22731887057887,101.17692834453078,146.7552015261092,14644.977354893652,775
2026-01-03T08:20:00+00:00,2026-01-03T08:24:59.999000+00:00,101.17692834453078,102.20167619650789,98.47707101643687,100.05360683595677,103.2039650276545,10847.323707769112,776
2026-01-03T08:25:00+00:00,2026-01-03T08:29:59.999000+00:00,100.05360683595677,100.7957532312372,99.11607293525323,99.97850682704586,139.47866907969103,12356.741922288027,777
2026-01-03T08:30:00+00:00,2026-01-03T08:34:59.999000+00:00,99.97850682704586,100.50257905713188,98.95946858209413,99.61614663555984,122.35358595484367,10988.907595280474,778
2026-01-03T08:35:00+00:00,2026-01-03T08:39:59.999000+00:00,99.61614663555984,100.57357985292244,98.74821615359022,99.4085729607113,125.57466533753464,11227.777810861913,779
2026-01-03T08:40:00+00:00,2026-01-03T08:44:59.999000+00:00,99.4085729607113,101.61519133617934,97.99341477718825,99.85051540540003,123.47609703321407,10711.842693905803,780
2026-01-03T08:45:00+00:00,2026-01-03T08:49:59.999000+00:00,99.85051540540003,101.63807831164982,98.86396824142459,100.6602320461775,136.44877966784702,12243.892259591072,781
2026-01-03T08:50:00+00:00,2026-01-03T08:54:59.999000+00:00,100.6602320461775,101.37074083707674,99.08163453648173,100.03267659717665,144.6300090763975,13519.074231071578,782
2026-01-03T08:55:00+00:00,2026-01-03T08:59:59.999000+00:00,100.03267659717665,101.3636512710844,98.36571467337059,99.53637837891065,148.14203311672938,12573.378026735814,783
2026-01-03T09:00:00+00:00,2026-01-03T09:04:59.999000+00:00,99.53637837891065,100.55488620695319,96.38368133790567,98.02146268200418,141.41588758862252,10320.93455847024,784
2026-01-03T09:05:00+00:00,2026-01-03T09:09:59.999000+00:00,98.02146268200418,98.91677580351111,94.53018696352004,95.84807598276736,142.04895336738446,10894.951395089058,785
2026-01-03T09:10:00+00:00,2026-01-03T09:14:59.999000+00:00,95.84807598276736,97.42399078063245,94.53430430345581,95.36558240094753,108.751851206036,14117.550042010766,786
2026-01-03T09:15:00+00:00,2026-01-03T09:19:59.999000+00:00,95.36558240094753,96.37430041944718,92.26949575921063,93.61641010379746,147.52602390428143,13301.36890061256,787
2026-01-03T09:20:00+00:00,2026-01-03T09:24:59.999000+00:00,93.61641010379746,94.24847054992684,90.66338512915429,91.82047338687815,100.53237075902679,12239.784734517332,788
2026-01-03T09:25:00+00:00,2026-01-03T09:29:59.999000+00:00,91.82047338687815,92.89513274084484,89.08026098989555,89.68076128114072,126.76114380268162,10834.246189227048,789
2026-01-03T09:30:00+00:00,2026-01-03T09:34:59.999000+00:00,89.68076128114072,91.21949871137622,87.98927528359269,89.95434742133352,106.72112742616119,9571.343459118383,790
2026-01-03T09:35:00+00:00,2026-01-03T09:39:59.999000+00:00,89.95434742133352,91.53101739204443,87.31809776409521,88.31601954438366,102.33934906214331,11075.596370550435,791
2026-01-03T09:40:00+00:00,2026-01-03T09:44:59.999000+00:00,88.31601954438366,89.76322519736395,87.32946082338619,88.95031490741268,101.93482221851194,9657.956567137511,792
2026-01-03T09:45:00+00:00,2026-01-03T09:49:59.999000+00:00,88.95031490741268,90.07252545761169,87.19160120798674,89.54340566160519,141.6057810458546,12508.573678562845,793
2026-01-03T09:50:00+00:00,2026-01-03T09:54:59.999000+00:00,89.54340566160519,91.96849634043198,88.19788615207916,91.06813521086787,135.32927347042653,9721.89338657452,794
2026-01-03T09:55:00+00:00,2026-01-03T09:59:59.999000+00:00,91.06813521086787,94.15346561731666,90.00577747385655,92.7627725192229,111.87561317941666,13718.018348346903,795
2026-01-03T10:00:00+00:00,2026-01-03T10:04:59.999000+00:00,92.7627725192229,95.3636913382201,92.00842692329906,93.92905652549555,124.12817730210168,12559.138736293942,796
2026-01-03T10:05:00+00:00,2026-01-03T10:09:59.999000+00:00,93.92905652549555,96.73262766510406,92.58894915115393,95.96798163797456,125.3050162771409,10483.345014419016,797
2026-01-03T10:10:00+00:00,2026-01-03T10:14:59.999000+00:00,95.96798163797456,97.31086938455184,94.41290041374253,96.49462611422801,141.8274002706815,12162.939485810119,798
2026-01-03T10:15:00+00:00,2026-01-03T10:19:59.999000+00:00,96.49462611422801,100.29296440563758,95.04523764110994,98.54881032721522,102.03317406901043,11454.909289724703,799
2026-01-03T10:20:00+00:00,2026-01-03T10:24:59.999000+00:00,98.54881032721522,100.956538159292,97.31640919847221,100.07020182705278,101.33234226596623,11914.504687872786,800
2026-01-03T10:25:00+00:00,2026-01-03T10:29:59.999000+00:00,100.07020182705278,100.63234870383407,99.2421021113621,100.12110914754878,109.9252277623808,14275.91318249849,801
2026-01-03T10:30:00+00:00,2026-01-03T10:34:59.999000+00:00,100.12110914754878,102.16173711253593,98.34706352897884,101.06439039098377,126.37343959720963,14528.472832626368,802
2026-01-03T10:35:00+00:00,2026-01-03T10:39:59.999000+00:00,101.06439039098377,102.29202602866144,98.94432049572082,100.02313579978258,143.8186735046273,14930.729512514938,803
2026-01-03T10:40:00+00:00,2026-01-03T10:44:59.999000+00:00,100.02313579978258,101.90479505160647,98.4522830965698,100.32288930500464,148.32756252327533,14641.429483057806,804
2026-01-03T10:45:00+00:00,2026-01-03T10:49:59.999000+00:00,100.32288930500464,101.38034220495908,97.97310526184076,99.47736701479869,131.46704183181282,10989.675644639534,805
2026-01-03T10:50:00+00:00,2026-01-03T10:54:59.999000+00:00,99.47736701479869,101.55404209898437,98.83037600210731,100.16177570256254,137.98401932332408,13396.625523431843,806
2026-01-03T10:55:00+00:00,2026-01-03T10:59:59.999000+00:00,100.16177570256254,101.58972008274097,98.65922883243934,100.75624694943983,115.40203342428524,10780.69947739599,807
2026-01-03T11:00:00+00:00,2026-01-03T11:04:59.999000+00:00,100.75624694943983,102.42078154704959,99.12644443875055,101.2133016769503,106.30099140707236,10619.107970817307,808
2026-01-03T11:05:00+00:00,2026-01-03T11:09:59.999000+00:00,101.2133016769503,103.45343277496528,99.64841514822662,102.70071687800181,126.18075390590256,12727.04735035689,809
2026-01-03T11:10:00+00:00,2026-01-03T11:14:59.999000+00:00,102.70071687800181,104.14526804398592,101.11126078058871,102.70495786472146,110.57251048273284,12845.09357137792,810
2026-01-03T11:15:00+00:00,2026-01-03T11:19:59.999000+00:00,102.70495786472146,105.35251752620509,101.98429764814989,104.03792984391163,121.16401256395363,10633.597385362687,811
2026-01-03T11:20:00+00:00,2026-01-03T11:24:59.999000+00:00,104.03792984391163,107.58335172340928,102.2472861314826,106.80037203544246,100.98509288442408,15427.416273666227,812
2026-01-03T11:25:00+00:00,2026-01-03T11:29:59.999000+00:00,106.80037203544246,109.90201873676669,106.17609984618177,108.1393521003207,118.42308156107991,12843.163155664386,813
2026-01-03T11:30:00+00:00,2026-01-03T11:34:59.999000+00:00,108.1393521003207,111.10471835312444,107.57055069916346,109.73607413747084,102.0472992826453,12477.14292476936,814
2026-01-03T11:35:00+00:00,2026-01-03T11:39:59.999000+00:00,109.73607413747084,110.58323633679288,108.44492533624016,109.63661491825016,135.51805978735092,16037.536670034038,815
2026-01-03T11:40:00+00:00,2026-01-03T11:44:59.999000+00:00,109.63661491825016,112.50427365781263,108.92680485485072,110.79470039330786,136.24523884354795,11336.25420917613,816
2026-01-03T11:45:00+00:00,2026-01-03T11:49:59.999000+00:00,110.79470039330786,111.96858255969195,109.58184753924296,110.30560366034814,123.9874329212937,13735.35431565166,817
2026-01-03T11:50:00+00:00,2026-01-03T11:54:59.999000+00:00,110.30560366034814,111.16227209198726,108.64608427603481,109.7514183538778,117.1435408899698,12677.267686667408,818
2026-01-03T11:55:00+00:00,2026-01-03T11:59:59.999000+00:00,109.7514183538778,110.50912311516987,108.64492975669542,109.23199298357048,129.6656954217487,14506.302429666892,819
2026-01-03T12:00:00+00:00,2026-01-03T12:04:59.999000+00:00,109.23199298357048,110.42385412719263,107.91532170849987,108.8809896463294,130.20827829184714,13657.10050150494,820
2026-01-03T12:05:00+00:00,2026-01-03T12:09:59.999000+00:00,108.8809896463294,110.01377031852816,105.59392719891402,107.39272578677182,136.89604297623956,14885.066825205311,821
2026-01-03T12:10:00+00:00,2026-01-03T12:14:59.999000+00:00,107.39272578677182,108.7726548112295,103.25840812163868,104.77493992191084,103.83932745898494,14967.502036869042,822
2026-01-03T12:15:00+00:00,2026-01-03T12:19:59.999000+00:00,104.77493992191084,105.44581970154516,102.5463891595878,103.63096701797782,114.73910473363999,13240.292701436598,823
2026-01-03T12:20:00+00:00,2026-01-03T12:24:59.999000+00:00,103.63096701797782,105.10013388844436,100.58855388698002,101.18666405871237,146.37091278165886,10141.743276888143,824
2026-01-03T12:25:00+00:00,2026-01-03T12:29:59.999000+00:00,101.18666405871237,102.52499989399007,99.35825936814575,101.00395525342785,125.90725101132935,13471.704932773231,825
2026-01-03T12:30:00+00:00,2026-01-03T12:34:59.999000+00:00,101.00395525342785,101.61069687533924,99.09021779853137,100.30298979224179,149.97010072226934,12067.331232560939,826
2026-01-03T12:35:00+00:00,2026-01-03T12:39:59.999000+00:00,100.30298979224179,101.61832480152478,98.22275906067944,99.97651870105292,103.9868589074095,13423.661986094969,827
2026-01-03T12:40:00+00:00,2026-01-03T12:44:59.999000+00:00,99.97651870105292,101.0345855658376,98.05438845077722,99.04310168402539,101.46453050973183,13977.088927302935,828
2026-01-03T12:45:00+00:00,2026-01-03T12:49:59.999000+00:00,99.04310168402539,101.74098618981702,97.25239059165914,100.05015820161226,109.53652841392122,11694.007647159093,829
2026-01-03T12:50:00+00:00,2026-01-03T12:54:59.999000+00:00,100.05015820161226,101.65314149923005,98.71133025730103,99.57797192663611,141.34747374544963,14060.619326499702,830
2026-01-03T12:55:00+00:00,2026-01-03T12:59:59.999000+00:00,99.57797192663611,100.85222638123014,98.1076848305423,99.40143668002638,113.42194773734883,11257.624522422027,831
2026-01-03T13:00:00+00:00,2026-01-03T13:04:59.999000+00:00,99.40143668002638,100.46147187038642,98.5828424497919,99.51936349469409,100.05908545117995,11952.964401057026,832
2026-01-03T13:05:00+00:00,2026-01-03T13:09:59.999000+00:00,99.51936349469409,100.52109129191895,98.13425434527176,98.90420715548376,112.75504424878119,13980.622677121648,833
2026-01-03T13:10:00+00:00,2026-01-03T13:14:59.999000+00:00,98.90420715548376,100.48376722431205,97.19828670921741,98.25431815728842,116.23704997891055,11939.708642600404,834
2026-01-03T13:15:00+00:00,2026-01-03T13:19:59.999000+00:00,98.25431815728842,98.78995993522447,95.64157751759528,97.22617590503377,131.0947823192715,14186.80177945633,835
2026-01-03T13:20:00+00:00,2026-01-03T13:24:59.999000+00:00,97.22617590503377,98.08859107906625,95.16576938301324,96.09827202610953,123.37861541795829,13692.507691138902,836
2026-01-03T13:25:00+00:00,2026-01-03T13:29:59.999000+00:00,96.09827202610953,96.70877134794675,92.34823352883838,94.08603142033458,107.73855406091798,10275.749931929668,837
2026-01-03T13:30:00+00:00,2026-01-03T13:34:59.999000+00:00,94.08603142033458,94.98410444131258,91.50562899620883,92.54846901279184,109.17921574272847,10402.06088539413,838
2026-01-03T13:35:00+00:00,2026-01-03T13:39:59.999000+00:00,92.54846901279184,93.17135354484721,90.53235386707354,91.97908866506725,117.88017507712273,10471.956933102227,839
2026-01-03T13:40:00+00:00,2026-01-03T13:44:59.999000+00:00,91.97908866506725,92.54334311574482,89.06791101009556,90.6275028163046,100.11281332709116,10212.074987687085,840
2026-01-03T13:45:00+00:00,2026-01-03T13:49:59.999000+00:00,90.6275028163046,92.1149056579789,88.74573604653183,89.63544424802726,117.73150256389845,9320.276959097897,841
2026-01-03T13:50:00+00:00,2026-01-03T13:54:59.999000+00:00,89.63544424802726,90.5302139412348,88.65248666027472,89.20654749477961,104.21263581947782,9856.745902289855,842
2026-01-03T13:55:00+00:00,2026-01-03T13:59:59.999000+00:00,89.20654749477961,90.44668000609455,88.63742205159966,89.51066152019588,139.79592796443544,9916.784710665383,843
2026-01-03T14:00:00+00:00,2026-01-03T14:04:59.999000+00:00,89.51066152019588,92.37805574467093,88.7812484737272,90.77232906275893,111.6007847316239,13313.481851903549,844
2026-01-03T14:05:00+00:00,2026-01-03T14:09:59.999000+00:00,90.77232906275893,92.19961042788442,89.3837759686008,91.04521728657556,104.01571906220798,10976.563828009783,845
2026-01-03T14:10:00+00:00,2026-01-03T14:14:59.999000+00:00,91.04521728657556,93.59563390760003,89.76594770792059,92.0182913947053,113.99905235453743,11199.830463382737,846
2026-01-03T14:15:00+00:00,2026-01-03T14:19:59.999000+00:00,92.0182913947053,95.07365485851008,91.40499338385219,94.31792200261306,123.90466827049306,10882.190628652255,847
2026-01-03T14:20:00+00:00,2026-01-03T14:24:59.999000+00:00,94.31792200261306,97.31552433339107,92.5610121052196,96.17089741908906,138.8368833923154,12449.757905964765,848
2026-01-03T14:25:00+00:00,2026-01-03T14:29:59.999000+00:00,96.17089741908906,99.270616138118,94.75006898808448,98.00094598487576,143.3523048440217,12881.515805756462,849
2026-01-03T14:30:00+00:00,2026-01-03T14:34:59.999000+00:00,98.00094598487576,99.35834576041003,96.63793209363298,98.36177494867273,110.09183716824398,11158.873522086958,850
2026-01-03T14:35:00+00:00,2026-01-03T14:39:59.999000+00:00,98.36177494867273,100.15179051433809,96.8675192985789,99.30453672980313,123.83472336947607,12436.085304316905,851
2026-01-03T14:40:00+00:00,2026-01-03T14:44:59.999000+00:00,99.30453672980313,102.59250723853741,98.31644337349874,100.98311111486379,100.93003375367913,11211.97116045764,852
2026-01-03T14:45:00+00:00,2026-01-03T14:49:59.999000+00:00,100.98311111486379,102.9946685126558,100.36451979315046,101.31252202324187,116.93272224279889,13157.909401515448,853
2026-01-03T14:50:00+00:00,2026-01-03T14:54:59.999000+00:00,101.31252202324187,102.89239002893794,100.37678578634026,101.34542768348378,108.66804349736492,12453.72973742287,854
2026-01-03T14:55:00+00:00,2026-01-03T14:59:59.999000+00:00,101.34542768348378,101.86005273384023,100.04798815723055,100.74055938733244,131.5515436739112,14967.927883580576,855
2026-01-03T15:00:00+00:00,2026-01-03T15:04:59.999000+00:00,100.74055938733244,102.36967598803851,99.24337586123141,101.07666715118864,130.46081550081453,13938.367447338933,856
2026-01-03T15:05:00+00:00,2026-01-03T15:09:59.999000+00:00,101.07666715118864,102.82577218233942,99.89588086640913,101.01024161247817,143.21192864545628,13675.77322033144,857
2026-01-03T15:10:00+00:00,2026-01-03T15:14:59.999000+00:00,101.01024161247817,102.19168468450647,99.81595132685767,100.36960917473964,134.29611481327368,12843.78423706809,858
2026-01-03T15:15:00+00:00,2026-01-03T15:19:59.999000+00:00,100.36960917473964,103.43295166109438,98.69893856579718,102.37209294823802,142.0907622461732,15233.122904804839,859
2026-01-03T15:20:00+00:00,2026-01-03T15:24:59.999000+00:00,102.37209294823802,103.71324414716675,100.74137620082588,103.13922977925118,136.3196946170331,13452.08582034332,860
2026-01-03T15:25:00+00:00,2026-01-03T15:29:59.999000+00:00,103.13922977925118,104.99514527265428,102.52129506684227,104.08052683498616,137.1589646335035,13010.354082668327,861
2026-01-03T15:30:00+00:00,2026-01-03T15:34:59.999000+00:00,104.08052683498616,106.95742240162254,103.47803614077333,105.85521278631062,130.06855114216194,15144.633359201513,862
2026-01-03T15:35:00+00:00,2026-01-03T15:39:59.999000+00:00,105.85521278631062,106.72085191604589,104.72055338502908,105.99565355693366,146.5748938586384,13422.533247059215,863
2026-01-03T15:40:00+00:00,2026-01-03T15:44:59.999000+00:00,105.99565355693366,109.56123546243352,105.19302506689517,108.12876513058623,149.5594676146883,15858.440174308535,864
2026-01-03T15:45:00+00:00,2026-01-03T15:49:59.999000+00:00,108.12876513058623,110.09864061615217,107.49067065681893,108.93437843598512,140.78628628291202,15748.67348091101,865
2026-01-03T15:50:00+00:00,2026-01-03T15:54:59.999000+00:00,108.93437843598512,111.94239991743376,107.94295705271524,111.22171427081297,139.0100335274457,15119.057172242212,866
2026-01-03T15:55:00+00:00,2026-01-03T15:59:59.999000+00:00,111.22171427081297,112.50812851612076,109.89012959234333,110.89961294134778,144.31551616640272,16429.949928441285,867
2026-01-03T16:00:00+00:00,2026-01-03T16:04:59.999000+00:00,110.89961294134778,112.66353108755645,110.26011540703037,110.91822414707218,117.16396391168752,11929.790463771264,868
2026-01-03T16:05:00+00:00,2026-01-03T16:09:59.999000+00:00,110.91822414707218,111.59057717511978,108.90479514021432,109.6180257844046,118.18238889352516,15947.843086376319,869
2026-01-03T16:10:00+00:00,2026-01-03T16:14:59.999000+00:00,109.6180257844046,110.79359459927804,108.54996584254901,109.49134990189458,120.51973765101798,12644.981263122423,870
2026-01-03T16:15:00+00:00,2026-01-03T16:19:59.999000+00:00,109.49134990189458,110.78756197720956,106.47452486768924,107.016190142361,125.63753455887095,12296.994171864284,871
2026-01-03T16:20:00+00:00,2026-01-03T16:24:59.999000+00:00,107.016190142361,108.49600401151945,104.95467355068536,106.58215150007481,138.05172979154952,11346.61830566875,872
2026-01-03T16:25:00+00:00,2026-01-03T16:29:59.999000+00:00,106.58215150007481,107.3716453340418,102.62260364823948,104.10733215019837,127.24085321668194,11413.761521591574,873
2026-01-03T16:30:00+00:00,2026-01-03T16:34:59.999000+00:00,104.10733215019837,105.75388405882678,100.74407556970824,102.03796405765576,121.52318516773579,14102.710690514585,874
2026-01-03T16:35:00+00:00,2026-01-03T16:39:59.999000+00:00,102.03796405765576,103.5023800262247,99.85241477839409,100.94214965482806,104.46646124158953,12798.20869528066,875
2026-01-03T16:40:00+00:00,2026-01-03T16:44:59.999000+00:00,100.94214965482806,102.0479064208437,99.51811445605061,100.7417680837883,100.89764753804849,10207.416502968304,876
2026-01-03T16:45:00+00:00,2026-01-03T16:49:59.999000+00:00,100.7417680837883,102.45040920745768,98.08343930898859,99.56744753070043,101.20247788086408,13116.506907652265,877
2026-01-03T16:50:00+00:00,2026-01-03T16:54:59.999000+00:00,99.56744753070043,100.10529919031701,97.08231943361012,98.86682244690749,122.34236807503468,14301.106752051877,878
2026-01-03T16:55:00+00:00,2026-01-03T16:59:59.999000+00:00,98.86682244690749,100.26488260934588,98.32351683821462,98.96799989241984,125.43958430686064,14765.483954018082,879
2026-01-03T17:00:00+00:00,2026-01-03T17:04:59.999000+00:00,98.96799989241984,100.2992130118438,97.34176870080788,99.04739884294852,103.72588956108318,13735.017404501154,880
2026-01-03T17:05:00+00:00,2026-01-03T17:09:59.999000+00:00,99.04739884294852,100.50228074763753,98.25806126353181,98.85186433198987,122.67970664908201,10957.944463265596,881
2026-01-03T17:10:00+00:00,2026-01-03T17:14:59.999000+00:00,98.85186433198987,99.60161403415674,97.64391325504386,98.27431859386657,140.93484372037997,11057.102209258912,882
2026-01-03T17:15:00+00:00,2026-01-03T17:19:59.999000+00:00,98.27431859386657,100.47113194135693,97.34267790109637,98.78114468844689,108.27698839751133,10236.711406509234,883
2026-01-03T17:20:00+00:00,2026-01-03T17:24:59.999000+00:00,98.78114468844689,100.12677610563898,96.5275885412258,98.0706855710272,103.45430677368545,14214.450966023056,884
2026-01-03T17:25:00+00:00,2026-01-03T17:29:59.999000+00:00,98.0706855710272,99.18971161015507,97.02361102873881,97.99106332839091,115.54627497617494,14479.659830920193,885
2026-01-03T17:30:00+00:00,2026-01-03T17:34:59.999000+00:00,97.99106332839091,99.4068242179985,94.98405878281999,95.74688708844322,115.52003986857919,11052.383629731487,886
2026-01-03T17:35:00+00:00,2026-01-03T17:39:59.999000+00:00,95.74688708844322,96.8623622549394,94.97429278200357,95.79230283083876,131.87101946288158,13193.840882877219,887
2026-01-03T17:40:00+00:00,2026-01-03T17:44:59.999000+00:00,95.79230283083876,97.00129684292516,92.24543124299075,93.9381706296869,107.88986552880392,11470.592335034049,888
2026-01-03T17:45:00+00:00,2026-01-03T17:49:59.999000+00:00,93.9381706296869,95.17175042654851,91.37518991332502,92.78612403183105,110.45493507505378,9563.34479315383,889
2026-01-03T17:50:00+00:00,2026-01-03T17:54:59.999000+00:00,92.78612403183105,94.06304757336585,90.71421559278127,91.60409604412119,121.40937639252996,9219.983023552893,890
2026-01-03T17:55:00+00:00,2026-01-03T17:59:59.999000+00:00,91.60409604412119,92.62903329570176,88.97741367658514,90.54611052966975,118.8579869930447,9988.677306910202,891
2026-01-03T18:00:00+00:00,2026-01-03T18:04:59.999000+00:00,90.54611052966975,91.14981333681388,87.84082984294974,88.71517497377249,131.74891926272755,10098.72735948479,892
2026-01-03T18:05:00+00:00,2026-01-03T18:09:59.999000+00:00,88.71517497377249,90.17979878644405,87.44919996426054,89.15309993992584,114.95192617415029,9390.051945432797,893
2026-01-03T18:10:00+00:00,2026-01-03T18:14:59.999000+00:00,89.15309993992584,90.13149953770257,88.18611984987322,89.05073149077025,146.33704559500669,11473.911595959069,894
2026-01-03T18:15:00+00:00,2026-01-03T18:19:59.999000+00:00,89.05073149077025,92.33202547555521,87.7114665181148,90.81009102940033,111.65766214200758,10126.974063899926,895
2026-01-03T18:20:00+00:00,2026-01-03T18:24:59.999000+00:00,90.81009102940033,92.52312783779382,89.4366591435904,92.02091966759912,138.66848320612195,12302.081162323333,896
2026-01-03T18:25:00+00:00,2026-01-03T18:29:59.999000+00:00,92.02091966759912,94.1363901153949,91.02596441567427,93.53329211043008,149.3768116779387,12883.461389077007,897
2026-01-03T18:30:00+00:00,2026-01-03T18:34:59.999000+00:00,93.53329211043008,96.9405788108062,92.03043288295999,95.88113439386078,128.40446939825065,11301.298998657287,898
2026-01-03T18:35:00+00:00,2026-01-03T18:39:59.999000+00:00,95.88113439386078,97.50223751818395,94.8795405442202,96.3202435747,134.6290427458301,12728.61613640254,899
2026-01-03T18:40:00+00:00,2026-01-03T18:44:59.999000+00:00,96.3202435747,99.84984774886819,94.85368580462335,98.97383335000082,133.18865549801487,14251.153278277614,900
2026-01-03T18:45:00+00:00,2026-01-03T18:49:59.999000+00:00,98.97383335000082,100.63273838543317,97.48605278952746,100.1086032580638,113.44432276881449,12188.10767295046,901
2026-01-03T18:50:00+00:00,2026-01-03T18:54:59.999000+00:00,100.1086032580638,101.047908290149,98.82154025804323,100.27100493125458,147.63078995554253,10674.482653860341,902
2026-01-03T18:55:00+00:00,2026-01-03T18:59:59.999000+00:00,100.27100493125458,103.64725261330275,98.89791693986041,102.14100484939817,129.17254311915838,11918.377928766367,903
2026-01-03T19:00:00+00:00,2026-01-03T19:04:59.999000+00:00,102.14100484939817,103.77498086376247,100.72874693894526,102.02542011165866,126.07848887460304,10385.587178334514,904
2026-01-03T19:05:00+00:00,2026-01-03T19:09:59.999000+00:00,102.02542011165866,102.677946532426,100.67854425652364,101.39348105821107,113.20050098306479,13895.619311433493,905
2026-01-03T19:10:00+00:00,2026-01-03T19:14:59.999000+00:00,101.39348105821107,102.11446430402977,100.88557654726985,101.43860491353753,109.55720224736437,14349.06097444328,906
2026-01-03T19:15:00+00:00,2026-01-03T19:19:59.999000+00:00,101.43860491353753,103.5520450824085,100.00139650245927,101.7714315635939,135.1074516284594,13917.742688659906,907
2026-01-03T19:20:00+00:00,2026-01-03T19:24:59.999000+00:00,101.7714315635939,102.65219466816124,100.08702506905873,101.96402426014377,111.36397679601336,13686.994051325531,908
2026-01-03T19:25:00+00:00,2026-01-03T19:29:59.999000+00:00,101.96402426014377,102.94998492770995,101.30672050084672,101.93765685634813,105.26481323416039,14859.10552539098,909
2026-01-03T19:30:00+00:00,2026-01-03T19:34:59.999000+00:00,101.93765685634813,103.8510805614212,100.83874503591653,102.05994716713931,126.55783553660183,14289.538904106776,910
2026-01-03T19:35:00+00:00,2026-01-03T19:39:59.999000+00:00,102.05994716713931,104.41541398004829,100.64840330699056,102.94011784277039,113.82883648129814,12815.90598473183,911
2026-01-03T19:40:00+00:00,2026-01-03T19:44:59.999000+00:00,102.94011784277039,105.16803538073965,101.75314774749893,104.1624657305741,114.45953069428751,11849.7341802172,912
2026-01-03T19:45:00+00:00,2026-01-03T19:49:59.999000+00:00,104.1624657305741,106.82332546223807,102.61948454227729,105.37007592535727,128.10566345303897,15215.440809146536,913
2026-01-03T19:50:00+00:00,2026-01-03T19:54:59.999000+00:00,105.37007592535727,108.11893754650191,103.90486648867476,106.77006850621561,113.1095195016454,13055.244571815443,914
2026-01-03T19:55:00+00:00,2026-01-03T19:59:59.999000+00:00,106.77006850621561,109.74218974436957,106.24253823322444,108.35674177008715,107.6231149735866,12309.939524339574,915
2026-01-03T20:00:00+00:00,2026-01-03T20:04:59.999000+00:00,108.35674177008715,111.27777452099232,106.98940812011323,110.0232891797707,130.56054448714985,11276.402323577322,916
2026-01-03T20:05:00+00:00,2026-01-03T20:09:59.999000+00:00,110.0232891797707,111.52626580897144,108.474054869773,109.96245961351666,120.63062002687498,13814.092758724668,917
2026-01-03T20:10:00+00:00,2026-01-03T20:14:59.999000+00:00,109.96245961351666,111.99382139168536,108.73104835562887,110.31494132232068,118.71278754849229,15226.077178394908,918
2026-01-03T20:15:00+00:00,2026-01-03T20:19:59.999000+00:00,110.31494132232068,112.74946411345077,108.75314939524391,111.1847693882641,135.72756857735354,13781.846263204705,919
2026-01-03T20:20:00+00:00,2026-01-03T20:24:59.999000+00:00,111.1847693882641,112.20580692631384,108.90423009045938,109.4371916727046,124.63830818212968,15267.734889263755,920
2026-01-03T20:25:00+00:00,2026-01-03T20:29:59.999000+00:00,109.4371916727046,110.23019187423805,107.09557752934788,108.10613756404608,119.74486157828386,12783.97009049672,921
2026-01-03T20:30:00+00:00,2026-01-03T20:34:59.999000+00:00,108.10613756404608,109.08140223877116,105.64358238011799,107.04159953263392,122.50661870529913,13103.082317447328,922
2026-01-03T20:35:00+00:00,2026-01-03T20:39:59.999000+00:00,107.04159953263392,107.57582617370969,103.22160776509956,104.97351666112019,131.6143005580562,13914.8973793561,923
2026-01-03T20:40:00+00:00,2026-01-03T20:44:59.999000+00:00,104.97351666112019,105.72972851932559,102.86964419058623,103.80438299155182,118.17800498537578,14333.716896523509,924
2026-01-03T20:45:00+00:00,2026-01-03T20:49:59.999000+00:00,103.80438299155182,104.49217905316533,101.50440432718945,102.35091142994911,127.33300184791045,15047.68872050249,925
2026-01-03T20:50:00+00:00,2026-01-03T20:54:59.999000+00:00,102.35091142994911,103.67555151092824,99.96682309124611,101.04139012557474,138.60545367711484,10758.868942926118,926
2026-01-03T20:55:00+00:00,2026-01-03T20:59:59.999000+00:00,101.04139012557474,102.72147062404908,99.02216282494427,100.01031112684083,106.89675153369078,12243.861167145784,927
2026-01-03T21:00:00+00:00,2026-01-03T21:04:59.999000+00:00,100.01031112684083,101.47508858987113,97.75763344338786,99.04931063785921,147.90428650339408,13426.443140676196,928
2026-01-03T21:05:00+00:00,2026-01-03T21:09:59.999000+00:00,99.04931063785921,100.5522649123305,96.60443066437074,97.86982699706044,145.01996036657928,11256.358951312612,929
2026-01-03T21:10:00+00:00,2026-01-03T21:14:59.999000+00:00,97.86982699706044,99.65196840439451,96.69960236044028,97.8038766527214,139.74567573728928,9971.192389990474,930
2026-01-03T21:15:00+00:00,2026-01-03T21:19:59.999000+00:00,97.8038766527214,99.05648827991853,97.00151517189079,98.0625301853851,107.1405338815639,13242.110550223082,931
2026-01-03T21:20:00+00:00,2026-01-03T21:24:59.999000+00:00,98.0625301853851,99.40786476773769,96.96558260841897,97.72676787406469,138.92035230402436,10595.550826672135,932
2026-01-03T21:25:00+00:00,2026-01-03T21:29:59.999000+00:00,97.72676787406469,99.79212808385816,96.16803505723983,98.20344043184353,124.9092018890883,11395.977140122015,933
2026-01-03T21:30:00+00:00,2026-01-03T21:34:59.999000+00:00,98.20344043184353,100.56783560674087,97.32442685427321,98.97433058752995,106.8174288173066,11422.34781793927,934
2026-01-03T21:35:00+00:00,2026-01-03T21:39:59.999000+00:00,98.97433058752995,99.73446567100737,97.32492970096655,98.44653570984214,147.59292897591442,13528.038998171727,935
2026-01-03T21:40:00+00:00,2026-01-03T21:44:59.999000+00:00,98.44653570984214,99.07094931574815,96.34770638221529,97.377427349348,101.34033844361927,13156.644176749738,936
2026-01-03T21:45:00+00:00,2026-01-03T21:49:59.999000+00:00,97.377427349348,98.50672447953256,94.52686113732126,96.04255566748509,146.80944607988832,13973.73993385439,937
2026-01-03T21:50:00+00:00,2026-01-03T21:54:59.999000+00:00,96.04255566748509,97.26306878140278,93.73192414617995,95.03167536597678,103.6830034023628,10492.21555857553,938
2026-01-03T21:55:00+00:00,2026-01-03T21:59:59.999000+00:00,95.03167536597678,95.72901911558975,92.37899758416872,93.81791828124733,124.64629752242996,13366.918206343562,939
2026-01-03T22:00:00+00:00,2026-01-03T22:04:59.999000+00:00,93.81791828124733,95.15278201974195,91.102662162594,91.8700419387474,124.19578120241127,12348.513608363815,940
2026-01-03T22:05:00+00:00,2026-01-03T22:09:59.999000+00:00,91.8700419387474,93.35704158651914,89.20811708099761,90.71945963560223,127.02288728733114,9350.176564294497,941
2026-01-03T22:10:00+00:00,2026-01-03T22:14:59.999000+00:00,90.71945963560223,91.23193285781085,88.43219789192197,88.97952507748064,117.62359331968673,9386.92656338186,942
2026-01-03T22:15:00+00:00,2026-01-03T22:19:59.999000+00:00,88.97952507748064,90.4080824585128,87.23036986297224,88.82353849080857,132.9222144460288,10355.456907488639,943
2026-01-03T22:20:00+00:00,2026-01-03T22:24:59.999000+00:00,88.82353849080857,90.39761087552716,87.3236569322376,89.21584679564911,132.96347587696346,10253.523578152559,944
2026-01-03T22:25:00+00:00,2026-01-03T22:29:59.999000+00:00,89.21584679564911,91.24606630095388,88.25413596939147,89.53037574678558,116.04407840655941,10522.696375755844,945
2026-01-03T22:30:00+00:00,2026-01-03T22:34:59.999000+00:00,89.53037574678558,90.80899647409667,88.18289339021145,90.15245161734077,107.78798569474027,11762.198654950846,946
2026-01-03T22:35:00+00:00,2026-01-03T22:39:59.999000+00:00,90.15245161734077,93.15430873493983,89.04361769862673,92.3258293958454,117.0117255181924,10483.196484242822,947
2026-01-03T22:40:00+00:00,2026-01-03T22:44:59.999000+00:00,92.3258293958454,94.92840425221432,90.64869233069679,94.32787767316916,106.14095458142945,10183.126634969312,948
2026-01-03T22:45:00+00:00,2026-01-03T22:49:59.999000+00:00,94.32787767316916,98.08448424445697,93.14866846668791,96.32574413333042,109.40330482028514,10128.62274053922,949
2026-01-03T22:50:00+00:00,2026-01-03T22:54:59.999000+00:00,96.32574413333042,98.8349696985634,95.55128614136785,98.03956409597113,140.0137285099721,10190.413415305342,950
2026-01-03T22:55:00+00:00,2026-01-03T22:59:59.999000+00:00,98.03956409597113,100.13260287541974,96.59937476485909,98.49667207547078,103.64629773909158,14636.056739608575,951
2026-01-03T23:00:00+00:00,2026-01-03T23:04:59.999000+00:00,98.49667207547078,100.85396286896193,97.51379579205243,100.21182554061215,125.99462769368102,11624.160013569652,952
2026-01-03T23:05:00+00:00,2026-01-03T23:09:59.999000+00:00,100.21182554061215,103.12137734356317,98.47817285379263,101.59869478269653,108.27683455752546,10878.912875119993,953
2026-01-03T23:10:00+00:00,2026-01-03T23:14:59.999000+00:00,101.59869478269653,103.74799526187732,100.64471446727161,102.68825439497166,114.54545567658103,13759.275456916152,954
2026-01-03T23:15:00+00:00,2026-01-03T23:19:59.999000+00:00,102.68825439497166,104.57919890631288,101.92186554102727,102.87768151859193,140.58878616843555,15245.28793924802,955
2026-01-03T23:20:00+00:00,2026-01-03T23:24:59.999000+00:00,102.87768151859193,104.16268923322424,101.31148759489156,102.29728317750973,143.6737023532229,10649.468059345836,956
2026-01-03T23:25:00+00:00,2026-01-03T23:29:59.999000+00:00,102.29728317750973,104.48571157011011,100.66962709155817,102.74947665224141,112.21649061677019,14948.746199727613,957
2026-01-03T23:30:00+00:00,2026-01-03T23:34:59.999000+00:00,102.74947665224141,104.18634641177634,101.39860924478607,102.77420090612868,105.67826288593236,15194.91688097587,958
2026-01-03T23:35:00+00:00,2026-01-03T23:39:59.999000+00:00,102.77420090612868,103.47512144575374,100.88783884081613,102.37213694768249,124.262419612724,13532.475300343514,959
2026-01-03T23:40:00+00:00,2026-01-03T23:44:59.999000+00:00,102.37213694768249,103.6198858655242,100.65273171626683,102.59855360279273,127.79415397111529,13726.245382618692,960
2026-01-03T23:45:00+00:00,2026-01-03T23:49:59.999000+00:00,102.59855360279273,104.7896483750096,101.52267824995039,103.50436556680944,136.51853143383647,15434.88126941403,961
2026-01-03T23:50:00+00:00,2026-01-03T23:54:59.999000+00:00,103.50436556680944,104.72289674046799,102.97915089716543,103.8031559029468,124.98259867322474,12704.255069715791,962
2026-01-03T23:55:00+00:00,2026-01-03T23:59:59.999000+00:00,103.8031559029468,105.37288294735686,102.58434615409509,104.64652744659415,103.04563647628832,12157.177804561254,963
2026-01-04T00:00:00+00:00,2026-01-04T00:04:59.999000+00:00,104.64652744659415,108.19960853820577,103.23266092342304,106.6268049294508,127.43541169523074,14519.228065288557,964
2026-01-04T00:05:00+00:00,2026-01-04T00:09:59.999000+00:00,106.6268049294508,107.48285790552116,104.8481067893701,106.841048441702,123.20103649962249,14226.795270548706,965
2026-01-04T00:10:00+00:00,2026-01-04T00:14:59.999000+00:00,106.841048441702,109.44032619848231,105.33735236965214,108.78722611001007,106.841212416463,15990.00566955805,966
2026-01-04T00:15:00+00:00,2026-01-04T00:19:59.999000+00:00,108.78722611001007,111.08713526629657,107.92425616850068,110.20848568075041,110.64309175485407,11298.327238483249,967
2026-01-04T00:20:00+00:00,2026-01-04T00:24:59.999000+00:00,110.20848568075041,112.4116516314794,109.28146962162066,110.72832385494769,127.33313592538113,15470.879034606769,968
2026-01-04T00:25:00+00:00,2026-01-04T00:29:59.999000+00:00,110.72832385494769,113.03191069092168,109.26098695643022,111.37697486398076,135.66002800335562,11627.05471913522,969
2026-01-04T00:30:00+00:00,2026-01-04T00:34:59.999000+00:00,111.37697486398076,112.06730401878788,108.91978385974637,109.81598106954448,112.140204003582,15768.416982179928,970
2026-01-04T00:35:00+00:00,2026-01-04T00:39:59.999000+00:00,109.81598106954448,111.21526940777906,107.75670476823996,109.5241246678451,102.46616950534876,16106.507452914557,971
2026-01-04T00:40:00+00:00,2026-01-04T00:44:59.999000+00:00,109.5241246678451,110.98469387301405,107.61433165954875,108.74651302354748,104.12794718082165,15226.377030735972,972
2026-01-04T00:45:00+00:00,2026-01-04T00:49:59.999000+00:00,108.74651302354748,109.28006128931061,104.97100790836605,106.6931331045875,110.9307273599231,13784.659739765326,973
2026-01-04T00:50:00+00:00,2026-01-04T00:54:59.999000+00:00,106.6931331045875,108.47505285434421,102.98185449633425,104.58304954089688,145.94483452648703,13486.647199775163,974
2026-01-04T00:55:00+00:00,2026-01-04T00:59:59.999000+00:00,104.58304954089688,105.24784048736169,101.23830604058409,102.41458286535075,141.93045333651207,15253.21150639228,975
2026-01-04T01:00:00+00:00,2026-01-04T01:04:59.999000+00:00,102.41458286535075,103.15334743021641,99.21196035880448,100.98593130624654,127.41999580344287,14988.87330882335,976
2026-01-04T01:05:00+00:00,2026-01-04T01:09:59.999000+00:00,100.98593130624654,101.52421143676895,98.73698675518544,100.02926541695722,130.3833663964702,11742.789870843324,977
2026-01-04T01:10:00+00:00,2026-01-04T01:14:59.999000+00:00,100.02926541695722,101.36083379692857,98.33821791147909,98.936729819065,130.74916210398936,11561.951759647412,978
2026-01-04T01:15:00+00:00,2026-01-04T01:19:59.999000+00:00,98.936729819065,100.02515089739352,97.42276171913716,98.04408412506776,106.98725319645283,12895.928866715753,979
2026-01-04T01:20:00+00:00,2026-01-04T01:24:59.999000+00:00,98.04408412506776,99.01246061971509,96.20157851782344,96.79988832855857,138.67547253986484,9945.473609079258,980
2026-01-04T01:25:00+00:00,2026-01-04T01:29:59.999000+00:00,96.79988832855857,98.59640842790454,95.86450929445704,97.10170071685191,104.78282738044864,12034.454372440221,981
2026-01-04T01:30:00+00:00,2026-01-04T01:34:59.999000+00:00,97.10170071685191,99.39996254346076,95.81100790663456,98.29351176220037,114.36012236264058,11298.180116502232,982
2026-01-04T01:35:00+00:00,2026-01-04T01:39:59.999000+00:00,98.29351176220037,100.03281037142136,96.0913288504592,97.78569173460434,124.13459380507008,9894.370339325316,983
2026-01-04T01:40:00+00:00,2026-01-04T01:44:59.999000+00:00,97.78569173460434,98.81621572135461,96.36060820285601,97.44405892165689,106.03894616290142,12474.084275925881,984
2026-01-04T01:45:00+00:00,2026-01-04T01:49:59.999000+00:00,97.44405892165689,99.39428243347183,96.8742986620543,97.85251368343468,144.4032093903483,13157.027093637855,985
2026-01-04T01:50:00+00:00,2026-01-04T01:54:59.999000+00:00,97.85251368343468,98.85554083465973,95.88375408632402,96.68841848480695,131.56763369261597,10448.677212177672,986
2026-01-04T01:55:00+00:00,2026-01-04T01:59:59.999000+00:00,96.68841848480695,98.2504714224531,95.30302924851452,95.80513340216775,135.96979938212536,13186.609328445018,987
2026-01-04T02:00:00+00:00,2026-01-04T02:04:59.999000+00:00,95.80513340216775,97.01029003289896,94.53184743823549,95.26859581661532,114.35152045862819,13426.679081761562,988
2026-01-04T02:05:00+00:00,2026-01-04T02:09:59.999000+00:00,95.26859581661532,96.42416705294166,93.03831313518315,94.83081761053303,128.55324648444673,10346.605782008948,989
2026-01-04T02:10:00+00:00,2026-01-04T02:14:59.999000+00:00,94.83081761053303,96.53994006560198,92.0379657931458,93.37581001355487,106.60196301333636,12641.346532145712,990
2026-01-04T02:15:00+00:00,2026-01-04T02:19:59.999000+00:00,93.37581001355487,94.13730332770227,91.9064991722493,92.48834242164806,111.50380668466572,9628.658527910668,991
2026-01-04T02:20:00+00:00,2026-01-04T02:24:59.999000+00:00,92.48834242164806,94.19430024980973,88.97980438409813,90.48366526732322,134.57154985553848,9341.259871531156,992
2026-01-04T02:25:00+00:00,2026-01-04T02:29:59.999000+00:00,90.48366526732322,91.50724806800594,88.0333160740482,89.12736617233965,113.38799926503616,9613.733059990076,993
2026-01-04T02:30:00+00:00,2026-01-04T02:34:59.999000+00:00,89.12736617233965,89.98801540843482,87.90938812629037,88.91171572710434,135.5246759790898,12670.210349722676,994
2026-01-04T02:35:00+00:00,2026-01-04T02:39:59.999000+00:00,88.91171572710434,90.1019077832027,87.90904518704087,89.28191658149025,114.7326245953194,10006.199190418178,995
2026-01-04T02:40:00+00:00,2026-01-04T02:44:59.999000+00:00,89.28191658149025,91.22894981635979,88.60620520924877,90.15625670571738,145.5304081239158,10217.317660005529,996
2026-01-04T02:45:00+00:00,2026-01-04T02:49:59.999000+00:00,90.15625670571738,91.3608800879439,88.43173109255592,90.73575969843318,145.06876006662335,9629.887386034903,997
2026-01-04T02:50:00+00:00,2026-01-04T02:54:59.999000+00:00,90.73575969843318,93.53376399586139,88.97270384528701,92.49680825448769,147.62424516968585,10029.13181014638,998
2026-01-04T02:55:00+00:00,2026-01-04T02:59:59.999000+00:00,92.49680825448769,95.84344203190467,90.71334810633415,94.21703374156304,133.66321359557202,13284.42471391594,999
2026-01-04T03:00:00+00:00,2026-01-04T03:04:59.999000+00:00,94.21703374156304,96.51274736307771,92.57756629557336,95.90694007262438,137.380896379023,13222.462168127575,1000
2026-01-04T03:05:00+00:00,2026-01-04T03:09:59.999000+00:00,95.90694007262438,98.5074742264133,94.34655031907687,97.56464055147059,147.40870166937106,13646.129144618095,1001
2026-01-04T03:10:00+00:00,2026-01-04T03:14:59.999000+00:00,97.56464055147059,100.88497407789937,96.5181958098279,100.37861583941837,123.56035198326546,11270.872514251709,1002
2026-01-04T03:15:00+00:00,2026-01-04T03:19:59.999000+00:00,100.37861583941837,102.10982795038989,99.10410728998885,100.68494918175206,134.76660706029543,11181.197265910205,1003
2026-01-04T03:20:00+00:00,2026-01-04T03:24:59.999000+00:00,100.68494918175206,104.17963912097417,99.64284955957004,102.92249708150383,135.2601295743589,13384.101683947587,1004
2026-01-04T03:25:00+00:00,2026-01-04T03:29:59.999000+00:00,102.92249708150383,103.99763072744992,101.63852547426733,102.75498083590166,111.30128929964656,14501.53383808352,1005
2026-01-04T03:30:00+00:00,2026-01-04T03:34:59.999000+00:00,102.75498083590166,103.73258707537892,102.02264660805585,102.71174331385862,101.21069253643327,10437.594549607113,1006
2026-01-04T03:35:00+00:00,2026-01-04T03:39:59.999000+00:00,102.71174331385862,103.4063347402259,101.35216101877074,102.25597311153325,115.25109233938815,14903.773837962357,1007
2026-01-04T03:40:00+00:00,2026-01-04T03:44:59.999000+00:00,102.25597311153325,104.11004597387853,101.68112969364702,102.58596945712354,128.9374631083765,13984.105861577105,1008
2026-01-04T03:45:00+00:00,2026-01-04T03:49:59.999000+00:00,102.58596945712354,103.98720489242615,101.82197939159887,102.66004754165432,100.40998916092525,12888.29034037449,1009
2026-01-04T03:50:00+00:00,2026-01-04T03:54:59.999000+00:00,102.66004754165432,103.575113746324,101.74408480924541,102.56600217209377,149.68547553783282,11239.187405396957,1010
2026-01-04T03:55:00+00:00,2026-01-04T03:59:59.999000+00:00,102.56600217209377,104.47563057603342,101.26110087324513,102.96842434138392,136.35801761230593,12918.265095422252,1011
2026-01-04T04:00:00+00:00,2026-01-04T04:04:59.999000+00:00,102.96842434138392,104.58901498800881,102.16836300539379,102.76211319252636,124.6039310986937,11550.815148439828,1012
2026-01-04T04:05:00+00:00,2026-01-04T04:09:59.999000+00:00,102.76211319252636,105.45010205219684,101.02938015056723,104.09271382660877,116.57539849091211,12040.109062949616,1013
2026-01-04T04:10:00+00:00,2026-01-04T04:14:59.999000+00:00,104.09271382660877,106.19989120317373,102.78485672850111,104.71351405840346,130.20997626573495,13480.99724648651,1014
2026-01-04T04:15:00+00:00,2026-01-04T04:19:59.999000+00:00,104.71351405840346,107.6816275754521,104.08250361889344,106.48492940663289,104.7086699238918,13982.573578880281,1015
2026-01-04T04:20:00+00:00,2026-01-04T04:24:59.999000+00:00,106.48492940663289,108.0136799851023,105.32033309281383,107.17209610684861,121.80155524118427,12523.31967639271,1016
2026-01-04T04:25:00+00:00,2026-01-04T04:29:59.999000+00:00,107.17209610684861,109.6265370825317,105.9594564214946,108.4297656964141,109.088835679715,15636.767299041674,1017
2026-01-04T04:30:00+00:00,2026-01-04T04:34:59.999000+00:00,108.4297656964141,112.01314015009403,107.72188114017244,110.58082862523125,143.8523638473011,16437.47599774827,1018
2026-01-04T04:35:00+00:00,2026-01-04T04:39:59.999000+00:00,110.58082862523125,112.17660901655026,108.68104700559375,110.42050207227992,143.056566860712,15210.726879383736,1019
2026-01-04T04:40:00+00:00,2026-01-04T04:44:59.999000+00:00,110.42050207227992,111.61326603911607,109.06680131266732,110.25491653727211,147.92764134242245,16158.355416765025,1020
2026-01-04T04:45:00+00:00,2026-01-04T04:49:59.999000+00:00,110.25491653727211,111.47168383104767,108.26662491403751,109.31156933042736,126.08031354789429,11157.954829946451,1021
2026-01-04T04:50:00+00:00,2026-01-04T04:54:59.999000+00:00,109.31156933042736,110.1839881900362,107.80767213235961,108.86339142723254,121.05317761293423,12502.037404626957,1022
2026-01-04T04:55:00+00:00,2026-01-04T04:59:59.999000+00:00,108.86339142723254,110.58697118213723,106.18685407396823,107.94980562058467,108.83826471405987,14681.746564660378,1023
2026-01-04T05:00:00+00:00,2026-01-04T05:04:59.999000+00:00,107.94980562058467,109.02133020161436,104.38182744688508,105.49470118752625,120.03503298650631,12293.591594932603,1024
2026-01-04T05:05:00+00:00,2026-01-04T05:09:59.999000+00:00,105.49470118752625,107.11041298693141,102.75404338798239,103.70267949804337,146.98655742391782,10405.493313852685,1025
2026-01-04T05:10:00+00:00,2026-01-04T05:14:59.999000+00:00,103.70267949804337,105.35031820584939,100.61777070598961,101.97626607418515,122.25803435552434,11040.543618852587,1026
2026-01-04T05:15:00+00:00,2026-01-04T05:19:59.999000+00:00,101.97626607418515,102.55950041990762,99.71530388676861,100.52780926195254,125.80534003940379,14169.407698484554,1027
2026-01-04T05:20:00+00:00,2026-01-04T05:24:59.999000+00:00,100.52780926195254,102.29291783935518,98.42764351054453,99.18773870865812,103.74622774343591,14204.907163430538,1028
2026-01-04T05:25:00+00:00,2026-01-04T05:29:59.999000+00:00,99.18773870865812,100.50975958172094,97.39592782236701,98.64907214259574,142.44728741463064,10540.25052679567,1029
2026-01-04T05:30:00+00:00,2026-01-04T05:34:59.999000+00:00,98.64907214259574,99.73848777523898,96.64619416350423,97.7043671172425,124.20958377373448,14118.626634277043,1030
2026-01-04T05:35:00+00:00,2026-01-04T05:39:59.999000+00:00,97.7043671172425,99.14722466756058,96.00430886325424,96.771894452032,143.53438057902054,13465.229293672042,1031
2026-01-04T05:40:00+00:00,2026-01-04T05:44:59.999000+00:00,96.771894452032,97.555269075882,95.43845606280715,96.57263015815235,145.62731357838828,11661.857326967693,1032
2026-01-04T05:45:00+00:00,2026-01-04T05:49:59.999000+00:00,96.57263015815235,97.8321198709097,95.15036234330726,96.20359208157647,107.78694585817698,14172.868019806152,1033
2026-01-04T05:50:00+00:00,2026-01-04T05:54:59.999000+00:00,96.20359208157647,98.0403672227822,94.78345908738531,96.51383865700514,146.91167986241743,13428.228701433138,1034
2026-01-04T05:55:00+00:00,2026-01-04T05:59:59.999000+00:00,96.51383865700514,98.58463014853508,95.57973801387695,97.1906052293172,121.4259406098244,13481.351038102863,1035
2026-01-04T06:00:00+00:00,2026-01-04T06:04:59.999000+00:00,97.1906052293172,97.9876544191381,95.96445946611085,97.25730386754157,126.8708726852616,13791.201651408766,1036
2026-01-04T06:05:00+00:00,2026-01-04T06:09:59.999000+00:00,97.25730386754157,99.03604380885723,95.81455945383468,97.08936787392022,107.52047577691789,12132.280029853648,1037
2026-01-04T06:10:00+00:00,2026-01-04T06:14:59.999000+00:00,97.08936787392022,98.05241880161886,94.8745634155542,95.79739475470335,130.94985985310376,10198.076086148754,1038
2026-01-04T06:15:00+00:00,2026-01-04T06:19:59.999000+00:00,95.79739475470335,96.53109839838851,93.30395968158005,94.36803459782546,108.12025062441856,13115.531881821153,1039
2026-01-04T06:20:00+00:00,2026-01-04T06:24:59.999000+00:00,94.36803459782546,95.30065533086702,93.2949475881625,94.27796625227397,100.785157614655,12012.66607331808,1040
2026-01-04T06:25:00+00:00,2026-01-04T06:29:59.999000+00:00,94.27796625227397,94.85922519113251,91.3484797573095,92.02445695720417,128.79659136134092,9594.765145875881,1041
2026-01-04T06:30:00+00:00,2026-01-04T06:34:59.999000+00:00,92.02445695720417,93.24796288768209,90.02492807541418,91.04695011540065,120.27354189177368,12074.179130841698,1042
2026-01-04T06:35:00+00:00,2026-01-04T06:39:59.999000+00:00,91.04695011540065,92.73530750706,89.88391338263425,90.98939777792704,134.38288638295342,11080.170784445792,1043
2026-01-04T06:40:00+00:00,2026-01-04T06:44:59.999000+00:00,90.98939777792704,91.79216191472909,88.07138399728109,88.98985496882695,104.17263907411412,12708.464623840186,1044
2026-01-04T06:45:00+00:00,2026-01-04T06:49:59.999000+00:00,88.98985496882695,90.26965329129695,87.91474678128834,88.91589715399111,103.36146350900344,12257.671640195074,1045
2026-01-04T06:50:00+00:00,2026-01-04T06:54:59.999000+00:00,88.91589715399111,91.49404402055866,87.46658570820792,89.85428278058248,132.5999987195164,11704.117279552198,1046
2026-01-04T06:55:00+00:00,2026-01-04T06:59:59.999000+00:00,89.85428278058248,90.91904013860096,88.93683045075349,90.36605277376303,139.99532864186136,13125.490178129334,1047
2026-01-04T07:00:00+00:00,2026-01-04T07:04:59.999000+00:00,90.36605277376303,92.26138457927487,89.59379074266798,91.6027608678529,149.50392755185658,11333.327633689412,1048
2026-01-04T07:05:00+00:00,2026-01-04T07:09:59.999000+00:00,91.6027608678529,95.08671875150687,90.64723976991607,93.78710638332242,145.71853485785195,12587.85296654494,1049
2026-01-04T07:10:00+00:00,2026-01-04T07:14:59.999000+00:00,93.78710638332242,96.59969832200571,92.79541758678097,95.44102993052832,120.66862331848354,9836.871289028808,1050
2026-01-04T07:15:00+00:00,2026-01-04T07:19:59.999000+00:00,95.44102993052832,97.91263488474598,93.91144693007674,96.76696160481796,134.60220339890014,13584.1459723969,1051
2026-01-04T07:20:00+00:00,2026-01-04T07:24:59.999000+00:00,96.76696160481796,99.61251069070293,95.63319489125558,99.01446850027875,149.19920995368366,13987.921087930588,1052
2026-01-04T07:25:00+00:00,2026-01-04T07:29:59.999000+00:00,99.01446850027875,101.38717835977343,97.35650688526516,100.10241287545077,109.83814304867315,10238.939240019723,1053
2026-01-04T07:30:00+00:00,2026-01-04T07:34:59.999000+00:00,100.10241287545077,102.77461260465154,98.35052555662817,102.24499056517,148.41908745808408,11952.495459728922,1054
2026-01-04T07:35:00+00:00,2026-01-04T07:39:59.999000+00:00,102.24499056517,104.28541374474705,100.48069359454328,103.40730164947064,145.58071295530937,12635.839897596263,1055
2026-01-04T07:40:00+00:00,2026-01-04T07:44:59.999000+00:00,103.40730164947064,104.55608755602275,101.01051388010971,102.66354293444478,115.00402716268674,13495.657947646167,1056
2026-01-04T07:45:00+00:00,2026-01-04T07:49:59.999000+00:00,102.66354293444478,103.62056887283323,101.36955953938299,103.08332811956282,141.41814742333472,12574.938114211684,1057
2026-01-04T07:50:00+00:00,2026-01-04T07:54:59.999000+00:00,103.08332811956282,103.62961880645098,101.80945493401477,103.02539946053096,135.73178925023012,15297.12641803066,1058
2026-01-04T07:55:00+00:00,2026-01-04T07:59:59.999000+00:00,103.02539946053096,104.98257553540707,101.54152529998525,103.20292677255236,103.69425692155767,12675.238961455281,1059
2026-01-04T08:00:00+00:00,2026-01-04T08:04:59.999000+00:00,103.20292677255236,104.33008962695631,102.02581332836999,102.7170739226245,116.59333644188456,12307.809721753292,1060
2026-01-04T08:05:00+00:00,2026-01-04T08:09:59.999000+00:00,102.7170739226245,104.18732680620478,101.79924146152442,102.61702563011886,108.61525344876996,12569.330884500067,1061
2026-01-04T08:10:00+00:00,2026-01-04T08:14:59.999000+00:00,102.61702563011886,103.99004549946955,101.58079843273157,103.04303630275294,146.0039527782478,10976.845092919915,1062
2026-01-04T08:15:00+00:00,2026-01-04T08:19:59.999000+00:00,103.04303630275294,104.36324919825786,102.09482925491045,103.39602310145875,124.4384788121266,14659.448898863882,1063
2026-01-04T08:20:00+00:00,2026-01-04T08:24:59.999000+00:00,103.39602310145875,106.03651191938437,101.8403260141516,104.92778429514713,144.59779110423344,12431.287493773018,1064
2026-01-04T08:25:00+00:00,2026-01-04T08:29:59.999000+00:00,104.92778429514713,106.84667541373253,103.84061019943222,105.95629272858723,131.137884716147,15139.610979574372,1065
2026-01-04T08:30:00+00:00,2026-01-04T08:34:59.999000+00:00,105.95629272858723,107.64950431507617,104.83659828626004,107.06618484657822,107.39457278884238,11254.14281054906,1066
2026-01-04T08:35:00+00:00,2026-01-04T08:39:59.999000+00:00,107.06618484657822,108.77477264549456,105.73828760464724,107.5153599479337,144.08841668737975,13024.064968207818,1067
2026-01-04T08:40:00+00:00,2026-01-04T08:44:59.999000+00:00,107.5153599479337,110.58938876917033,106.067274501496,109.08966615318283,131.56790687368382,15641.653325303057,1068
2026-01-04T08:45:00+00:00,2026-01-04T08:49:59.999000+00:00,109.08966615318283,110.14804025936603,108.0402364038603,109.58746499268271,107.9746594914123,16368.719870954461,1069
2026-01-04T08:50:00+00:00,2026-01-04T08:54:59.999000+00:00,109.58746499268271,110.4432558019622,108.82676687196724,109.92923980976602,106.19181137803538,11306.23645122156,1070
2026-01-04T08:55:00+00:00,2026-01-04T08:59:59.999000+00:00,109.92923980976602,112.53432861511307,108.22840017813864,111.05412317507472,148.44673885077464,14555.455436364833,1071
2026-01-04T09:00:00+00:00,2026-01-04T09:04:59.999000+00:00,111.05412317507472,111.94497665131355,108.68116811200832,110.04100947503855,121.93029381576393,14221.567456834997,1072
2026-01-04T09:05:00+00:00,2026-01-04T09:09:59.999000+00:00,110.04100947503855,110.54255795095567,107.1799094251596,108.44967997335463,138.54409734800097,15050.392340747052,1073
2026-01-04T09:10:00+00:00,2026-01-04T09:14:59.999000+00:00,108.44967997335463,110.1284801710708,105.41968790613303,106.97083770873992,129.35940548363496,13643.524621725795,1074
2026-01-04T09:15:00+00:00,2026-01-04T09:19:59.999000+00:00,106.97083770873992,108.6085329117756,104.33024784361297,105.46221634054821,139.91776875687242,14774.949458165262,1075
2026-01-04T09:20:00+00:00,2026-01-04T09:24:59.999000+00:00,105.46221634054821,106.61634619732442,102.4249682870791,103.20003404157661,117.7287983097632,12002.995280235942,1076
2026-01-04T09:25:00+00:00,2026-01-04T09:29:59.999000+00:00,103.20003404157661,104.58131148198169,99.70221892320367,101.10328784841994,142.30467172538692,14754.241186667414,1077
2026-01-04T09:30:00+00:00,2026-01-04T09:34:59.999000+00:00,101.10328784841994,101.7262931091593,97.99662490149143,99.3926939069875,133.52791029744589,11657.833342607724,1078
2026-01-04T09:35:00+00:00,2026-01-04T09:39:59.999000+00:00,99.3926939069875,100.49216097307095,96.25306035463338,97.91513941983958,118.92973654124765,11345.771404098012,1079
2026-01-04T09:40:00+00:00,2026-01-04T09:44:59.999000+00:00,97.91513941983958,98.7613232012415,95.11899054082397,96.8592690779962,126.34938519348302,14507.657503882307,1080
2026-01-04T09:45:00+00:00,2026-01-04T09:49:59.999000+00:00,96.8592690779962,98.20911373636777,95.00549729523422,96.01003387392227,131.29279081123022,11015.422365638751,1081
2026-01-04T09:50:00+00:00,2026-01-04T09:54:59.999000+00:00,96.01003387392227,97.1051417423821,94.33352032468538,95.80086922419399,100.53562517965008,10373.155121513057,1082
2026-01-04T09:55:00+00:00,2026-01-04T09:59:59.999000+00:00,95.80086922419399,98.57529658235228,95.04147279110838,96.8696102909674,139.58843624802972,12106.76765466369,1083
2026-01-04T10:00:00+00:00,2026-01-04T10:04:59.999000+00:00,96.8696102909674,97.49720200890748,95.50555553111546,96.71515353457774,140.1849391351031,10619.927171396073,1084
2026-01-04T10:05:00+00:00,2026-01-04T10:09:59.999000+00:00,96.71515353457774,98.27086373852784,95.20683869185861,96.26951569407389,141.58826545739555,12013.948276923542,1085
2026-01-04T10:10:00+00:00,2026-01-04T10:14:59.999000+00:00,96.26951569407389,98.18727317032702,94.49468025686396,97.16089528396921,117.66489837758331,11477.600729929889,1086
2026-01-04T10:15:00+00:00,2026-01-04T10:19:59.999000+00:00,97.16089528396921,97.8513856972002,96.34895802513944,96.94515502414987,131.00704510281864,10711.386164151,1087
2026-01-04T10:20:00+00:00,2026-01-04T10:24:59.999000+00:00,96.94515502414987,97.95664635523501,95.25227141502494,96.84234749747789,111.0201130617485,12583.503343369135,1088
2026-01-04T10:25:00+00:00,2026-01-04T10:29:59.999000+00:00,96.84234749747789,98.15329807160367,94.60585455101746,95.36818852298505,113.03778243041393,12007.85316905991,1089
2026-01-04T10:30:00+00:00,2026-01-04T10:34:59.999000+00:00,95.36818852298505,96.83019807113237,93.50914728570993,94.5665457122693,133.02057549517826,12125.107874222862,1090
2026-01-04T10:35:00+00:00,2026-01-04T10:39:59.999000+00:00,94.5665457122693,95.161151353805,92.60601816407926,93.46058317242874,101.00405047527364,11457.13637830735,1091
2026-01-04T10:40:00+00:00,2026-01-04T10:44:59.999000+00:00,93.46058317242874,94.00239896321416,91.72260073516968,93.1770758111105,131.5116858310921,10492.105959275614,1092
2026-01-04T10:45:00+00:00,2026-01-04T10:49:59.999000+00:00,93.1770758111105,94.65429133551736,90.14727993398974,91.90625587666564,113.71856170887631,10158.070169160685,1093
2026-01-04T10:50:00+00:00,2026-01-04T10:54:59.999000+00:00,91.90625587666564,93.20225360013792,88.92507744457805,90.22034408851005,128.71091171784704,12055.53025729226,1094
2026-01-04T10:55:00+00:00,2026-01-04T10:59:59.999000+00:00,90.22034408851005,91.54542731460634,87.91588838202955,89.5398068753731,124.91718900540597,11752.27261002044,1095
2026-01-04T11:00:00+00:00,2026-01-04T11:04:59.999000+00:00,89.5398068753731,91.07941510409162,88.41846905434363,90.3990192156108,102.83729377480196,9388.399754990496,1096
2026-01-04T11:05:00+00:00,2026-01-04T11:09:59.999000+00:00,90.3990192156108,91.52277171715224,89.06320352865518,90.01310908230775,137.82606004697197,12357.425567894792,1097
2026-01-04T11:10:00+00:00,2026-01-04T11:14:59.999000+00:00,90.01310908230775,92.19521410784269,89.47675302103106,90.65925438704578,141.64487891001988,10508.13875218095,1098
2026-01-04T11:15:00+00:00,2026-01-04T11:19:59.999000+00:00,90.65925438704578,94.1505212325138,89.0654524981096,92.73159820244982,110.55610740261102,10578.026042793688,1099
2026-01-04T11:20:00+00:00,2026-01-04T11:24:59.999000+00:00,92.73159820244982,95.22428565174584,91.85563114667008,93.44736840464623,106.86300540583446,11171.571803000288,1100
2026-01-04T11:25:00+00:00,2026-01-04T11:29:59.999000+00:00,93.44736840464623,97.80071039837266,92.32459923338324,96.61190219956144,110.9817451962286,10364.694287244083,1101
2026-01-04T11:30:00+00:00,2026-01-04T11:34:59.999000+00:00,96.61190219956144,99.72163938527899,95.62426027582372,98.26341702400997,103.0415485239616,11099.384433186655,1102
2026-01-04T11:35:00+00:00,2026-01-04T11:39:59.999000+00:00,98.26341702400997,99.85604661944126,96.48376073625218,99.28592777615944,109.3163146192692,12233.68725488215,1103
2026-01-04T11:40:00+00:00,2026-01-04T11:44:59.999000+00:00,99.28592777615944,102.4524936190447,98.71245375001405,101.54865210799032,123.319849736831,12216.57349713847,1104
2026-01-04T11:45:00+00:00,2026-01-04T11:49:59.999000+00:00,101.54865210799032,103.50547569097087,100.64334582258293,102.55589534331928,118.61084651253587,12683.11530389562,1105
2026-01-04T11:50:00+00:00,2026-01-04T11:54:59.999000+00:00,102.55589534331928,103.91867948538025,101.35520306637312,103.35831018486927,125.13893463463216,14682.86521600147,1106
2026-01-04T11:55:00+00:00,2026-01-04T11:59:59.999000+00:00,103.35831018486927,105.9981809164548,102.25374376720016,104.37037516418367,144.2120739581152,11074.409264258353,1107
2026-01-04T12:00:00+00:00,2026-01-04T12:04:59.999000+00:00,104.37037516418367,105.75271983744464,102.19255621499187,103.97001761733446,114.63334744082644,10521.699206135265,1108
2026-01-04T12:05:00+00:00,2026-01-04T12:09:59.999000+00:00,103.97001761733446,105.05854510109798,102.15369908843685,103.58171156398826,135.0356106141109,12757.23376314438,1109
2026-01-04T12:10:00+00:00,2026-01-04T12:14:59.999000+00:00,103.58171156398826,104.34484043046001,101.93157654664431,103.54296807588631,109.6971736390156,11838.818990169608,1110
2026-01-04T12:15:00+00:00,2026-01-04T12:19:59.999000+00:00,103.54296807588631,104.32234245613475,102.29783033513631,103.64548657469489,139.9826002690083,14366.641462835087,1111
2026-01-04T12:20:00+00:00,2026-01-04T12:24:59.999000+00:00,103.64548657469489,105.3470778952429,102.29617676589532,103.05662196994801,117.88871310911031,15224.825327715349,1112
2026-01-04T12:25:00+00:00,2026-01-04T12:29:59.999000+00:00,103.05662196994801,105.79556725520715,101.53843313021217,104.40889495328123,126.16610027868076,11440.888116634318,1113
2026-01-04T12:30:00+00:00,2026-01-04T12:34:59.999000+00:00,104.40889495328123,106.34886273640828,103.23285456406427,104.59375147425324,140.20347731105124,14571.627562357236,1114
2026-01-04T12:35:00+00:00,2026-01-04T12:39:59.999000+00:00,104.59375147425324,106.26263674888361,103.36948667541758,104.56251192758074,119.43253864756403,14550.817363866528,1115
2026-01-04T12:40:00+00:00,2026-01-04T12:44:59.999000+00:00,104.56251192758074,107.19473107736728,102.97045226302627,105.9219920025244,107.50746353274457,15534.028591994453,1116
2026-01-04T12:45:00+00:00,2026-01-04T12:49:59.999000+00:00,105.9219920025244,107.79326942462914,104.89868645417945,106.38869837825713,115.9927915015019,11600.586044035721,1117
2026-01-04T12:50:00+00:00,2026-01-04T12:54:59.999000+00:00,106.38869837825713,108.9928934127406,105.41236534367586,107.54058340572769,137.09626494999355,13874.871446488436,1118
2026-01-04T12:55:00+00:00,2026-01-04T12:59:59.999000+00:00,107.54058340572769,110.62024548304909,106.69632630982582,109.01614458249905,108.06073183597464,16001.223484417927,1119
2026-01-04T13:00:00+00:00,2026-01-04T13:04:59.999000+00:00,109.01614458249905,109.9381546152287,108.07601289776542,109.39213789217031,141.1170105184427,12494.108929548933,1120
2026-01-04T13:05:00+00:00,2026-01-04T13:09:59.999000+00:00,109.39213789217031,111.22425483607132,108.09675195894735,110.5427111355291,120.0748035811552,16376.335368072781,1121
2026-01-04T13:10:00+00:00,2026-01-04T13:14:59.999000+00:00,110.5427111355291,112.1559268230961,108.89771223920133,110.49535773985026,147.69328816420978,14402.525769303493,1122
2026-01-04T13:15:00+00:00,2026-01-04T13:19:59.999000+00:00,110.49535773985026,111.06372093404025,108.86967145456772,109.55312943740279,109.31436271978869,11903.321949674799,1123
2026-01-04T13:20:00+00:00,2026-01-04T13:24:59.999000+00:00,109.55312943740279,110.96216495566203,106.2560184027977,107.5497912077126,141.54749653263906,14469.371416210592,1124
2026-01-04T13:25:00+00:00,2026-01-04T13:29:59.999000+00:00,107.5497912077126,108.4351792021584,105.6660716934102,106.30356981041146,110.0842422784298,11387.040670563865,1125
2026-01-04T13:30:00+00:00,2026-01-04T13:34:59.999000+00:00,106.30356981041146,106.97251518100309,103.61914445631116,104.80354721956962,111.14411453955891,14141.511160445136,1126
2026-01-04T13:35:00+00:00,2026-01-04T13:39:59.999000+00:00,104.80354721956962,105.48711567676516,101.44643864868323,102.93889657048783,145.6667692297773,14429.230365149233,1127
2026-01-04T13:40:00+00:00,2026-01-04T13:44:59.999000+00:00,102.93889657048783,103.7215275258266,99.25322648656106,100.35504153230607,129.20872904406718,11626.829716864466,1128
2026-01-04T13:45:00+00:00,2026-01-04T13:49:59.999000+00:00,100.35504153230607,101.92349070540375,97.80276573834122,99.3083595815258,129.28900152220336,12829.691515729866,1129
2026-01-04T13:50:00+00:00,2026-01-04T13:54:59.999000+00:00,99.3083595815258,99.84264388926485,96.43517714165279,97.1965338360582,106.62132336246967,11066.777256065769,1130
2026-01-04T13:55:00+00:00,2026-01-04T13:59:59.999000+00:00,97.1965338360582,98.02614178887517,94.5244230765166,95.76564242637397,125.75824871266133,13398.254652779382,1131
2026-01-04T14:00:00+00:00,2026-01-04T14:04:59.999000+00:00,95.76564242637397,96.50657238300508,94.06718885357475,95.72016695796226,107.55810624281011,10206.928995305854,1132
2026-01-04T14:05:00+00:00,2026-01-04T14:09:59.999000+00:00,95.72016695796226,97.4253394786584,94.52622137535211,96.10460513037117,130.3483787016552,12220.392716652159,1133
2026-01-04T14:10:00+00:00,2026-01-04T14:14:59.999000+00:00,96.10460513037117,97.8000127894239,93.91378284143234,95.695431288686,143.17832671303682,10011.241250442215,1134
2026-01-04T14:15:00+00:00,2026-01-04T14:19:59.999000+00:00,95.695431288686,96.79262208675343,95.09706105484965,95.89630405087743,122.70197336593606,11589.437028486194,1135
2026-01-04T14:20:00+00:00,2026-01-04T14:24:59.999000+00:00,95.89630405087743,97.53377472547925,94.30967744822576,96.49635860670567,143.22049376147737,12317.029258319559,1136
2026-01-04T14:25:00+00:00,2026-01-04T14:29:59.999000+00:00,96.49635860670567,97.60655360214469,94.96783927505551,95.675581527909,106.50670693463373,10561.822056745908,1137
2026-01-04T14:30:00+00:00,2026-01-04T14:34:59.999000+00:00,95.675581527909,96.76863787578135,94.3271257505157,95.97499868976453,116.17620967566896,12537.597523966091,1138
2026-01-04T14:35:00+00:00,2026-01-04T14:39:59.999000+00:00,95.97499868976453,96.68754240099526,95.14135985621809,96.16910426541644,103.43705772690896,11313.364367617154,1139
2026-01-04T14:40:00+00:00,2026-01-04T14:44:59.999000+00:00,96.16910426541644,97.90602704326444,93.7724255632544,94.77567073438367,111.04535610357172,12676.73361326001,1140
2026-01-04T14:45:00+00:00,2026-01-04T14:49:59.999000+00:00,94.77567073438367,95.95078200445063,93.7161449886453,94.46811835378948,117.9201987233279,13251.37185508202,1141
2026-01-04T14:50:00+00:00,2026-01-04T14:54:59.999000+00:00,94.46811835378948,95.36644540387393,92.84930884373097,93.68533033902258,118.27171053355522,13311.415054402209,1142
2026-01-04T14:55:00+00:00,2026-01-04T14:59:59.999000+00:00,93.68533033902258,94.56612786766662,91.76874231498623,92.46460863489413,109.1246899622924,10649.929279465594,1143
2026-01-04T15:00:00+00:00,2026-01-04T15:04:59.999000+00:00,92.46460863489413,93.13762928431264,90.52826894940577,91.04581864514095,128.14580853425468,9671.015847213474,1144
2026-01-04T15:05:00+00:00,2026-01-04T15:09:59.999000+00:00,91.04581864514095,92.52169563697005,88.97366819560334,90.74708882623821,116.14893861043822,12503.62470868469,1145
2026-01-04T15:10:00+00:00,2026-01-04T15:14:59.999000+00:00,90.74708882623821,91.54870334138138,88.81951376294225,89.33149731477609,143.825406675622,12589.982156082231,1146
2026-01-04T15:15:00+00:00,2026-01-04T15:19:59.999000+00:00,89.33149731477609,91.95788653336527,87.63018811847257,90.6171090387576,144.40099632878383,12737.225497254072,1147
2026-01-04T15:20:00+00:00,2026-01-04T15:24:59.999000+00:00,90.6171090387576,92.14172809990679,90.05401851767385,91.19968533146849,110.3385919808623,13330.49419663404,1148
2026-01-04T15:25:00+00:00,2026-01-04T15:29:59.999000+00:00,91.19968533146849,92.7615565500386,90.6959408575674,92.24165102838609,147.4238181209221,12035.947247816397,1149
2026-01-04T15:30:00+00:00,2026-01-04T15:34:59.999000+00:00,92.24165102838609,94.24052286057629,90.51948903081488,92.83066295129245,137.92815340585562,10832.177504558094,1150
2026-01-04T15:35:00+00:00,2026-01-04T15:39:59.999000+00:00,92.83066295129245,95.98342761790629,91.35714530477132,94.43578331436845,122.57359964648772,10357.692393132518,1151
2026-01-04T15:40:00+00:00,2026-01-04T15:44:59.999000+00:00,94.43578331436845,97.19098350468545,93.0485397019739,96.0187863675223,131.86096502410277,9610.945357973727,1152
2026-01-04T15:45:00+00:00,2026-01-04T15:49:59.999000+00:00,96.0187863675223,101.01151023884613,94.54646583022522,99.50311730333914,114.07552543921533,14789.02303465597,1153
2026-01-04T15:50:00+00:00,2026-01-04T15:54:59.999000+00:00,99.50311730333914,101.69250753237307,98.22281870592961,100.60061870258038,124.42897699294355,13144.244339035818,1154
2026-01-04T15:55:00+00:00,2026-01-04T15:59:59.999000+00:00,100.60061870258038,103.80469003152946,99.82293183991298,102.60153421759017,118.78033664790682,10445.541260644322,1155
2026-01-04T16:00:00+00:00,2026-01-04T16:04:59.999000+00:00,102.60153421759017,104.25394451180162,101.14381100201136,103.58920524741262,114.72190836776912,15165.439969380484,1156
2026-01-04T16:05:00+00:00,2026-01-04T16:09:59.999000+00:00,103.58920524741262,105.34633952400216,102.82678987002929,104.01351086343898,148.3246310888269,12740.354041435407,1157
2026-01-04T16:10:00+00:00,2026-01-04T16:14:59.999000+00:00,104.01351086343898,106.7230659686337,102.4446692166103,105.24066260159583,107.4798614137573,12946.521727505873,1158
2026-01-04T16:15:00+00:00,2026-01-04T16:19:59.999000+00:00,105.24066260159583,106.29674483655681,102.9022840741672,103.99640447362763,136.32928599676285,14410.520139149745,1159
2026-01-04T16:20:00+00:00,2026-01-04T16:24:59.999000+00:00,103.99640447362763,105.66342597759517,102.92585845764476,104.53017508195742,140.40013654123166,12506.294210153284,1160
2026-01-04T16:25:00+00:00,2026-01-04T16:29:59.999000+00:00,104.53017508195742,105.63413014223691,103.67208014115396,104.58719230026539,143.92469686689293,11530.869794512848,1161
2026-01-04T16:30:00+00:00,2026-01-04T16:34:59.999000+00:00,104.58719230026539,105.38039787046347,103.29373245593925,103.89221208942502,140.2097556720915,13176.692125854632,1162
2026-01-04T16:35:00+00:00,2026-01-04T16:39:59.999000+00:00,103.89221208942502,104.44049920419482,102.90964517379759,103.83905775694659,115.21495890170534,13083.98788735232,1163
2026-01-04T16:40:00+00:00,2026-01-04T16:44:59.999000+00:00,103.83905775694659,105.45673520290443,103.23603167275442,104.08790481769908,113.31567413818237,10665.256451972104,1164
2026-01-04T16:45:00+00:00,2026-01-04T16:49:59.999000+00:00,104.08790481769908,105.61390097822286,103.38792262053035,104.68113913508125,117.39447603760465,11067.689970240704,1165
2026-01-04T16:50:00+00:00,2026-01-04T16:54:59.999000+00:00,104.68113913508125,107.24942756765341,103.1302153650995,105.64683538761422,129.3198332349619,14877.181283316519,1166
2026-01-04T16:55:00+00:00,2026-01-04T16:59:59.999000+00:00,105.64683538761422,107.95927198455313,105.11452002986873,106.33446149519982,139.54748383275,12376.643917605432,1167
2026-01-04T17:00:00+00:00,2026-01-04T17:04:59.999000+00:00,106.33446149519982,107.79492366274677,104.75271202198236,106.52512704758725,124.1103892685851,12270.953734167502,1168
2026-01-04T17:05:00+00:00,2026-01-04T17:09:59.999000+00:00,106.52512704758725,110.06069191654706,105.37719410729284,108.4370365061079,121.82164888390787,15458.652276709814,1169
2026-01-04T17:10:00+00:00,2026-01-04T17:14:59.999000+00:00,108.4370365061079,109.86202966201294,107.64434622202626,109.19412649587478,111.9415779829516,13897.22061395902,1170
2026-01-04T17:15:00+00:00,2026-01-04T17:19:59.999000+00:00,109.19412649587478,110.40942050575899,107.33770677714635,109.03289093198127,148.1176983977749,12639.75807558666,1171
2026-01-04T17:20:00+00:00,2026-01-04T17:24:59.999000+00:00,109.03289093198127,111.13685943355947,108.17441033325065,110.19252809592813,143.11766453985987,15407.352746327631,1172
2026-01-04T17:25:00+00:00,2026-01-04T17:29:59.999000+00:00,110.19252809592813,111.18601477350992,107.74025647026617,109.0195186099176,135.7599873896601,15317.212930724216,1173
2026-01-04T17:30:00+00:00,2026-01-04T17:34:59.999000+00:00,109.0195186099176,109.89320417292805,107.22604772408093,108.07137290714509,149.86796474451504,16185.783363500303,1174
2026-01-04T17:35:00+00:00,2026-01-04T17:39:59.999000+00:00,108.07137290714509,109.44459070500933,107.04160576819424,108.06445067910111,137.9578034631299,14624.476350096034,1175
2026-01-04T17:40:00+00:00,2026-01-04T17:44:59.999000+00:00,108.06445067910111,109.60393099474354,104.45909070831196,105.81415060054749,103.95248551345253,15185.89340895633,1176
2026-01-04T17:45:00+00:00,2026-01-04T17:49:59.999000+00:00,105.81415060054749,106.7368979289297,102.22051779641991,103.48353100218556,135.44505031575943,14210.823928193804,1177
2026-01-04T17:50:00+00:00,2026-01-04T17:54:59.999000+00:00,103.48353100218556,104.96299277133271,101.88541620024996,102.40694407968927,110.3606855880049,10672.44322402403,1178
2026-01-04T17:55:00+00:00,2026-01-04T17:59:59.999000+00:00,102.40694407968927,103.71499102263847,98.55843736854777,99.15640778899564,103.70281251111929,12086.208983131934,1179
2026-01-04T18:00:00+00:00,2026-01-04T18:04:59.999000+00:00,99.15640778899564,100.34001147495476,96.7966880480239,98.064311630612,123.78796675561476,11893.658702078557,1180
2026-01-04T18:05:00+00:00,2026-01-04T18:09:59.999000+00:00,98.064311630612,99.25586854307019,94.9989081430204,96.11473239688469,123.35757719671031,13867.901345054323,1181
2026-01-04T18:10:00+00:00,2026-01-04T18:14:59.999000+00:00,96.11473239688469,96.74572647087855,94.51189395734364,95.57684185040543,135.67762631776478,14010.597000120379,1182
2026-01-04T18:15:00+00:00,2026-01-04T18:19:59.999000+00:00,95.57684185040543,96.95132851012866,93.14562725020387,94.91038071047505,128.77802554833676,13339.463980576555,1183
2026-01-04T18:20:00+00:00,2026-01-04T18:24:59.999000+00:00,94.91038071047505,96.86979200853193,93.77819077286578,95.72362663518211,115.44793488966965,14172.407122178594,1184
2026-01-04T18:25:00+00:00,2026-01-04T18:29:59.999000+00:00,95.72362663518211,97.39180770733456,94.01014205907572,94.51742274606409,147.124809203179,11243.339519922903,1185
2026-01-04T18:30:00+00:00,2026-01-04T18:34:59.999000+00:00,94.51742274606409,96.96690664747263,92.84886964424521,95.19142732616046,137.91973748959603,12783.17886541908,1186
2026-01-04T18:35:00+00:00,2026-01-04T18:39:59.999000+00:00,95.19142732616046,96.7896513097414,94.42578370496854,95.10886792915657,103.04655243443997,12785.569438554245,1187
2026-01-04T18:40:00+00:00,2026-01-04T18:44:59.999000+00:00,95.10886792915657,97.33763973530189,93.91308161967582,96.23882791769688,118.52851506470117,14280.817119790976,1188
2026-01-04T18:45:00+00:00,2026-01-04T18:49:59.999000+00:00,96.23882791769688,97.54569936653276,94.64071813624597,95.89679725267057,106.2813551053189,11974.108579287571,1189
2026-01-04T18:50:00+00:00,2026-01-04T18:54:59.999000+00:00,95.89679725267057,97.1081444363237,94.9658255932236,95.7702294260696,138.17949411437115,12947.544077925317,1190
2026-01-04T18:55:00+00:00,2026-01-04T18:59:59.999000+00:00,95.7702294260696,97.32838937741487,93.20423448632822,94.91236303986959,113.1627919578267,12937.494105844498,1191
2026-01-04T19:00:00+00:00,2026-01-04T19:04:59.999000+00:00,94.91236303986959,96.50376665885287,93.52026623201017,94.11935258246282,109.71684610058855,11158.105130572783,1192
2026-01-04T19:05:00+00:00,2026-01-04T19:09:59.999000+00:00,94.11935258246282,95.77874972698929,91.77271775564031,93.51401868857334,109.67856246988211,12364.092330610927,1193
2026-01-04T19:10:00+00:00,2026-01-04T19:14:59.999000+00:00,93.51401868857334,94.10183101636595,90.95197886719431,92.10213842530635,121.41344190441487,12175.066682070232,1194
2026-01-04T19:15:00+00:00,2026-01-04T19:19:59.999000+00:00,92.10213842530635,92.65340516742211,90.77792632154038,91.61897938766818,147.0917740002123,10039.411600723086,1195
2026-01-04T19:20:00+00:00,2026-01-04T19:24:59.999000+00:00,91.61897938766818,93.18349861638238,89.45250340101232,90.92668542776921,108.59253197522568,11243.588473702768,1196
2026-01-04T19:25:00+00:00,2026-01-04T19:29:59.999000+00:00,90.92668542776921,91.78272730741391,89.0316216240989,90.51958753877035,128.83344009221196,12414.856609179058,1197
2026-01-04T19:30:00+00:00,2026-01-04T19:34:59.999000+00:00,90.51958753877035,91.63670284728371,89.04930393094294,90.69241858255239,102.3343241537218,9680.233959341653,1198
2026-01-04T19:35:00+00:00,2026-01-04T19:39:59.999000+00:00,90.69241858255239,91.88136452947664,89.06157559019185,90.2468902953088,134.07651090361324,10794.648004673962,1199
2026-01-04T19:40:00+00:00,2026-01-04T19:44:59.999000+00:00,90.2468902953088,93.95604024535074,89.69100271477754,92.63459073054464,134.41620147437112,12903.903706386312,1200
2026-01-04T19:45:00+00:00,2026-01-04T19:49:59.999000+00:00,92.63459073054464,94.35821609690346,91.95181991056863,93.78902152080455,142.16032540536062,13575.361280712657,1201
2026-01-04T19:50:00+00:00,2026-01-04T19:54:59.999000+00:00,93.78902152080455,97.2305009479613,92.73577290198395,96.04596475080734,119.23979559811224,12916.39141431721,1202
2026-01-04T19:55:00+00:00,2026-01-04T19:59:59.999000+00:00,96.04596475080734,99.443057959696,94.93578670797827,97.91835726332538,136.43628858444188,11415.364577485865,1203
2026-01-04T20:00:00+00:00,2026-01-04T20:04:59.999000+00:00,97.91835726332538,100.58971105169925,96.46817555319896,99.47665425185897,103.60897290766088,11097.375653467096,1204
2026-01-04T20:05:00+00:00,2026-01-04T20:09:59.999000+00:00,99.47665425185897,102.2551441699494,98.38150516221444,101.7348582115756,117.0852613078802,10475.471253607153,1205
2026-01-04T20:10:00+00:00,2026-01-04T20:14:59.999000+00:00,101.7348582115756,103.65256379233753,100.29067976059622,102.60804794790302,103.61002617963435,13171.621148001195,1206
2026-01-04T20:15:00+00:00,2026-01-04T20:19:59.999000+00:00,102.60804794790302,106.69447912562491,101.36018448927386,104.93912651153435,130.0349118208605,10964.742702739879,1207
2026-01-04T20:20:00+00:00,2026-01-04T20:24:59.999000+00:00,104.93912651153435,105.50167703246252,103.48573197959134,104.55097219501185,118.92254336276017,11165.94384209211,1208
2026-01-04T20:25:00+00:00,2026-01-04T20:29:59.999000+00:00,104.55097219501185,105.42072703360083,102.77287935557821,104.67438400579933,110.70524912237791,15413.150422986444,1209
2026-01-04T20:30:00+00:00,2026-01-04T20:34:59.999000+00:00,104.67438400579933,105.3349498514354,103.70290196403363,104.59895213611003,119.10909637464991,11328.841012217013,1210
2026-01-04T20:35:00+00:00,2026-01-04T20:39:59.999000+00:00,104.59895213611003,106.500933943011,103.87804303138128,105.03864241667695,117.81819783898638,13753.057193705146,1211
2026-01-04T20:40:00+00:00,2026-01-04T20:44:59.999000+00:00,105.03864241667695,106.35667620981238,102.30404140606854,104.07141689107875,140.95654782492002,14106.909562676263,1212
2026-01-04T20:45:00+00:00,2026-01-04T20:49:59.999000+00:00,104.07141689107875,105.3102287282461,102.89454244199865,103.83001750868212,133.11016502125415,13949.288679363715,1213
2026-01-04T20:50:00+00:00,2026-01-04T20:54:59.999000+00:00,103.83001750868212,105.8539921776118,102.51546035817273,104.22393361944755,140.6631115781408,13686.884537405826,1214
2026-01-04T20:55:00+00:00,2026-01-04T20:59:59.999000+00:00,104.22393361944755,105.88285043651481,102.77208184106149,104.61535401168032,149.18060432110173,13231.888193813735,1215
2026-01-04T21:00:00+00:00,2026-01-04T21:04:59.999000+00:00,104.61535401168032,105.99907732754731,102.93912882694791,104.61287708572709,111.36160632395686,11601.466533136765,1216
2026-01-04T21:05:00+00:00,2026-01-04T21:09:59.999000+00:00,104.61287708572709,106.04262640681345,103.46411739482042,104.61424210325532,113.52156499973347,11167.677993884272,1217
2026-01-04T21:10:00+00:00,2026-01-04T21:14:59.999000+00:00,104.61424210325532,107.5658723667502,102.82520030752424,106.19604231850214,138.01763009835452,12764.907534035015,1218
2026-01-04T21:15:00+00:00,2026-01-04T21:19:59.999000+00:00,106.19604231850214,108.26780012564437,104.7720228528186,106.5971931851633,121.26375375767475,15210.017589406443,1219
2026-01-04T21:20:00+00:00,2026-01-04T21:24:59.999000+00:00,106.5971931851633,109.24269098915694,105.13268007709733,108.26017414115363,137.952622061552,11971.692227164192,1220
2026-01-04T21:25:00+00:00,2026-01-04T21:29:59.999000+00:00,108.26017414115363,110.6616754758377,107.43362892590683,109.28467869279672,127.73909150921584,16204.101279190383,1221
2026-01-04T21:30:00+00:00,2026-01-04T21:34:59.999000+00:00,109.28467869279672,109.79719551193722,107.95097134027877,108.96797772818971,138.0520882306244,14173.129805313107,1222
2026-01-04T21:35:00+00:00,2026-01-04T21:39:59.999000+00:00,108.96797772818971,111.17278460084343,107.9381129825532,110.01936738240474,128.58074887757397,15088.832206246527,1223
2026-01-04T21:40:00+00:00,2026-01-04T21:44:59.999000+00:00,110.01936738240474,111.64281191747155,108.5255551590729,109.86549774437663,133.49296779216522,16129.775368074088,1224
2026-01-04T21:45:00+00:00,2026-01-04T21:49:59.999000+00:00,109.86549774437663,111.07377039404075,106.30050108712629,107.85288011778682,128.79354470256672,12372.614581675913,1225
2026-01-04T21:50:00+00:00,2026-01-04T21:54:59.999000+00:00,107.85288011778682,109.25673989674934,105.77447604907071,106.47115946242351,112.39447177454744,12654.316956033976,1226
2026-01-04T21:55:00+00:00,2026-01-04T21:59:59.999000+00:00,106.47115946242351,108.10678788575345,103.46078870147232,104.93465070292243,121.71782228318709,10940.67102851828,1227
2026-01-04T22:00:00+00:00,2026-01-04T22:04:59.999000+00:00,104.93465070292243,106.14228059770801,102.53778026439853,103.34168133911724,148.53462396540823,10849.209822232002,1228
2026-01-04T22:05:00+00:00,2026-01-04T22:09:59.999000+00:00,103.34168133911724,104.31466271203638,99.09991981835498,100.79448541433538,137.38762399380465,12082.997294878447,1229
2026-01-04T22:10:00+00:00,2026-01-04T22:14:59.999000+00:00,100.79448541433538,101.44399494472925,97.72820991260558,98.34686035005303,116.79109725546982,13585.415528655709,1230
2026-01-04T22:15:00+00:00,2026-01-04T22:19:59.999000+00:00,98.34686035005303,98.8475390827925,96.5149181134277,97.98670810637086,101.51979434401231,10109.428147276341,1231
2026-01-04T22:20:00+00:00,2026-01-04T22:24:59.999000+00:00,97.98670810637086,98.62559804944661,95.78815159061224,96.41366682351868,144.43651201949135,11967.645348586446,1232
2026-01-04T22:25:00+00:00,2026-01-04T22:29:59.999000+00:00,96.41366682351868,98.07231328206136,94.34820163716608,95.77406059187453,139.0350560902145,14071.74386652658,1233
2026-01-04T22:30:00+00:00,2026-01-04T22:34:59.999000+00:00,95.77406059187453,97.51817200486528,93.93999862727219,94.51576452262985,123.7626733930916,11054.59329236373,1234
2026-01-04T22:35:00+00:00,2026-01-04T22:39:59.999000+00:00,94.51576452262985,95.16934072167442,93.49693498453321,94.16016457647422,129.73542444036343,11314.483626778268,1235
2026-01-04T22:40:00+00:00,2026-01-04T22:44:59.999000+00:00,94.16016457647422,95.22320747835379,93.06258961480822,93.91659027979861,139.67766547042044,11614.755413621866,1236
2026-01-04T22:45:00+00:00,2026-01-04T22:49:59.999000+00:00,93.91659027979861,95.14344879536532,92.80819399142608,94.420459399923,111.18686240061126,13135.844403815476,1237
2026-01-04T22:50:00+00:00,2026-01-04T22:54:59.999000+00:00,94.420459399923,96.56288158980536,93.11601942303224,96.01167113622891,142.99170602199126,13395.689808865489,1238
2026-01-04T22:55:00+00:00,2026-01-04T22:59:59.999000+00:00,96.01167113622891,97.37060749946903,94.12215937176022,95.30173486444467,133.89972067090824,10237.391428286648,1239
2026-01-04T23:00:00+00:00,2026-01-04T23:04:59.999000+00:00,95.30173486444467,97.10947781130135,94.25710352999376,95.6774145130932,116.56390210138045,11263.56770992334,1240
2026-01-04T23:05:00+00:00,2026-01-04T23:09:59.999000+00:00,95.6774145130932,96.65720073613272,94.52325125629599,95.68088898441151,145.86594581326565,10016.19919321735,1241
2026-01-04T23:10:00+00:00,2026-01-04T23:14:59.999000+00:00,95.68088898441151,97.06567108834477,94.48923801694664,94.99213966697117,124.6028754231107,13765.983106253103,1242
2026-01-04T23:15:00+00:00,2026-01-04T23:19:59.999000+00:00,94.99213966697117,96.47448908970054,93.31467163053385,94.67957544782003,117.62250981707908,11277.894574934122,1243
2026-01-04T23:20:00+00:00,2026-01-04T23:24:59.999000+00:00,94.67957544782003,96.04084301965105,92.06839916025694,93.7478447741441,102.79120063943279,9885.199873913532,1244
2026-01-04T23:25:00+00:00,2026-01-04T23:29:59.999000+00:00,93.7478447741441,95.3379987532792,91.24902918087237,92.55018087083441,113.8180876102526,10284.933571545209,1245
2026-01-04T23:30:00+00:00,2026-01-04T23:34:59.999000+00:00,92.55018087083441,93.29696158763599,91.06089769549469,92.10360062778122,141.96718450947796,12443.019165111737,1246
2026-01-04T23:35:00+00:00,2026-01-04T23:39:59.999000+00:00,92.10360062778122,92.88854791209731,89.41998466957511,90.25708239835879,138.19851446491413,9708.984933292999,1247
2026-01-04T23:40:00+00:00,2026-01-04T23:44:59.999000+00:00,90.25708239835879,91.69285314424967,88.60401387372335,90.11153054250615,113.42878498726076,9230.466977605416,1248
2026-01-04T23:45:00+00:00,2026-01-04T23:49:59.999000+00:00,90.11153054250615,90.73957624103087,88.77455276613516,90.04954361780854,148.59409045006714,11877.195460468372,1249
2026-01-04T23:50:00+00:00,2026-01-04T23:54:59.999000+00:00,90.04954361780854,92.87614144183678,89.5230170984836,91.73083411964134,130.76472136455112,10601.106268251764,1250
2026-01-04T23:55:00+00:00,2026-01-04T23:59:59.999000+00:00,91.73083411964134,92.93454341627695,90.50732614330406,92.3485006830198,132.00011218201743,10475.818314608678,1251
2026-01-05T00:00:00+00:00,2026-01-05T00:04:59.999000+00:00,92.3485006830198,95.30338874778232,90.70872547361105,93.63769666333731,143.51149526120545,10178.075073535445,1252
2026-01-05T00:05:00+00:00,2026-01-05T00:09:59.999000+00:00,93.63769666333731,96.30472565580669,92.57972300041821,95.78580622709913,125.70312122977855,13876.001988172056,1253
2026-01-05T00:10:00+00:00,2026-01-05T00:14:59.999000+00:00,95.78580622709913,99.8366234487303,94.60986890682668,99.04974385955867,130.80151756480825,14310.481314786744,1254
2026-01-05T00:15:00+00:00,2026-01-05T00:19:59.999000+00:00,99.04974385955867,101.87973855684056,98.07995292078509,100.24899467060499,143.4265799249534,13236.24027550647,1255
2026-01-05T00:20:00+00:00,2026-01-05T00:24:59.999000+00:00,100.24899467060499,103.1211159990725,99.04967571031067,102.54352367167182,102.06063834302084,14737.255804976005,1256
2026-01-05T00:25:00+00:00,2026-01-05T00:29:59.999000+00:00,102.54352367167182,105.93577800798829,101.06026315238267,104.53948890427661,123.43105216173211,15453.179683511382,1257
2026-01-05T00:30:00+00:00,2026-01-05T00:34:59.999000+00:00,104.53948890427661,105.28705651836007,102.814933519643,104.70106054553766,111.72603678411689,10711.414265707097,1258
2026-01-05T00:35:00+00:00,2026-01-05T00:39:59.999000+00:00,104.70106054553766,107.59791938921114,103.42125488968655,106.26366050352817,149.3955723334691,11906.71264293765,1259
2026-01-05T00:40:00+00:00,2026-01-05T00:44:59.999000+00:00,106.26366050352817,108.31037287420621,105.6011337130379,106.54039372107655,122.40173950947606,12218.360519173735,1260
2026-01-05T00:45:00+00:00,2026-01-05T00:49:59.999000+00:00,106.54039372107655,107.10405530933721,103.77348453367414,105.43756917918493,103.18987262332756,11937.79878574015,1261
2026-01-05T00:50:00+00:00,2026-01-05T00:54:59.999000+00:00,105.43756917918493,106.11562830955745,104.38203804116587,105.07681549546928,147.25841965868236,13143.045724714104,1262
2026-01-05T00:55:00+00:00,2026-01-05T00:59:59.999000+00:00,105.07681549546928,106.74672233654766,104.28065266921904,105.81197356059654,115.3140289394938,15635.31925044914,1263
2026-01-05T01:00:00+00:00,2026-01-05T01:04:59.999000+00:00,105.81197356059654,106.77189779721424,103.95418469466853,104.69035784180423,116.7354936988942,15478.74747393504,1264
2026-01-05T01:05:00+00:00,2026-01-05T01:09:59.999000+00:00,104.69035784180423,105.23706732067889,103.38106058802181,104.22422507383416,110.67093062229442,14649.445179703835,1265
2026-01-05T01:10:00+00:00,2026-01-05T01:14:59.999000+00:00,104.22422507383416,106.15137194858136,103.68458425233452,105.3569622154347,100.94896787480111,15620.99070020972,1266
2026-01-05T01:15:00+00:00,2026-01-05T01:19:59.999000+00:00,105.3569622154347,106.6015553669123,102.8925344139584,104.33601742368982,133.18602807967127,15404.246242636224,1267
2026-01-05T01:20:00+00:00,2026-01-05T01:24:59.999000+00:00,104.33601742368982,106.9233159887964,103.00409219787973,106.01283557053495,121.55341830777259,13307.332534921337,1268
2026-01-05T01:25:00+00:00,2026-01-05T01:29:59.999000+00:00,106.01283557053495,107.9873065711027,105.44249435443311,106.55106739353333,120.89999890299366,15609.40194809235,1269
2026-01-05T01:30:00+00:00,2026-01-05T01:34:59.999000+00:00,106.55106739353333,108.81254127128541,105.5933412231926,107.35954090634873,149.70553372341584,13778.156323444631,1270
2026-01-05T01:35:00+00:00,2026-01-05T01:39:59.999000+00:00,107.35954090634873,108.86414232509765,106.40663487176212,107.82567301809588,117.9018785872321,11206.783896927373,1271
2026-01-05T01:40:00+00:00,2026-01-05T01:44:59.999000+00:00,107.82567301809588,110.37037968776943,106.70824645255719,109.40808589094114,126.15236273109126,15680.392415464154,1272
2026-01-05T01:45:00+00:00,2026-01-05T01:49:59.999000+00:00,109.40808589094114,111.78572434625978,107.87976883008943,110.00234241089406,108.87450938287758,14924.417188821679,1273
2026-01-05T01:50:00+00:00,2026-01-05T01:54:59.999000+00:00,110.00234241089406,110.81136716390922,107.98632958573133,108.5909802832191,131.70098345103412,12987.925558173882,1274
2026-01-05T01:55:00+00:00,2026-01-05T01:59:59.999000+00:00,108.5909802832191,110.23438394792167,106.71772101167436,108.08029748783127,115.99642898837108,11551.986908040823,1275
2026-01-05T02:00:00+00:00,2026-01-05T02:04:59.999000+00:00,108.08029748783127,109.25177177533143,105.63342347556423,107.18907374220555,121.79828118395136,15294.790666824103,1276
2026-01-05T02:05:00+00:00,2026-01-05T02:09:59.999000+00:00,107.18907374220555,107.70182738088283,104.02329874394327,105.65954722544804,116.19960000139226,12486.617685149087,1277
2026-01-05T02:10:00+00:00,2026-01-05T02:14:59.999000+00:00,105.65954722544804,107.17232577847432,103.24292143631587,104.38021527532815,105.30074440278139,13068.06995113245,1278
2026-01-05T02:15:00+00:00,2026-01-05T02:19:59.999000+00:00,104.38021527532815,106.13754245071864,101.40312070746637,102.78823159930941,106.76482419081024,13184.161778888267,1279
2026-01-05T02:20:00+00:00,2026-01-05T02:24:59.999000+00:00,102.78823159930941,104.17753233792844,99.54321389332351,100.5253465292588,103.07071389739659,12595.081757756918,1280
2026-01-05T02:25:00+00:00,2026-01-05T02:29:59.999000+00:00,100.5253465292588,102.17337778606644,97.99021734674594,98.97174165464097,115.58154253368647,12972.457455064963,1281
2026-01-05T02:30:00+00:00,2026-01-05T02:34:59.999000+00:00,98.97174165464097,99.60893228745189,94.12745312622118,95.81435611218957,103.7155276503745,14277.624742247539,1282
2026-01-05T02:35:00+00:00,2026-01-05T02:39:59.999000+00:00,95.81435611218957,97.29600811058795,93.92172326575545,95.2646067834132,114.01422150435454,10259.87024759858,1283
2026-01-05T02:40:00+00:00,2026-01-05T02:44:59.999000+00:00,95.2646067834132,96.93048209050255,93.55352754802142,94.87745783256949,122.2572032704652,10279.768509734498,1284
2026-01-05T02:45:00+00:00,2026-01-05T02:49:59.999000+00:00,94.87745783256949,96.24469229055285,93.05356183762743,93.78520859370082,149.0513649134743,12599.572429780077,1285
2026-01-05T02:50:00+00:00,2026-01-05T02:54:59.999000+00:00,93.78520859370082,95.1145933542836,92.51905552917552,93.56732425809024,130.65218209573874,13086.082568743635,1286
2026-01-05T02:55:00+00:00,2026-01-05T02:59:59.999000+00:00,93.56732425809024,95.81449908017744,92.19431604369704,94.9092764323749,127.76323555541377,10881.763348499053,1287
2026-01-05T03:00:00+00:00,2026-01-05T03:04:59.999000+00:00,94.9092764323749,96.2298168002039,93.44938667929934,94.7697188399465,104.96487860912167,9653.41471148184,1288
2026-01-05T03:05:00+00:00,2026-01-05T03:09:59.999000+00:00,94.7697188399465,96.12654819150207,92.64877379175213,94.41316457263024,126.47921001531944,11165.701438570544,1289
2026-01-05T03:10:00+00:00,2026-01-05T03:14:59.999000+00:00,94.41316457263024,96.45418767607636,92.7003239009351,94.70838596272257,118.54620627722164,11140.858576694294,1290
2026-01-05T03:15:00+00:00,2026-01-05T03:19:59.999000+00:00,94.70838596272257,97.07560992234258,93.95225766832847,95.91594767694373,137.779502371131,13586.831507499848,1291
2026-01-05T03:20:00+00:00,2026-01-05T03:24:59.999000+00:00,95.91594767694373,97.35022824378508,94.66330883989578,95.92861194499179,148.60837456875123,13251.566972942575,1292
2026-01-05T03:25:00+00:00,2026-01-05T03:29:59.999000+00:00,95.92861194499179,96.51430287016359,92.51136923421214,94.00579491092402,125.37421103846424,12602.131794473626,1293
2026-01-05T03:30:00+00:00,2026-01-05T03:34:59.999000+00:00,94.00579491092402,95.21995682677517,92.5733575450309,94.52661490820564,120.15140856344061,11137.590827590124,1294
2026-01-05T03:35:00+00:00,2026-01-05T03:39:59.999000+00:00,94.52661490820564,95.45736084537505,91.51171267587222,92.46187439219595,106.16626104917837,12482.451229816312,1295
2026-01-05T03:40:00+00:00,2026-01-05T03:44:59.999000+00:00,92.46187439219595,94.53959246650456,91.01527088156512,92.95942145930998,149.77455843574916,10675.287088967514,1296
2026-01-05T03:45:00+00:00,2026-01-05T03:49:59.999000+00:00,92.95942145930998,93.68148597528612,90.86660046993539,92.25164190388945,125.48582635180244,13145.78683993886,1297
2026-01-05T03:50:00+00:00,2026-01-05T03:54:59.999000+00:00,92.25164190388945,93.49641687432441,90.0015968794094,91.46700612959292,129.41513421209413,12727.262291719175,1298
2026-01-05T03:55:00+00:00,2026-01-05T03:59:59.999000+00:00,91.46700612959292,93.06866547881118,90.69921000857605,91.2502558567271,144.66957478974504,11899.94109566911,1299
2026-01-05T04:00:00+00:00,2026-01-05T04:04:59.999000+00:00,91.2502558567271,92.37898956249448,89.5947235360457,90.82586497927306,124.14669854738024,12465.202709565938,1300
2026-01-05T04:05:00+00:00,2026-01-05T04:09:59.999000+00:00,90.82586497927306,94.49090140499732,89.45099765756609,92.70995395543527,109.16401139497496,11931.450691884429,1301
2026-01-05T04:10:00+00:00,2026-01-05T04:14:59.999000+00:00,92.70995395543527,94.52712066501257,91.44991839486512,93.49758013573103,115.61488429953918,12851.321337844432,1302
2026-01-05T04:15:00+00:00,2026-01-05T04:19:59.999000+00:00,93.49758013573103,95.7710734750476,92.40153685167962,95.06761424080644,107.900819804125,14056.483264990778,1303
2026-01-05T04:20:00+00:00,2026-01-05T04:24:59.999000+00:00,95.06761424080644,98.04663835628621,93.55190756472093,96.86641438365541,105.90857128365658,11873.362950412416,1304
2026-01-05T04:25:00+00:00,2026-01-05T04:29:59.999000+00:00,96.86641438365541,100.74495390227597,95.06791554264683,99.03237373985897,128.301495392459,12965.793437377406,1305
2026-01-05T04:30:00+00:00,2026-01-05T04:34:59.999000+00:00,99.03237373985897,102.89489822390337,97.86070509252689,101.28802329997058,114.90751263485758,11274.659957477044,1306
2026-01-05T04:35:00+00:00,2026-01-05T04:39:59.999000+00:00,101.28802329997058,103.15825093045818,100.26334791315585,102.41522687337398,117.5352261486676,11796.307685972957,1307
2026-01-05T04:40:00+00:00,2026-01-05T04:44:59.999000+00:00,102.41522687337398,105.6080105972723,101.69580413581551,104.63096437922258,138.18665646136836,14094.479826386485,1308
2026-01-05T04:45:00+00:00,2026-01-05T04:49:59.999000+00:00,104.63096437922258,106.90266167221814,103.66046592953482,105.59537664429432,137.3782375621805,13819.523403717161,1309
2026-01-05T04:50:00+00:00,2026-01-05T04:54:59.999000+00:00,105.59537664429432,106.60695536970897,104.05514112360419,105.5027701561464,120.43459502110125,13618.389429027666,1310
2026-01-05T04:55:00+00:00,2026-01-05T04:59:59.999000+00:00,105.5027701561464,107.41775930801265,104.42908189123908,106.40195262401113,142.3869282259964,15784.084968026607,1311
2026-01-05T05:00:00+00:00,2026-01-05T05:04:59.999000+00:00,106.40195262401113,107.3123145692339,104.94883267182837,106.05880268280133,136.4807075082775,12797.871470603177,1312
2026-01-05T05:05:00+00:00,2026-01-05T05:09:59.999000+00:00,106.05880268280133,106.77320391714805,105.42915354489045,105.9473519704177,149.2657801761277,13810.420264941964,1313
2026-01-05T05:10:00+00:00,2026-01-05T05:14:59.999000+00:00,105.9473519704177,107.28427082811247,103.64830826686976,105.38751397576767,138.02188953168,10667.953117953584,1314
2026-01-05T05:15:00+00:00,2026-01-05T05:19:59.999000+00:00,105.38751397576767,106.29733994902885,104.48641041447621,105.5387383588924,112.62943255556496,10845.51680575633,1315
2026-01-05T05:20:00+00:00,2026-01-05T05:24:59.999000+00:00,105.5387383588924,107.24797003809546,103.2954958671373,104.17833160178327,134.21808202747246,13791.410198657188,1316
2026-01-05T05:25:00+00:00,2026-01-05T05:29:59.999000+00:00,104.17833160178327,105.718966931701,103.46054444699212,104.14457936665912,105.85898484169252,13782.888076268737,1317
2026-01-05T05:30:00+00:00,2026-01-05T05:34:59.999000+00:00,104.14457936665912,105.93838726268993,103.22200974720027,105.12680778568988,105.1344109874233,14286.697148272082,1318
2026-01-05T05:35:00+00:00,2026-01-05T05:39:59.999000+00:00,105.12680778568988,106.80661919392769,104.34887269339062,105.6773757207977,125.99156437709068,14529.3332613505,1319
2026-01-05T05:40:00+00:00,2026-01-05T05:44:59.999000+00:00,105.6773757207977,106.4035126321576,104.24457559040043,105.84326942266901,138.96364319339867,12859.655164502605,1320
2026-01-05T05:45:00+00:00,2026-01-05T05:49:59.999000+00:00,105.84326942266901,108.1320286914282,104.10943074757803,106.57183580851492,110.48346319541712,12128.822662177341,1321
2026-01-05T05:50:00+00:00,2026-01-05T05:54:59.999000+00:00,106.57183580851492,107.9571698572912,105.22109850262991,107.31002374872438,135.25129667906145,14376.263521057757,1322
2026-01-05T05:55:00+00:00,2026-01-05T05:59:59.999000+00:00,107.31002374872438,108.78378286869402,105.8322786553002,107.8578415767657,122.81850626174582,14005.162822882601,1323
2026-01-05T06:00:00+00:00,2026-01-05T06:04:59.999000+00:00,107.8578415767657,110.68435007886146,106.23953342369751,109.47639792905343,125.4072844220407,14271.779165890952,1324
2026-01-05T06:05:00+00:00,2026-01-05T06:09:59.999000+00:00,109.47639792905343,110.0173848062623,108.39911624008874,109.46008292505235,113.43465417200038,16357.384708720449,1325
2026-01-05T06:10:00+00:00,2026-01-05T06:14:59.999000+00:00,109.46008292505235,110.69626968300722,108.06226491530776,108.66206469428649,144.40805377100097,16029.128133513792,1326
2026-01-05T06:15:00+00:00,2026-01-05T06:19:59.999000+00:00,108.66206469428649,109.75157774433713,106.69437065432652,107.42112247919106,128.9317690727181,14774.170706153496,1327
2026-01-05T06:20:00+00:00,2026-01-05T06:24:59.999000+00:00,107.42112247919106,108.40619955321738,103.87537868324677,105.47362978475371,100.2346356097004,11200.434267591525,1328
2026-01-05T06:25:00+00:00,2026-01-05T06:29:59.999000+00:00,105.47362978475371,106.13465733318054,103.39856121605784,104.13911105025664,131.54917140122058,12802.0742082305,1329
2026-01-05T06:30:00+00:00,2026-01-05T06:34:59.999000+00:00,104.13911105025664,105.32022873556086,100.21304493712314,100.97304037029507,127.4532602905031,11078.309372302572,1330
2026-01-05T06:35:00+00:00,2026-01-05T06:39:59.999000+00:00,100.97304037029507,101.95853549701238,99.20768547533471,99.94858524420887,117.61765350722452,13728.615464185772,1331
2026-01-05T06:40:00+00:00,2026-01-05T06:44:59.999000+00:00,99.94858524420887,101.2186787688535,95.63590678160656,96.89775877757639,115.11833356383289,10891.605047935178,1332
2026-01-05T06:45:00+00:00,2026-01-05T06:49:59.999000+00:00,96.89775877757639,97.83796041866084,93.51318285769315,95.1958375723334,127.89505780305342,12051.687290409598,1333
2026-01-05T06:50:00+00:00,2026-01-05T06:54:59.999000+00:00,95.1958375723334,96.76753089520315,93.47227390323802,94.45351470395488,106.2747587661052,12326.87964569103,1334
2026-01-05T06:55:00+00:00,2026-01-05T06:59:59.999000+00:00,94.45351470395488,94.96690366377199,92.4967270095604,93.83651261748997,109.02062031958536,12208.60161459702,1335
2026-01-05T07:00:00+00:00,2026-01-05T07:04:59.999000+00:00,93.83651261748997,94.64893056740037,92.08281486627268,92.75962814948039,111.51941279500134,9760.219617102493,1336
2026-01-05T07:05:00+00:00,2026-01-05T07:09:59.999000+00:00,92.75962814948039,94.5566442226836,91.95955718477039,92.83062557109743,117.42077911571083,10314.472589443525,1337
2026-01-05T07:10:00+00:00,2026-01-05T07:14:59.999000+00:00,92.83062557109743,94.25509648495928,91.87551189151613,93.2946261170926,127.0100583173801,13056.916464601458,1338
2026-01-05T07:15:00+00:00,2026-01-05T07:19:59.999000+00:00,93.2946261170926,94.92237036163374,91.61598677684222,93.84068347414723,100.13268430991619,12641.273791185753,1339
2026-01-05T07:20:00+00:00,2026-01-05T07:24:59.999000+00:00,93.84068347414723,96.20932388335083,92.82576208513596,95.31096079090871,116.53038024295107,10209.161608279112,1340
2026-01-05T07:25:00+00:00,2026-01-05T07:29:59.999000+00:00,95.31096079090871,97.41898064762452,93.99749018006291,95.62097577146902,126.4155491602013,9820.6745997914,1341
2026-01-05T07:30:00+00:00,2026-01-05T07:34:59.999000+00:00,95.62097577146902,96.57787324555538,93.35393151931389,94.67936377280856,134.87696160908942,12469.210119971254,1342
2026-01-05T07:35:00+00:00,2026-01-05T07:39:59.999000+00:00,94.67936377280856,96.36679108259773,93.79048948477684,94.82388543218292,128.18122339005254,10883.260994315779,1343
2026-01-05T07:40:00+00:00,2026-01-05T07:44:59.999000+00:00,94.82388543218292,95.56248987904165,93.85868472290815,94.6364635546844,100.07461911639824,13847.203847728524,1344
2026-01-05T07:45:00+00:00,2026-01-05T07:49:59.999000+00:00,94.6364635546844,96.24645465761391,92.95611111370293,94.29848881250464,127.96964080019752,13363.791150899355,1345
2026-01-05T07:50:00+00:00,2026-01-05T07:54:59.999000+00:00,94.29848881250464,95.72882138350181,92.15641521620967,93.11322200671056,109.8284741155268,12999.374410909795,1346
2026-01-05T07:55:00+00:00,2026-01-05T07:59:59.999000+00:00,93.11322200671056,94.26307655538814,91.10874408010535,92.6160103938306,149.4670619331229,9656.064156691182,1347
2026-01-05T08:00:00+00:00,2026-01-05T08:04:59.999000+00:00,92.6160103938306,93.907419960616,90.68313451872851,92.42557769813425,141.67292359530802,12977.57585288401,1348
2026-01-05T08:05:00+00:00,2026-01-05T08:09:59.999000+00:00,92.42557769813425,93.88603036285721,91.30037835736891,91.97067648066371,144.43352736549247,9379.371212334328,1349
2026-01-05T08:10:00+00:00,2026-01-05T08:14:59.999000+00:00,91.97067648066371,93.73948990589564,91.06677411325782,92.04014373768902,114.62556100423937,10887.202973568146,1350
2026-01-05T08:15:00+00:00,2026-01-05T08:19:59.999000+00:00,92.04014373768902,93.70729197349952,89.84500440008321,91.34769987015666,137.66617996946528,12293.226529561243,1351
2026-01-05T08:20:00+00:00,2026-01-05T08:24:59.999000+00:00,91.34769987015666,93.98201860979415,90.704269424838,93.10514462371047,109.11407192369842,11674.402400941799,1352
2026-01-05T08:25:00+00:00,2026-01-05T08:29:59.999000+00:00,93.10514462371047,95.2430524779991,91.8074756060497,94.03007387106314,110.62844635332469,12486.15863873795,1353
2026-01-05T08:30:00+00:00,2026-01-05T08:34:59.999000+00:00,94.03007387106314,97.7913620533688,93.12007918848391,96.26815130461573,140.20067437024537,11016.844225407496,1354
2026-01-05T08:35:00+00:00,2026-01-05T08:39:59.999000+00:00,96.26815130461573,98.00063288870864,94.4777122504327,97.39507378153606,117.42464516112182,11151.710914847738,1355
2026-01-05T08:40:00+00:00,2026-01-05T08:44:59.999000+00:00,97.39507378153606,101.5604991458233,96.21230274487559,100.65332534377164,120.46799689544648,12808.44866391269,1356
2026-01-05T08:45:00+00:00,2026-01-05T08:49:59.999000+00:00,100.65332534377164,104.34024437478507,100.05557736339283,102.60458406566602,147.1169991220211,12673.800737337955,1357
2026-01-05T08:50:00+00:00,2026-01-05T08:54:59.999000+00:00,102.60458406566602,105.64188139343595,101.15526981781078,104.56921190734062,125.97332973985804,15276.224702917154,1358
2026-01-05T08:55:00+00:00,2026-01-05T08:59:59.999000+00:00,104.56921190734062,106.306240695579,103.35957559022356,105.26314619183363,144.27168373821934,10570.927332074767,1359
2026-01-05T09:00:00+00:00,2026-01-05T09:04:59.999000+00:00,105.26314619183363,106.71866210186388,103.64374252232226,106.21586889005296,104.10681082504847,13991.76132347112,1360
2026-01-05T09:05:00+00:00,2026-01-05T09:09:59.999000+00:00,106.21586889005296,108.25813203441693,105.39296414059825,107.13601551376128,143.22691219904215,12181.002731266366,1361
2026-01-05T09:10:00+00:00,2026-01-05T09:14:59.999000+00:00,107.13601551376128,108.37802803145699,105.39466666997521,106.75486196340972,137.42085624432787,11162.35576947704,1362
2026-01-05T09:15:00+00:00,2026-01-05T09:19:59.999000+00:00,106.75486196340972,108.89928782046144,105.20678027059097,107.33229646586173,138.91811264156624,10846.283480464535,1363
2026-01-05T09:20:00+00:00,2026-01-05T09:24:59.999000+00:00,107.33229646586173,108.60071471243673,105.5660805234121,106.3838107787176,131.5370755732925,14366.624723618836,1364
2026-01-05T09:25:00+00:00,2026-01-05T09:29:59.999000+00:00,106.3838107787176,107.71256655922598,104.01761759439724,105.39597799346538,113.32210344534796,12786.280834604164,1365
2026-01-05T09:30:00+00:00,2026-01-05T09:34:59.999000+00:00,105.39597799346538,107.66104210098783,103.70693814720772,106.01359196202063,127.2883932450186,11442.50605568536,1366
2026-01-05T09:35:00+00:00,2026-01-05T09:39:59.999000+00:00,106.01359196202063,107.18336391439472,103.8695721682906,104.62581768583989,100.17727463428805,14844.26474535778,1367
2026-01-05T09:40:00+00:00,2026-01-05T09:44:59.999000+00:00,104.62581768583989,105.150381106936,102.68064018510798,104.22611603934463,129.47392067696018,11216.092410941252,1368
2026-01-05T09:45:00+00:00,2026-01-05T09:49:59.999000+00:00,104.22611603934463,107.14664974165065,103.32531002659827,105.78549940389799,141.02059924068215,15249.257122889534,1369
2026-01-05T09:50:00+00:00,2026-01-05T09:54:59.999000+00:00,105.78549940389799,106.41096928145159,104.45237950283699,105.10111283955835,129.55507494205955,13461.12098057162,1370
2026-01-05T09:55:00+00:00,2026-01-05T09:59:59.999000+00:00,105.10111283955835,106.9256192341908,104.09200024412038,106.35094590451371,148.52295806440313,14211.22690856964,1371
2026-01-05T10:00:00+00:00,2026-01-05T10:04:59.999000+00:00,106.35094590451371,107.47279761924219,104.6597441761428,106.34069002067054,116.09470510890905,14004.734212691164,1372
2026-01-05T10:05:00+00:00,2026-01-05T10:09:59.999000+00:00,106.34069002067054,108.99515824208184,104.76096432442228,108.09801278776489,137.4106065924326,14232.443264896512,1373
2026-01-05T10:10:00+00:00,2026-01-05T10:14:59.999000+00:00,108.09801278776489,109.86996422570444,107.16635485931269,108.18219233379789,116.13786535073385,13079.192886680416,1374
2026-01-05T10:15:00+00:00,2026-01-05T10:19:59.999000+00:00,108.18219233379789,110.75438145810709,106.48277089075296,109.10919679626953,110.70812399932365,13890.127853626545,1375
2026-01-05T10:20:00+00:00,2026-01-05T10:24:59.999000+00:00,109.10919679626953,110.05484285187337,107.00341087566458,108.24370223875114,110.20724655005593,14673.702961505147,1376
2026-01-05T10:25:00+00:00,2026-01-05T10:29:59.999000+00:00,108.24370223875114,109.40829255009282,106.5562522462877,108.16780214689281,113.45171744801222,12146.614133709532,1377
2026-01-05T10:30:00+00:00,2026-01-05T10:34:59.999000+00:00,108.16780214689281,108.9164076423502,104.77662362931271,106.04004934742298,137.41066948535806,15404.322079707257,1378
2026-01-05T10:35:00+00:00,2026-01-05T10:39:59.999000+00:00,106.04004934742298,106.96326026766373,104.48773361312112,105.20888029915962,132.8863267258012,15370.647408826122,1379
2026-01-05T10:40:00+00:00,2026-01-05T10:44:59.999000+00:00,105.20888029915962,106.37541433208712,101.10892170643096,102.63201320403628,100.4827341103932,14146.93667657375,1380
2026-01-05T10:45:00+00:00,2026-01-05T10:49:59.999000+00:00,102.63201320403628,103.78704651454694,98.71217988375123,99.98618869751414,135.04039464794965,13298.671649542342,1381
2026-01-05T10:50:00+00:00,2026-01-05T10:54:59.999000+00:00,99.98618869751414,100.54535606187869,97.77181765802908,99.18923061622924,147.40032302902776,14506.756725459678,1382
2026-01-05T10:55:00+00:00,2026-01-05T10:59:59.999000+00:00,99.18923061622924,100.51210983722676,94.91674258610838,96.67071890037433,104.47164858986265,11428.075350987267,1383
2026-01-05T11:00:00+00:00,2026-01-05T11:04:59.999000+00:00,96.67071890037433,97.70820554602878,93.71541535750578,95.07014648636752,125.13828619463493,13903.590013369008,1384
2026-01-05T11:05:00+00:00,2026-01-05T11:09:59.999000+00:00,95.07014648636752,95.77937987549073,91.80345649400667,93.18793243616382,107.76734044653844,13956.668134033966,1385
2026-01-05T11:10:00+00:00,2026-01-05T11:14:59.999000+00:00,93.18793243616382,94.8921240613526,91.74376057558261,93.64165758163261,123.99569957642781,12721.303049212656,1386
2026-01-05T11:15:00+00:00,2026-01-05T11:19:59.999000+00:00,93.64165758163261,94.62957104682403,92.78932197813693,93.31088188688557,116.42178192886037,11663.745193189365,1387
2026-01-05T11:20:00+00:00,2026-01-05T11:24:59.999000+00:00,93.31088188688557,94.92581172314296,91.55660263860537,93.5544968818405,117.48086978455831,12433.380813560725,1388
2026-01-05T11:25:00+00:00,2026-01-05T11:29:59.999000+00:00,93.5544968818405,94.63948086258902,91.95694025239355,92.93575415135433,114.8820493892338,13260.598017568887,1389
2026-01-05T11:30:00+00:00,2026-01-05T11:34:59.999000+00:00,92.93575415135433,96.01043795913445,91.20728662294943,94.24302956629475,140.69170481812628,13494.589622814252,1390
2026-01-05T11:35:00+00:00,2026-01-05T11:39:59.999000+00:00,94.24302956629475,96.39724366701985,92.53156996756235,94.88358272521371,142.96418723288974,13707.774114816775,1391
2026-01-05T11:40:00+00:00,2026-01-05T11:44:59.999000+00:00,94.88358272521371,95.67353901157438,93.0668222628121,94.24212751726643,101.7465397009525,11590.619255953721,1392
2026-01-05T11:45:00+00:00,2026-01-05T11:49:59.999000+00:00,94.24212751726643,96.23393413893946,92.91192536682522,95.31148753317476,146.45421306870116,9558.690025460357,1393
2026-01-05T11:50:00+00:00,2026-01-05T11:54:59.999000+00:00,95.31148753317476,95.97325308295272,93.57527498185861,94.31646235901921,118.19957906695798,13269.502667050056,1394
2026-01-05T11:55:00+00:00,2026-01-05T11:59:59.999000+00:00,94.31646235901921,94.95224415470577,92.59579025792719,94.05317421952131,111.62316579856548,12655.474074719015,1395
2026-01-05T12:00:00+00:00,2026-01-05T12:04:59.999000+00:00,94.05317421952131,94.7912428766123,92.57499504670965,93.60336499022326,144.49895106356448,11736.661780098773,1396
2026-01-05T12:05:00+00:00,2026-01-05T12:09:59.999000+00:00,93.60336499022326,94.69893074284514,92.11391600013063,93.10702972945244,122.11641232051251,11278.01545196002,1397
2026-01-05T12:10:00+00:00,2026-01-05T12:14:59.999000+00:00,93.10702972945244,93.86557740883903,90.55493246013602,92.12749599788195,138.51109834150586,10936.352209325089,1398
2026-01-05T12:15:00+00:00,2026-01-05T12:19:59.999000+00:00,92.12749599788195,93.76362748266382,90.41078147396594,92.3038581058608,136.79594452271294,10266.838016602995,1399
2026-01-05T12:20:00+00:00,2026-01-05T12:24:59.999000+00:00,92.3038581058608,93.57962806696061,90.93806828511255,92.46309095611646,135.31187278294675,13288.285623988837,1400
2026-01-05T12:25:00+00:00,2026-01-05T12:29:59.999000+00:00,92.46309095611646,93.34213552639818,90.85849725566666,91.4622221709564,104.4844025756315,13204.770165173153,1401
2026-01-05T12:30:00+00:00,2026-01-05T12:34:59.999000+00:00,91.4622221709564,94.46720696032294,90.44836069830389,93.07307177726696,141.56602124432217,13586.065607409359,1402
2026-01-05T12:35:00+00:00,2026-01-05T12:39:59.999000+00:00,93.07307177726696,94.27731250620312,91.6462114950825,92.76368991050498,138.28456116436058,12265.540145235262,1403
2026-01-05T12:40:00+00:00,2026-01-05T12:44:59.999000+00:00,92.76368991050498,94.69540418238947,91.27702659327309,94.13871174778545,118.36532578156863,9646.946612838461,1404
2026-01-05T12:45:00+00:00,2026-01-05T12:49:59.999000+00:00,94.13871174778545,98.17272270181894,92.92692891794391,96.91007021799152,135.8842921682969,12654.718611127077,1405
2026-01-05T12:50:00+00:00,2026-01-05T12:54:59.999000+00:00,96.91007021799152,99.33404416547681,95.61692565950003,98.0941426805471,116.69339534975234,11716.716613003095,1406
2026-01-05T12:55:00+00:00,2026-01-05T12:59:59.999000+00:00,98.0941426805471,101.4109298574611,97.02672751793237,100.6379064249999,110.13264367668751,11499.691057011822,1407
2026-01-05T13:00:00+00:00,2026-01-05T13:04:59.999000+00:00,100.6379064249999,104.26937232738227,98.93100635422083,103.53867720086663,102.76848215297176,14952.111806356092,1408
2026-01-05T13:05:00+00:00,2026-01-05T13:09:59.999000+00:00,103.53867720086663,105.39664647318739,102.33044366636756,104.34365206474818,101.37284672094057,13607.156282936925,1409
2026-01-05T13:10:00+00:00,2026-01-05T13:14:59.999000+00:00,104.34365206474818,107.38004437770503,103.71004456872996,105.87105302523695,106.41107703408582,12749.148992092996,1410
2026-01-05T13:15:00+00:00,2026-01-05T13:19:59.999000+00:00,105.87105302523695,107.40382576778107,104.14684807890866,106.37896734106158,111.32010695736554,12918.621255605098,1411
2026-01-05T13:20:00+00:00,2026-01-05T13:24:59.999000+00:00,106.37896734106158,108.61701186658502,105.14005689515513,107.80183980625176,146.82809125538145,15573.335069651781,1412
2026-01-05T13:25:00+00:00,2026-01-05T13:29:59.999000+00:00,107.80183980625176,108.46881535919643,105.83745540051933,107.48207147565213,127.26595282150873,12933.022557065093,1413
2026-01-05T13:30:00+00:00,2026-01-05T13:34:59.999000+00:00,107.48207147565213,109.09960292921683,105.84843586268406,107.51751576556882,103.33319302454898,14988.226295771161,1414
2026-01-05T13:35:00+00:00,2026-01-05T13:39:59.999000+00:00,107.51751576556882,108.38266874139607,105.00667605763623,106.15565542974963,124.48697850877437,15077.75245281012,1415
2026-01-05T13:40:00+00:00,2026-01-05T13:44:59.999000+00:00,106.15565542974963,107.44941430979311,104.6844886179599,105.39481401876064,120.2109347199609,11736.542390167715,1416
2026-01-05T13:45:00+00:00,2026-01-05T13:49:59.999000+00:00,105.39481401876064,106.70468620994778,104.14747103964868,105.16464386300224,107.8497746814657,12707.778798069288,1417
2026-01-05T13:50:00+00:00,2026-01-05T13:54:59.999000+00:00,105.16464386300224,107.13226126729546,103.43732071905583,105.49319969833626,105.17167175101427,14165.165690976948,1418
2026-01-05T13:55:00+00:00,2026-01-05T13:59:59.999000+00:00,105.49319969833626,106.56586046231685,103.76392686905453,105.57747032142214,119.8172216128282,14444.613461590403,1419
2026-01-05T14:00:00+00:00,2026-01-05T14:04:59.999000+00:00,105.57747032142214,106.57189578744659,103.7306834898889,105.27245536792151,115.56222309369763,14213.88481996401,1420
2026-01-05T14:05:00+00:00,2026-01-05T14:09:59.999000+00:00,105.27245536792151,106.60968418869277,104.23845133347417,105.60864697836648,138.84019193438849,15713.385396721265,1421
2026-01-05T14:10:00+00:00,2026-01-05T14:14:59.999000+00:00,105.60864697836648,107.65927032634629,104.04991937594588,106.33790200246624,140.51077963747997,12707.851159215013,1422
2026-01-05T14:15:00+00:00,2026-01-05T14:19:59.999000+00:00,106.33790200246624,108.24960425177468,104.58590191696698,107.56484367037852,141.1205728473812,15744.309623603971,1423
2026-01-05T14:20:00+00:00,2026-01-05T14:24:59.999000+00:00,107.56484367037852,109.00721309248199,106.76466604228622,108.16534416677415,118.25152009566426,12234.77782779383,1424
2026-01-05T14:25:00+00:00,2026-01-05T14:29:59.999000+00:00,108.16534416677415,109.78867272086906,107.36164630276986,108.29939769060047,101.94954313287417,11204.399143576296,1425
2026-01-05T14:30:00+00:00,2026-01-05T14:34:59.999000+00:00,108.29939769060047,109.5747652577913,107.25221906186442,108.65679583453336,100.43876810537562,14609.23468174752,1426
2026-01-05T14:35:00+00:00,2026-01-05T14:39:59.999000+00:00,108.65679583453336,110.23785651006659,106.91896166560419,108.19213397378783,142.12491943997816,12216.476358696144,1427
2026-01-05T14:40:00+00:00,2026-01-05T14:44:59.999000+00:00,108.19213397378783,109.11219999048845,105.4958097706995,106.26130955704988,133.7812858290131,11880.705525697123,1428
2026-01-05T14:45:00+00:00,2026-01-05T14:49:59.999000+00:00,106.26130955704988,107.8288684639597,103.8358162925211,105.0654997870381,146.09416578049965,14654.780509750773,1429
2026-01-05T14:50:00+00:00,2026-01-05T14:54:59.999000+00:00,105.0654997870381,106.46161195663697,103.53198412635581,104.57666910733664,121.77475368971724,12762.08198725111,1430
2026-01-05T14:55:00+00:00,2026-01-05T14:59:59.999000+00:00,104.57666910733664,105.95830303370961,99.30776579223726,101.0689140807216,133.54064453690475,13871.31220462825,1431
2026-01-05T15:00:00+00:00,2026-01-05T15:04:59.999000+00:00,101.0689140807216,101.64316997981156,98.38874328952569,99.74671744922409,116.1103875106986,13024.712741104679,1432
2026-01-05T15:05:00+00:00,2026-01-05T15:09:59.999000+00:00,99.74671744922409,100.97583087757887,97.24575370947753,98.39678559049729,143.13270692016653,13952.192072831205,1433
2026-01-05T15:10:00+00:00,2026-01-05T15:14:59.999000+00:00,98.39678559049729,99.07359128515209,95.65955149018157,96.17410359890758,118.31278881755176,12116.094211072692,1434
2026-01-05T15:15:00+00:00,2026-01-05T15:19:59.999000+00:00,96.17410359890758,97.42838147318578,93.68909712706707,94.82244193817861,130.58194618014107,11177.879976189333,1435
2026-01-05T15:20:00+00:00,2026-01-05T15:24:59.999000+00:00,94.82244193817861,96.131338775722,92.19363978434261,92.71810643281175,105.48722918905145,10624.35297495778,1436
2026-01-05T15:25:00+00:00,2026-01-05T15:29:59.999000+00:00,92.71810643281175,94.44702582977494,92.10391578399944,93.19936968971969,128.32897485281094,12895.31505736256,1437
2026-01-05T15:30:00+00:00,2026-01-05T15:34:59.999000+00:00,93.19936968971969,93.7059508534239,91.29474765259094,92.19132682446437,102.4868374326763,10636.657735682347,1438
2026-01-05T15:35:00+00:00,2026-01-05T15:39:59.999000+00:00,92.19132682446437,92.87137861326265,91.12866996775749,92.22461470860443,140.37409924068044,10869.471769745542,1439
2026-01-05T15:40:00+00:00,2026-01-05T15:44:59.999000+00:00,92.22461470860443,94.11489728062463,90.92983380974755,92.47451639054712,132.39721443178482,11136.568666529165,1440
2026-01-05T15:45:00+00:00,2026-01-05T15:49:59.999000+00:00,92.47451639054712,94.01096150588269,90.68805429630021,92.9120468012729,146.67968784653448,10979.99738161952,1441
2026-01-05T15:50:00+00:00,2026-01-05T15:54:59.999000+00:00,92.9120468012729,95.94927036240414,91.40858457787942,94.97416246323098,126.79893050703502,10565.871344802705,1442
2026-01-05T15:55:00+00:00,2026-01-05T15:59:59.999000+00:00,94.97416246323098,96.61712635623093,93.58174841294168,94.71954563632676,134.3470927643487,12744.12775567062,1443
2026-01-05T16:00:00+00:00,2026-01-05T16:04:59.999000+00:00,94.71954563632676,96.19294224051646,93.15715999782438,95.23384446433549,140.50256383773072,11679.437847305478,1444
2026-01-05T16:05:00+00:00,2026-01-05T16:09:59.999000+00:00,95.23384446433549,96.47364438082256,93.14975666454853,94.37881355964822,121.17572231355817,10090.909517339938,1445
2026-01-05T16:10:00+00:00,2026-01-05T16:14:59.999000+00:00,94.37881355964822,96.68276345473531,92.67801565805682,95.1214497272594,125.96604897218542,12891.607133050486,1446
2026-01-05T16:15:00+00:00,2026-01-05T16:19:59.999000+00:00,95.1214497272594,96.13379428325007,92.86429976250575,94.59158583533353,135.3653633608243,10162.547454311905,1447
2026-01-05T16:20:00+00:00,2026-01-05T16:24:59.999000+00:00,94.59158583533353,95.96934920076956,91.07343741690109,92.68548305008458,105.52912250118702,13535.77073329075,1448
2026-01-05T16:25:00+00:00,2026-01-05T16:29:59.999000+00:00,92.68548305008458,93.21639206849723,90.39620611770233,92.11299103150361,114.45184811006212,12037.172876372706,1449
2026-01-05T16:30:00+00:00,2026-01-05T16:34:59.999000+00:00,92.11299103150361,94.34181852418688,90.61161310024615,92.79924044017649,113.59516668015046,13350.5429370284,1450
2026-01-05T16:35:00+00:00,2026-01-05T16:39:59.999000+00:00,92.79924044017649,93.85663036672801,91.74085893662117,92.72167175164985,149.10046836664154,9576.999597007165,1451
2026-01-05T16:40:00+00:00,2026-01-05T16:44:59.999000+00:00,92.72167175164985,94.30064693124137,91.05890674876719,92.82849079253809,122.22270557389011,10673.473104014538,1452
2026-01-05T16:45:00+00:00,2026-01-05T16:49:59.999000+00:00,92.82849079253809,94.4219186928353,91.26418082720043,93.1743481139337,112.50571355938312,13399.780496009087,1453
2026-01-05T16:50:00+00:00,2026-01-05T16:54:59.999000+00:00,93.1743481139337,95.10332063034436,91.92076708372959,94.17258546145922,125.13358436165076,10198.729536844667,1454
2026-01-05T16:55:00+00:00,2026-01-05T16:59:59.999000+00:00,94.17258546145922,97.03072398499593,93.2045388825744,95.63277318333294,138.56989628689774,12908.814705666906,1455
2026-01-05T17:00:00+00:00,2026-01-05T17:04:59.999000+00:00,95.63277318333294,99.87188688449827,94.57022455450613,98.36020391303359,121.7502740860579,11301.96828148388,1456
2026-01-05T17:05:00+00:00,2026-01-05T17:09:59.999000+00:00,98.36020391303359,101.12285860695309,97.2426023559165,99.33099471498852,116.2775275032273,11568.633263553187,1457
2026-01-05T17:10:00+00:00,2026-01-05T17:14:59.999000+00:00,99.33099471498852,101.57155998099226,98.03923090439926,101.00125327143395,114.48186279976412,11963.300676678899,1458
2026-01-05T17:15:00+00:00,2026-01-05T17:19:59.999000+00:00,101.00125327143395,104.15084709026647,99.4082698443701,103.13190883978648,119.2612984514639,15027.921765238281,1459
2026-01-05T17:20:00+00:00,2026-01-05T17:24:59.999000+00:00,103.13190883978648,106.63032607468148,101.94977697278055,105.04175360806482,120.47740039928262,15254.128599035288,1460
2026-01-05T17:25:00+00:00,2026-01-05T17:29:59.999000+00:00,105.04175360806482,107.00278300084051,103.8944772127729,106.48994759505486,133.55795443292607,15949.487925639083,1461
2026-01-05T17:30:00+00:00,2026-01-05T17:34:59.999000+00:00,106.48994759505486,107.9687888431686,105.11430440768676,107.3910922098725,147.70006487505142,12489.994798592188,1462
2026-01-05T17:35:00+00:00,2026-01-05T17:39:59.999000+00:00,107.3910922098725,108.56828564746326,106.42691510774003,107.18607439804732,102.23975697838061,15126.092657700134,1463
2026-01-05T17:40:00+00:00,2026-01-05T17:44:59.999000+00:00,107.18607439804732,109.41195764708374,105.8099136264911,108.42512161374867,144.67442132569062,11564.430783029464,1464
2026-01-05T17:45:00+00:00,2026-01-05T17:49:59.999000+00:00,108.42512161374867,109.50605311626458,105.3799675091883,106.98794194379914,132.17689415994124,16018.667073096522,1465
2026-01-05T17:50:00+00:00,2026-01-05T17:54:59.999000+00:00,106.98794194379914,108.29026542114777,105.34453072889146,106.84642784629915,136.70441821830408,13312.041459927646,1466
2026-01-05T17:55:00+00:00,2026-01-05T17:59:59.999000+00:00,106.84642784629915,107.50445850535485,105.06454928584776,105.89598350418433,115.41399411587246,12488.118518932155,1467
2026-01-05T18:00:00+00:00,2026-01-05T18:04:59.999000+00:00,105.89598350418433,107.46033719678212,104.83383254260838,105.77821173283904,145.26114499296222,15010.641280755402,1468
2026-01-05T18:05:00+00:00,2026-01-05T18:09:59.999000+00:00,105.77821173283904,106.70898972806452,103.91831125802399,105.37656172690987,137.87817054652777,11953.261604627,1469
2026-01-05T18:10:00+00:00,2026-01-05T18:14:59.999000+00:00,105.37656172690987,106.71265733437505,103.23375693253405,104.58110507068334,102.5197745594246,15212.216140021914,1470
2026-01-05T18:15:00+00:00,2026-01-05T18:19:59.999000+00:00,104.58110507068334,106.30252281800676,102.9000145133297,105.73742104117883,146.74457209277466,13662.426287366645,1471
2026-01-05T18:20:00+00:00,2026-01-05T18:24:59.999000+00:00,105.73742104117883,107.27171831912437,103.6382302902846,104.77473428433146,101.04642048305847,13257.061789328118,1472
2026-01-05T18:25:00+00:00,2026-01-05T18:29:59.999000+00:00,104.77473428433146,108.06299624152291,104.26315169354761,106.83779754650077,104.42403393093286,15771.579743964314,1473
2026-01-05T18:30:00+00:00,2026-01-05T18:34:59.999000+00:00,106.83779754650077,108.5887957820577,105.68585964122549,107.51185970682897,139.37718969941886,14626.391739797007,1474
2026-01-05T18:35:00+00:00,2026-01-05T18:39:59.999000+00:00,107.51185970682897,109.52369450000094,106.7591576130483,107.96694140118139,127.8797971321109,14269.47629471009,1475
2026-01-05T18:40:00+00:00,2026-01-05T18:44:59.999000+00:00,107.96694140118139,109.26251345133211,105.9643467692915,107.08916884626073,141.71771767929775,15399.39735951521,1476
2026-01-05T18:45:00+00:00,2026-01-05T18:49:59.999000+00:00,107.08916884626073,109.5002891339524,106.29630527356325,107.98848068856442,133.2333071692267,13517.146763437035,1477
2026-01-05T18:50:00+00:00,2026-01-05T18:54:59.999000+00:00,107.98848068856442,109.58597942759285,105.41953584512082,107.0834440045077,107.41931481467775,13328.095746650752,1478
2026-01-05T18:55:00+00:00,2026-01-05T18:59:59.999000+00:00,107.0834440045077,107.76922353568965,104.63240918787004,105.70017396932441,135.8712230338212,13455.82076606931,1479
2026-01-05T19:00:00+00:00,2026-01-05T19:04:59.999000+00:00,105.70017396932441,106.75788634841851,102.8814106887247,104.63491551662108,139.62885182734277,12937.757570308619,1480
2026-01-05T19:05:00+00:00,2026-01-05T19:09:59.999000+00:00,104.63491551662108,106.22886529158826,101.34630793506706,102.91590510120913,104.7474264066297,15259.785434237618,1481
2026-01-05T19:10:00+00:00,2026-01-05T19:14:59.999000+00:00,102.91590510120913,104.04140760783093,100.76471826964433,101.3778412683397,149.21315351014115,14732.90456053012,1482
2026-01-05T19:15:00+00:00,2026-01-05T19:19:59.999000+00:00,101.3778412683397,103.10062350287454,97.23153995857037,98.66072470645798,133.85507864899944,10158.43835139134,1483
2026-01-05T19:20:00+00:00,2026-01-05T19:24:59.999000+00:00,98.66072470645798,100.10666632356974,95.28046683828731,96.1577100128103,118.03830665989176,9969.284410330903,1484
2026-01-05T19:25:00+00:00,2026-01-05T19:29:59.999000+00:00,96.1577100128103,96.92808118772604,94.39807474151729,95.0739788077142,108.54105102337554,11254.766474861273,1485
2026-01-05T19:30:00+00:00,2026-01-05T19:34:59.999000+00:00,95.0739788077142,96.49826674304995,92.39366197364541,93.82940363110474,120.29393532350312,11661.894485312827,1486
2026-01-05T19:35:00+00:00,2026-01-05T19:39:59.999000+00:00,93.82940363110474,95.4701975265927,92.32225055960252,92.89434630958613,128.84185820345397,11910.065917573873,1487
2026-01-05T19:40:00+00:00,2026-01-05T19:44:59.999000+00:00,92.89434630958613,94.154261873342,91.675431668324,92.63839782142188,133.03564544516047,13553.786720732878,1488
2026-01-05T19:45:00+00:00,2026-01-05T19:49:59.999000+00:00,92.63839782142188,94.28150700142263,91.18014056918095,91.73769518452863,127.66291866587501,12973.269157326697,1489
2026-01-05T19:50:00+00:00,2026-01-05T19:54:59.999000+00:00,91.73769518452863,92.8313528241584,90.76010984605865,91.83496396338684,123.07069897650693,13087.952657070227,1490
2026-01-05T19:55:00+00:00,2026-01-05T19:59:59.999000+00:00,91.83496396338684,94.1314173762412,90.78655613154177,92.40357497768524,103.28445899253892,10669.598324616338,1491
2026-01-05T20:00:00+00:00,2026-01-05T20:04:59.999000+00:00,92.40357497768524,94.95749636583824,91.84344705543602,93.46831693650739,103.44444369889271,10414.776367387205,1492
2026-01-05T20:05:00+00:00,2026-01-05T20:09:59.999000+00:00,93.46831693650739,94.76471297881072,92.40215645470815,93.54269417607325,126.62121381527415,11820.597844903099,1493
2026-01-05T20:10:00+00:00,2026-01-05T20:14:59.999000+00:00,93.54269417607325,97.0428484168064,92.62767148944003,95.45421120153824,145.07177269327127,13764.326062917455,1494
2026-01-05T20:15:00+00:00,2026-01-05T20:19:59.999000+00:00,95.45421120153824,96.55818124562849,93.61315715788164,94.74382003212375,143.309333880853,10894.768737181454,1495
2026-01-05T20:20:00+00:00,2026-01-05T20:24:59.999000+00:00,94.74382003212375,95.69184662598283,93.4524005332875,94.69916712661364,126.14309671650712,9551.692681482296,1496
2026-01-05T20:25:00+00:00,2026-01-05T20:29:59.999000+00:00,94.69916712661364,95.78691647995683,93.57178147440452,94.97445582158787,108.9204512189249,12964.459334380532,1497
2026-01-05T20:30:00+00:00,2026-01-05T20:34:59.999000+00:00,94.97445582158787,96.05389740475395,93.2094964695592,94.37014452098292,130.75950493057195,10777.790206866564,1498
2026-01-05T20:35:00+00:00,2026-01-05T20:39:59.999000+00:00,94.37014452098292,95.55314074731079,93.10624742291783,94.11585410542429,102.53137668433396,9723.897063799162,1499
2026-01-05T20:40:00+00:00,2026-01-05T20:44:59.999000+00:00,94.11585410542429,95.2930651612267,91.78969417088487,92.76925372396882,122.62427384082545,10802.730095640423,1500
2026-01-05T20:45:00+00:00,2026-01-05T20:49:59.999000+00:00,92.76925372396882,94.57837600881466,92.25425918690814,92.85945109158482,109.72699743506656,13569.288445031636,1501
2026-01-05T20:50:00+00:00,2026-01-05T20:54:59.999000+00:00,92.85945109158482,93.67073126433523,90.2680776456478,91.83949696299601,101.02842771743907,10187.610318368448,1502
2026-01-05T20:55:00+00:00,2026-01-05T20:59:59.999000+00:00,91.83949696299601,95.27311437111004,90.48311959992938,93.62949613184429,138.91545784485388,9796.644459891219,1503
2026-01-05T21:00:00+00:00,2026-01-05T21:04:59.999000+00:00,93.62949613184429,94.89814129575797,92.27749169206723,93.1783386731954,100.46817130241712,11841.594335808679,1504
2026-01-05T21:05:00+00:00,2026-01-05T21:09:59.999000+00:00,93.1783386731954,96.4754985117946,91.53822573194935,95.5947719037592,137.27606398028428,12148.355152751752,1505
2026-01-05T21:10:00+00:00,2026-01-05T21:14:59.999000+00:00,95.5947719037592,96.45687852322322,94.60819074398967,95.82142201458291,148.61215038884097,9584.545268677306,1506
2026-01-05T21:15:00+00:00,2026-01-05T21:19:59.999000+00:00,95.82142201458291,99.29194128233533,95.22560315229478,98.12251276809656,128.97264111171577,11237.054004187357,1507
2026-01-05T21:20:00+00:00,2026-01-05T21:24:59.999000+00:00,98.12251276809656,101.89560512168698,97.1214706569614,100.78712394322805,131.56270896337588,10876.71477994141,1508
2026-01-05T21:25:00+00:00,2026-01-05T21:29:59.999000+00:00,100.78712394322805,104.26092600872016,99.43453418579176,103.19421391738946,141.34417355523857,11954.8042904823,1509
2026-01-05T21:30:00+00:00,2026-01-05T21:34:59.999000+00:00,103.19421391738946,106.06271919224771,101.42693084919576,105.14367972955068,144.29365164216517,13431.216549487881,1510
2026-01-05T21:35:00+00:00,2026-01-05T21:39:59.999000+00:00,105.14367972955068,107.82414579435078,104.0981720404221,106.10378510640882,117.94215679647577,15647.870447131698,1511
2026-01-05T21:40:00+00:00,2026-01-05T21:44:59.999000+00:00,106.10378510640882,108.35734826829521,105.42492404185678,107.520601641675,115.30119026631614,14185.281027172465,1512
2026-01-05T21:45:00+00:00,2026-01-05T21:49:59.999000+00:00,107.520601641675,108.5226180994618,105.7277245213281,107.67427648817981,109.6741152922947,11320.75901278715,1513
2026-01-05T21:50:00+00:00,2026-01-05T21:54:59.999000+00:00,107.67427648817981,109.19814287229153,107.03691794522702,108.55068512960396,112.9941692146389,13192.768499835689,1514
2026-01-05T21:55:00+00:00,2026-01-05T21:59:59.999000+00:00,108.55068512960396,110.28541616901181,107.93030829345656,108.64392671074691,119.9320921015131,12799.039115582853,1515
2026-01-05T22:00:00+00:00,2026-01-05T22:04:59.999000+00:00,108.64392671074691,109.65952531087541,107.05604222470747,107.93698723270137,103.40301165559217,16125.144736696711,1516
2026-01-05T22:05:00+00:00,2026-01-05T22:09:59.999000+00:00,107.93698723270137,109.3723796680563,106.07806350458223,107.6388330131513,104.70598811505424,10962.502374518524,1517
2026-01-05T22:10:00+00:00,2026-01-05T22:14:59.999000+00:00,107.6388330131513,108.48190742815973,105.1116585286116,106.90048720475818,139.5319371200651,15731.018067080446,1518
2026-01-05T22:15:00+00:00,2026-01-05T22:19:59.999000+00:00,106.90048720475818,108.62093027160527,104.91527617760113,105.78665611528899,121.33377861482889,14248.998170043147,1519
2026-01-05T22:20:00+00:00,2026-01-05T22:24:59.999000+00:00,105.78665611528899,106.53498699491168,104.75543511778103,105.74139473198215,139.58857378514796,11801.232419989312,1520
2026-01-05T22:25:00+00:00,2026-01-05T22:29:59.999000+00:00,105.74139473198215,107.24471961292844,104.15586504873784,104.97890334812492,132.52276743517675,13344.596302659449,1521
2026-01-05T22:30:00+00:00,2026-01-05T22:34:59.999000+00:00,104.97890334812492,106.74173871568398,103.75521702586923,105.52298731110659,121.9540245209984,11632.817358674441,1522
2026-01-05T22:35:00+00:00,2026-01-05T22:39:59.999000+00:00,105.52298731110659,106.3250562529416,103.08437317120303,104.77017234499952,139.48326399477224,12405.226695587718,1523
2026-01-05T22:40:00+00:00,2026-01-05T22:44:59.999000+00:00,104.77017234499952,106.473457043273,103.53134497640362,105.27208970242238,130.1445358114083,13526.61312146644,1524
2026-01-05T22:45:00+00:00,2026-01-05T22:49:59.999000+00:00,105.27208970242238,107.71491955295167,103.67226740066356,106.89258465052697,121.81972611843453,14117.392915796143,1525
2026-01-05T22:50:00+00:00,2026-01-05T22:54:59.999000+00:00,106.89258465052697,108.89866203851446,105.18014348812338,107.35469223585774,111.48294236692125,13200.867023808822,1526
2026-01-05T22:55:00+00:00,2026-01-05T22:59:59.999000+00:00,107.35469223585774,108.89526857227645,106.64960694649407,107.46825673146498,132.65895748401113,10948.117934667096,1527
2026-01-05T23:00:00+00:00,2026-01-05T23:04:59.999000+00:00,107.46825673146498,108.00346084917246,105.97665925631071,106.73899672004345,108.56147768066523,12812.11792431361,1528
2026-01-05T23:05:00+00:00,2026-01-05T23:09:59.999000+00:00,106.73899672004345,107.2552575768236,104.85289584219912,106.34585062056347,149.51774938406103,13569.019496690637,1529
2026-01-05T23:10:00+00:00,2026-01-05T23:14:59.999000+00:00,106.34585062056347,107.44002551613161,103.45112858633026,105.10711486331988,119.74713744591726,10841.992496804434,1530
2026-01-05T23:15:00+00:00,2026-01-05T23:19:59.999000+00:00,105.10711486331988,106.84257053921648,102.50531172240235,103.83216256404624,116.85049624160362,11260.185392592291,1531
2026-01-05T23:20:00+00:00,2026-01-05T23:24:59.999000+00:00,103.83216256404624,104.71327210000047,102.1409186826564,102.67026094174929,103.19688794567823,12485.72798997467,1532
2026-01-05T23:25:00+00:00,2026-01-05T23:29:59.999000+00:00,102.67026094174929,103.30485339609368,99.42732945395454,100.11055559204284,141.3845708590639,12959.670092717055,1533
2026-01-05T23:30:00+00:00,2026-01-05T23:34:59.999000+00:00,100.11055559204284,101.7143501447113,96.74900099436348,98.23958266358294,118.4982366021196,14433.895064636674,1534
2026-01-05T23:35:00+00:00,2026-01-05T23:39:59.999000+00:00,98.23958266358294,99.51274889629518,94.66441863390168,95.33165617638839,108.23041821831264,14208.695142716948,1535
2026-01-05T23:40:00+00:00,2026-01-05T23:44:59.999000+00:00,95.33165617638839,96.89438357853379,92.73969773703577,93.93125511073944,104.39911613491715,10489.416648633947,1536
2026-01-05T23:45:00+00:00,2026-01-05T23:49:59.999000+00:00,93.93125511073944,95.10657593634353,91.69442810902589,93.47667002320695,110.06208759090627,9956.040400798647,1537
2026-01-05T23:50:00+00:00,2026-01-05T23:54:59.999000+00:00,93.47667002320695,94.927945798824,91.30024031274246,92.17193649724848,116.37275413596024,11705.80000718384,1538
2026-01-05T23:55:00+00:00,2026-01-05T23:59:59.999000+00:00,92.17193649724848,93.27596502182234,90.1894232040696,91.9124240371015,135.89810033818944,9741.944972182298,1539
2026-01-06T00:00:00+00:00,2026-01-06T00:04:59.999000+00:00,91.9124240371015,92.72884845841367,90.24690970986268,91.7116758694105,127.03748211599807,13086.645725802457,1540
2026-01-06T00:05:00+00:00,2026-01-06T00:09:59.999000+00:00,91.7116758694105,93.44084324325347,89.8845761521106,91.37732157696502,137.65492254447724,11892.260531212743,1541
2026-01-06T00:10:00+00:00,2026-01-06T00:14:59.999000+00:00,91.37732157696502,92.87998115770512,90.00317088980667,92.26321608534656,105.93463152393801,13514.907638149632,1542
2026-01-06T00:15:00+00:00,2026-01-06T00:19:59.999000+00:00,92.26321608534656,94.97390525468771,90.49619459593762,93.66021489710701,110.46753906327199,10368.568364177952,1543
2026-01-06T00:20:00+00:00,2026-01-06T00:24:59.999000+00:00,93.66021489710701,96.29790047892128,91.9445690304013,94.66204759818442,116.03566757240762,11744.517527230517,1544
2026-01-06T00:25:00+00:00,2026-01-06T00:29:59.999000+00:00,94.66204759818442,95.31414909656287,93.53442070407027,94.77764810937188,107.16505978082199,13894.461494840527,1545
2026-01-06T00:30:00+00:00,2026-01-06T00:34:59.999000+00:00,94.77764810937188,96.51894439096942,93.84873306415872,94.75025433850905,146.40752232960682,13233.46741114143,1546
2026-01-06T00:35:00+00:00,2026-01-06T00:39:59.999000+00:00,94.75025433850905,95.36173762249317,93.04086008949503,94.41003231712172,113.40209267298559,10869.774873158829,1547
2026-01-06T00:40:00+00:00,2026-01-06T00:44:59.999000+00:00,94.41003231712172,95.82768337219802,93.12448397586918,94.50124195580595,102.40181608320083,13344.39033230778,1548
2026-01-06T00:45:00+00:00,2026-01-06T00:49:59.999000+00:00,94.50124195580595,95.22667751442735,92.07451808744418,93.76187236957192,144.97343444398967,13758.171178170143,1549
2026-01-06T00:50:00+00:00,2026-01-06T00:54:59.999000+00:00,93.76187236957192,94.78175658509414,93.12600621225634,94.00639152890123,100.6495186311509,12279.978272097085,1550
2026-01-06T00:55:00+00:00,2026-01-06T00:59:59.999000+00:00,94.00639152890123,95.50294709899713,92.9300708857131,93.85144327600561,126.38596236069502,10606.930176505282,1551
2026-01-06T01:00:00+00:00,2026-01-06T01:04:59.999000+00:00,93.85144327600561,94.70761955225103,91.66307417668406,92.87986272162674,137.049270102659,13786.1897731652,1552
2026-01-06T01:05:00+00:00,2026-01-06T01:09:59.999000+00:00,92.87986272162674,94.04869557604457,91.32404314543497,93.42836418832644,144.5632512901364,11115.565889499367,1553
2026-01-06T01:10:00+00:00,2026-01-06T01:14:59.999000+00:00,93.42836418832644,94.63593245707862,91.50902447354278,92.7489111061171,131.36512016043696,10038.994203772654,1554
2026-01-06T01:15:00+00:00,2026-01-06T01:19:59.999000+00:00,92.7489111061171,96.24864274147244,91.87561095241333,94.8034446673393,112.3952535487148,14124.480153823739,1555
2026-01-06T01:20:00+00:00,2026-01-06T01:24:59.999000+00:00,94.8034446673393,96.751878011911,93.65772658701258,95.00010136142215,128.63237731953737,11628.35248252611,1556
2026-01-06T01:25:00+00:00,2026-01-06T01:29:59.999000+00:00,95.00010136142215,99.13122070822651,93.46325043723944,97.71358654985033,115.08216365571778,12533.339777306268,1557
2026-01-06T01:30:00+00:00,2026-01-06T01:34:59.999000+00:00,97.71358654985033,101.1670894363036,95.92318385991459,99.88931926980902,110.18582902671793,10794.625076475766,1558
2026-01-06T01:35:00+00:00,2026-01-06T01:39:59.999000+00:00,99.88931926980902,102.18999282494869,99.24123269010666,100.95559522822427,116.79601034452283,12521.225189108158,1559
2026-01-06T01:40:00+00:00,2026-01-06T01:44:59.999000+00:00,100.95559522822427,103.68954413782441,99.63994267684006,102.62041531929711,100.81808046762148,13146.584031939368,1560
2026-01-06T01:45:00+00:00,2026-01-06T01:49:59.999000+00:00,102.62041531929711,106.71880382849925,101.95271010793654,104.93258582304392,110.87974664471808,15043.827767965673,1561
2026-01-06T01:50:00+00:00,2026-01-06T01:54:59.999000+00:00,104.93258582304392,106.7557088072464,103.75195143973956,106.02053384574259,110.47086237987114,11566.822712624356,1562
2026-01-06T01:55:00+00:00,2026-01-06T01:59:59.999000+00:00,106.02053384574259,108.86055267758263,104.9338571086731,107.69086801838318,118.20718250872646,15287.784275376593,1563
2026-01-06T02:00:00+00:00,2026-01-06T02:04:59.999000+00:00,107.69086801838318,108.93326410349266,106.73370870883063,107.86069466020332,119.34715058395797,15313.535786984761,1564
2026-01-06T02:05:00+00:00,2026-01-06T02:09:59.999000+00:00,107.86069466020332,109.65673591662237,107.28526394045619,108.95212930320822,124.03658306089217,11658.031849965773,1565
2026-01-06T02:10:00+00:00,2026-01-06T02:14:59.999000+00:00,108.95212930320822,110.50734880882763,108.37947265438761,108.99489185065815,125.96002771236056,15040.467227320572,1566
2026-01-06T02:15:00+00:00,2026-01-06T02:19:59.999000+00:00,108.99489185065815,110.4286973099798,105.58008254116196,107.14245304082225,104.55018018142661,15924.883399662494,1567
2026-01-06T02:20:00+00:00,2026-01-06T02:24:59.999000+00:00,107.14245304082225,108.3138850458681,106.27531118095571,106.9003430284563,121.7833896564199,15210.66443111947,1568
2026-01-06T02:25:00+00:00,2026-01-06T02:29:59.999000+00:00,106.9003430284563,107.86988518957783,105.63952599460936,107.04828095597398,145.4888520273869,15626.723470293162,1569
2026-01-06T02:30:00+00:00,2026-01-06T02:34:59.999000+00:00,107.04828095597398,108.7250808129961,104.59445047096017,105.3548902426977,124.62708694305189,14301.32959048465,1570
2026-01-06T02:35:00+00:00,2026-01-06T02:39:59.999000+00:00,105.3548902426977,106.58124000661324,102.96037149385992,104.29717765061109,117.71486949227857,13521.023056003773,1571
2026-01-06T02:40:00+00:00,2026-01-06T02:44:59.999000+00:00,104.29717765061109,105.88888038952597,103.69464630364533,104.43370016900253,149.55534573506628,11969.840085542974,1572
2026-01-06T02:45:00+00:00,2026-01-06T02:49:59.999000+00:00,104.43370016900253,106.18149285859317,103.67968529004408,104.46724220550436,130.65685190077375,14703.895631885222,1573
2026-01-06T02:50:00+00:00,2026-01-06T02:54:59.999000+00:00,104.46724220550436,105.32147839652232,102.66880353705706,104.7553683292783,109.61604002653753,13795.940579246258,1574
2026-01-06T02:55:00+00:00,2026-01-06T02:59:59.999000+00:00,104.7553683292783,107.30086321152625,103.1386244074362,105.9204212308249,145.79875362657003,10757.893982491249,1575
2026-01-06T03:00:00+00:00,2026-01-06T03:04:59.999000+00:00,105.9204212308249,106.63887615985357,103.89170060623654,105.59187027632798,125.81376326799399,12120.558795244604,1576
2026-01-06T03:05:00+00:00,2026-01-06T03:09:59.999000+00:00,105.59187027632798,106.77612795305096,104.5637836077088,106.04931592641205,146.41149603908843,15231.236975139169,1577
2026-01-06T03:10:00+00:00,2026-01-06T03:14:59.999000+00:00,106.04931592641205,108.08610421694686,105.2536452166281,107.1501991560646,110.37151909493117,13189.199886082424,1578
2026-01-06T03:15:00+00:00,2026-01-06T03:19:59.999000+00:00,107.1501991560646,107.93296260017574,105.77030721203188,107.00242444436422,112.75751402842586,14652.503455874501,1579
2026-01-06T03:20:00+00:00,2026-01-06T03:24:59.999000+00:00,107.00242444436422,107.69951043926109,104.52430338084179,105.0416187047017,140.4468820448368,14271.558264043735,1580
2026-01-06T03:25:00+00:00,2026-01-06T03:29:59.999000+00:00,105.0416187047017,106.13945453466646,102.8437063629899,104.5905511599011,131.40807757104088,13685.79202237756,1581
2026-01-06T03:30:00+00:00,2026-01-06T03:34:59.999000+00:00,104.5905511599011,106.15308131091513,102.50182906129136,103.0931150195691,129.48411667664837,12370.60267746154,1582
2026-01-06T03:35:00+00:00,2026-01-06T03:39:59.999000+00:00,103.0931150195691,103.61184391433483,99.9891592338411,101.5943925471001,147.75047281883997,11937.889301497828,1583
2026-01-06T03:40:00+00:00,2026-01-06T03:44:59.999000+00:00,101.5943925471001,103.27227797778899,98.03284769900294,99.25820583219253,142.50503150041456,10479.40628678871,1584
2026-01-06T03:45:00+00:00,2026-01-06T03:49:59.999000+00:00,99.25820583219253,101.00317309881947,96.07818287961209,96.80082462577549,111.17169574234336,10761.361428951033,1585
2026-01-06T03:50:00+00:00,2026-01-06T03:54:59.999000+00:00,96.80082462577549,97.83159615222256,94.48732326567693,95.55416512883275,117.26222991039069,10790.747583700468,1586
2026-01-06T03:55:00+00:00,2026-01-06T03:59:59.999000+00:00,95.55416512883275,96.27969371017328,92.28156078543323,93.46524850884477,107.44007410913842,10587.621693013334,1587
2026-01-06T04:00:00+00:00,2026-01-06T04:04:59.999000+00:00,93.46524850884477,94.45849507151294,91.00070139523505,92.30463461694951,111.24965781012622,9984.230240994055,1588
2026-01-06T04:05:00+00:00,2026-01-06T04:09:59.999000+00:00,92.30463461694951,94.06621348522079,90.38870177341065,92.12526492016192,103.67798854388525,10354.109308891824,1589
2026-01-06T04:10:00+00:00,2026-01-06T04:14:59.999000+00:00,92.12526492016192,92.63266067361572,89.09027014789126,90.88016903647811,103.95352796011733,12932.031559100906,1590
2026-01-06T04:15:00+00:00,2026-01-06T04:19:59.999000+00:00,90.88016903647811,92.06925529598838,90.08154541820721,91.40731142105011,138.74273866972976,10666.002766211117,1591
2026-01-06T04:20:00+00:00,2026-01-06T04:24:59.999000+00:00,91.40731142105011,92.68478615202635,89.68687210377705,91.33395135399516,148.59938596739403,13334.788731759205,1592
2026-01-06T04:25:00+00:00,2026-01-06T04:29:59.999000+00:00,91.33395135399516,93.35358508120478,89.80550672964766,92.13047124092795,145.0504858201548,12771.476807899538,1593
2026-01-06T04:30:00+00:00,2026-01-06T04:34:59.999000+00:00,92.13047124092795,94.08788215683418,90.45733481252283,93.06042367799864,114.78930030610856,9502.132712526125,1594
2026-01-06T04:35:00+00:00,2026-01-06T04:39:59.999000+00:00,93.06042367799864,95.92690748975083,91.74936639124272,94.8794809316411,149.78714803831656,11795.835828748544,1595
2026-01-06T04:40:00+00:00,2026-01-06T04:44:59.999000+00:00,94.8794809316411,96.13371892153316,94.02360640991223,95.53412677493603,139.51013295435575,12577.772237446976,1596
2026-01-06T04:45:00+00:00,2026-01-06T04:49:59.999000+00:00,95.53412677493603,96.90999020482204,94.74895279388411,95.52355059153338,135.86001837110084,12285.015609426966,1597
2026-01-06T04:50:00+00:00,2026-01-06T04:54:59.999000+00:00,95.52355059153338,97.18815515559982,93.94919295761653,94.80068473677407,118.3991948964731,11484.275763405358,1598
2026-01-06T04:55:00+00:00,2026-01-06T04:59:59.999000+00:00,94.80068473677407,96.50787204549596,93.01101278110183,95.33606117116031,143.76599089921672,13916.49024249678,1599
2026-01-06T05:00:00+00:00,2026-01-06T05:04:59.999000+00:00,95.33606117116031,96.55982253628588,93.3463603116075,94.48095917240727,103.25283156628383,13284.466146330311,1600
2026-01-06T05:05:00+00:00,2026-01-06T05:09:59.999000+00:00,94.48095917240727,95.28795849336161,92.5179982939861,93.8099397837232,129.2483549497594,12526.58520672143,1601
2026-01-06T05:10:00+00:00,2026-01-06T05:14:59.999000+00:00,93.8099397837232,94.71210044577766,92.66540847611023,94.10841288252954,128.36275531085911,9893.700358271019,1602
2026-01-06T05:15:00+00:00,2026-01-06T05:19:59.999000+00:00,94.10841288252954,95.84770495401631,92.65165204094072,93.27494613838186,133.489732489083,13221.49527942017,1603
2026-01-06T05:20:00+00:00,2026-01-06T05:24:59.999000+00:00,93.27494613838186,94.41394692521507,92.34377488419979,93.11300524152455,130.43288129139336,10656.4412880369,1604
2026-01-06T05:25:00+00:00,2026-01-06T05:29:59.999000+00:00,93.11300524152455,95.54307497293625,91.6246737202856,93.88598031120523,114.52629563960295,9697.299378660617,1605
2026-01-06T05:30:00+00:00,2026-01-06T05:34:59.999000+00:00,93.88598031120523,96.96459526317918,92.93457817023483,95.5904208330858,109.19232220108762,11166.825589722637,1606
2026-01-06T05:35:00+00:00,2026-01-06T05:39:59.999000+00:00,95.5904208330858,97.35646396443698,94.06399246865688,95.86164062265124,100.19467922019872,10651.793332363626,1607
2026-01-06T05:40:00+00:00,2026-01-06T05:44:59.999000+00:00,95.86164062265124,99.64934755063167,95.22834182727509,97.87980072975957,135.70510738021144,11708.836294702516,1608
2026-01-06T05:45:00+00:00,2026-01-06T05:49:59.999000+00:00,97.87980072975957,100.53717686611014,96.18166072905665,99.62805450912109,140.6578087740031,14766.860276445133,1609
2026-01-06T05:50:00+00:00,2026-01-06T05:54:59.999000+00:00,99.62805450912109,103.5464721164416,97.96452165878988,102.68919519284142,111.46630560960158,15137.558480834337,1610
2026-01-06T05:55:00+00:00,2026-01-06T05:59:59.999000+00:00,102.68919519284142,105.50185971710297,101.07656565150224,104.85153855158518,100.3095903452304,11692.34989402702,1611
2026-01-06T06:00:00+00:00,2026-01-06T06:04:59.999000+00:00,104.85153855158518,107.16948886270217,104.3303126030318,106.45840475094596,118.9436172850363,12711.316928391263,1612
2026-01-06T06:05:00+00:00,2026-01-06T06:09:59.999000+00:00,106.45840475094596,108.83046866541655,105.4724751988332,107.64369837977415,113.90529880154482,14362.597676843523,1613
2026-01-06T06:10:00+00:00,2026-01-06T06:14:59.999000+00:00,107.64369837977415,110.08496361458619,107.06545955916636,109.15161941905792,142.07884115854554,14148.628613109191,1614
2026-01-06T06:15:00+00:00,2026-01-06T06:19:59.999000+00:00,109.15161941905792,110.3766077827688,108.39881867000575,109.62694652228207,143.52209314543833,12625.813070972274,1615
2026-01-06T06:20:00+00:00,2026-01-06T06:24:59.999000+00:00,109.62694652228207,110.2089647552526,107.61837792040143,108.55625126766007,137.82918478454346,11653.579545857836,1616
2026-01-06T06:25:00+00:00,2026-01-06T06:29:59.999000+00:00,108.55625126766007,110.85617700414113,107.71614967208198,109.3051177548148,127.14220423737896,15619.532772938666,1617
2026-01-06T06:30:00+00:00,2026-01-06T06:34:59.999000+00:00,109.3051177548148,110.80383755018497,106.9302586234504,107.72928701799195,116.77001384175531,15249.821789969703,1618
2026-01-06T06:35:00+00:00,2026-01-06T06:39:59.999000+00:00,107.72928701799195,108.68136527617047,106.04064213017197,107.72066974006323,113.74092529069571,14343.649242320687,1619
2026-01-06T06:40:00+00:00,2026-01-06T06:44:59.999000+00:00,107.72066974006323,108.54346269019565,104.50678063188856,105.87984733318436,105.71710594378108,15594.515758343057,1620
2026-01-06T06:45:00+00:00,2026-01-06T06:49:59.999000+00:00,105.87984733318436,107.03024752070282,104.15903460426158,105.30226483596239,145.86582117791096,11749.177016596906,1621
2026-01-06T06:50:00+00:00,2026-01-06T06:54:59.999000+00:00,105.30226483596239,106.5512191267677,104.0251509943757,104.71184571739852,133.74719936229354,14216.554054854872,1622
2026-01-06T06:55:00+00:00,2026-01-06T06:59:59.999000+00:00,104.71184571739852,105.94153196037004,103.51981040314003,104.8919428503864,109.33660313895456,14043.060159720062,1623
2026-01-06T07:00:00+00:00,2026-01-06T07:04:59.999000+00:00,104.8919428503864,105.74151689536576,104.37582493699472,105.10055440993271,127.45436559800181,12326.353037889621,1624
2026-01-06T07:05:00+00:00,2026-01-06T07:09:59.999000+00:00,105.10055440993271,106.98782657061696,103.96032536922455,105.19408064574147,115.84886113192569,15116.907241360395,1625
2026-01-06T07:10:00+00:00,2026-01-06T07:14:59.999000+00:00,105.19408064574147,107.49539272379324,104.17952440976342,105.93799356118917,136.52594560990775,15764.417090151512,1626
2026-01-06T07:15:00+00:00,2026-01-06T07:19:59.999000+00:00,105.93799356118917,107.2280676971293,104.70074622307499,106.2686323764086,125.39640026259045,11403.250817137869,1627
2026-01-06T07:20:00+00:00,2026-01-06T07:24:59.999000+00:00,106.2686323764086,107.39154995254034,104.90234027977591,105.42459488564556,106.00519428029688,13866.702651669408,1628
2026-01-06T07:25:00+00:00,2026-01-06T07:29:59.999000+00:00,105.42459488564556,106.82385720854388,104.67137398981033,106.06933529063897,113.69795632432104,13120.874835624581,1629
2026-01-06T07:30:00+00:00,2026-01-06T07:34:59.999000+00:00,106.06933529063897,106.95427135715786,104.48567993859483,106.0861335252666,110.06237126549507,12318.23929376218,1630
2026-01-06T07:35:00+00:00,2026-01-06T07:39:59.999000+00:00,106.0861335252666,106.78481261730086,103.60569112633291,104.84214562594245,107.42044390263911,12415.619332619017,1631
2026-01-06T07:40:00+00:00,2026-01-06T07:44:59.999000+00:00,104.84214562594245,106.10432058401496,103.14813764981155,103.87606999921832,120.2727421244643,12318.254206019108,1632
2026-01-06T07:45:00+00:00,2026-01-06T07:49:59.999000+00:00,103.87606999921832,105.43877673598885,101.6252370204101,102.876499168787,118.87089445633177,10686.495645027539,1633
2026-01-06T07:50:00+00:00,2026-01-06T07:54:59.999000+00:00,102.876499168787,104.17192954324906,100.1871815301135,100.75755531403776,114.27316565170787,13819.274277846234,1634
2026-01-06T07:55:00+00:00,2026-01-06T07:59:59.999000+00:00,100.75755531403776,102.28168428432163,96.96758630316131,98.53498447367177,106.05160461750937,11710.857363414987,1635
2026-01-06T08:00:00+00:00,2026-01-06T08:04:59.999000+00:00,98.53498447367177,99.60163951248646,95.73554775934564,96.98172893837258,146.2789888632388,13977.836272429651,1636
2026-01-06T08:05:00+00:00,2026-01-06T08:09:59.999000+00:00,96.98172893837258,97.8880087936024,92.29594181388988,94.06127979460503,116.09841703257688,11699.992208121148,1637
2026-01-06T08:10:00+00:00,2026-01-06T08:14:59.999000+00:00,94.06127979460503,95.58303043446986,92.03412083853397,93.20993075777467,116.55812830929146,11707.594532962123,1638
2026-01-06T08:15:00+00:00,2026-01-06T08:19:59.999000+00:00,93.20993075777467,94.87120200873161,90.06288723896769,91.3027732208521,130.17730206179036,10386.932123132816,1639
2026-01-06T08:20:00+00:00,2026-01-06T08:24:59.999000+00:00,91.3027732208521,92.67462789072088,89.72837762520189,90.85438092834644,145.9665960197237,12782.073936399644,1640
2026-01-06T08:25:00+00:00,2026-01-06T08:29:59.999000+00:00,90.85438092834644,92.103233560574,89.693666092186,91.43822544502784,132.52442066134478,13263.207517955952,1641
2026-01-06T08:30:00+00:00,2026-01-06T08:34:59.999000+00:00,91.43822544502784,92.10451492913987,89.55395074434,90.60040286504066,144.23791871810835,9620.729872059459,1642
2026-01-06T08:35:00+00:00,2026-01-06T08:39:59.999000+00:00,90.60040286504066,93.42981510696693,90.00344081137403,92.23899942719483,134.9376426890554,9424.07975087715,1643
2026-01-06T08:40:00+00:00,2026-01-06T08:44:59.999000+00:00,92.23899942719483,93.13913396843942,90.9827054749551,92.22210935933269,140.74607067379327,10576.431912562266,1644
2026-01-06T08:45:00+00:00,2026-01-06T08:49:59.999000+00:00,92.22210935933269,94.53726811833864,91.56125874613002,93.69660748162681,137.30793305044574,11118.51286311136,1645
2026-01-06T08:50:00+00:00,2026-01-06T08:54:59.999000+00:00,93.69660748162681,95.56086979232326,92.58700102458786,94.61779838190961,117.16534158034976,12446.804633652591,1646
2026-01-06T08:55:00+00:00,2026-01-06T08:59:59.999000+00:00,94.61779838190961,96.32748825371661,93.99587251719481,95.25350747890288,126.49549901812149,10161.108566708572,1647
2026-01-06T09:00:00+00:00,2026-01-06T09:04:59.999000+00:00,95.25350747890288,96.9941850544425,93.66317936808444,95.97016112521331,133.04952167430824,12467.975620150399,1648
2026-01-06T09:05:00+00:00,2026-01-06T09:09:59.999000+00:00,95.97016112521331,97.21975607661436,94.20079195376356,94.99806035618757,112.55839157077887,11115.261489574263,1649
2026-01-06T09:10:00+00:00,2026-01-06T09:14:59.999000+00:00,94.99806035618757,96.20785522574582,93.91562365326796,95.02181617390819,136.30410141711985,12650.128755555896,1650
2026-01-06T09:15:00+00:00,2026-01-06T09:19:59.999000+00:00,95.02181617390819,95.83787552031156,93.57881974305833,94.51579180437847,126.63104826857479,10884.463528539825,1651
2026-01-06T09:20:00+00:00,2026-01-06T09:24:59.999000+00:00,94.51579180437847,95.92170611996043,92.60736985287659,94.34245611824444,115.27107424965246,12225.763223855216,1652
2026-01-06T09:25:00+00:00,2026-01-06T09:29:59.999000+00:00,94.34245611824444,95.0255076845664,93.23260412142305,93.73501773351914,147.00289178489527,12516.741565288838,1653
2026-01-06T09:30:00+00:00,2026-01-06T09:34:59.999000+00:00,93.73501773351914,95.04792717654064,92.99283663394313,93.7966892306418,139.97601725164793,13044.65237270505,1654
2026-01-06T09:35:00+00:00,2026-01-06T09:39:59.999000+00:00,93.7966892306418,96.35084341106901,92.63296876169625,94.93369189805588,144.68571302949476,12561.677326954687,1655
2026-01-06T09:40:00+00:00,2026-01-06T09:44:59.999000+00:00,94.93369189805588,96.6694366985786,94.09461148954523,95.07390889482141,104.27563092761702,10396.148455650164,1656
2026-01-06T09:45:00+00:00,2026-01-06T09:49:59.999000+00:00,95.07390889482141,96.52044892738611,93.34437095346303,95.1118573748788,113.91439979068996,12540.040931548581,1657
2026-01-06T09:50:00+00:00,2026-01-06T09:54:59.999000+00:00,95.1118573748788,98.85039455895514,93.61949109072873,97.945364246055,135.85109477252075,12778.630931427513,1658
2026-01-06T09:55:00+00:00,2026-01-06T09:59:59.999000+00:00,97.945364246055,99.36000782476667,96.70241926251686,98.81540404007052,144.91827307567127,11033.23752910385,1659
2026-01-06T10:00:00+00:00,2026-01-06T10:04:59.999000+00:00,98.81540404007052,103.16134532221116,97.67899108166957,101.71031923950547,142.54966289211418,14501.106640731747,1660
2026-01-06T10:05:00+00:00,2026-01-06T10:09:59.999000+00:00,101.71031923950547,103.25231436678335,100.60791311038237,102.26359393793082,116.5355829471215,13795.960070560559,1661
2026-01-06T10:10:00+00:00,2026-01-06T10:14:59.999000+00:00,102.26359393793082,105.01305549893117,100.48949619123503,104.50817798416229,102.55675488650546,14740.592559626057,1662
2026-01-06T10:15:00+00:00,2026-01-06T10:19:59.999000+00:00,104.50817798416229,107.62826025474232,103.05213482652468,105.9316354260274,100.72287060501839,12290.107182761998,1663
2026-01-06T10:20:00+00:00,2026-01-06T10:24:59.999000+00:00,105.9316354260274,109.41948463944486,104.20205228887833,108.27107549893843,103.92069118428593,14037.978380028619,1664
2026-01-06T10:25:00+00:00,2026-01-06T10:29:59.999000+00:00,108.27107549893843,110.77631816180968,106.77686163599907,109.66536173369884,137.80672268577342,15000.548964067977,1665
2026-01-06T10:30:00+00:00,2026-01-06T10:34:59.999000+00:00,109.66536173369884,111.40991252945928,107.33867418824127,108.60183318729742,147.3054462760984,12855.3080599402,1666
2026-01-06T10:35:00+00:00,2026-01-06T10:39:59.999000+00:00,108.60183318729742,111.05341322743139,107.56573146277684,109.28321500552104,120.07023410091143,11357.618469118084,1667
2026-01-06T10:40:00+00:00,2026-01-06T10:44:59.999000+00:00,109.28321500552104,110.20076172312586,106.97358155239846,108.59074519773132,140.55060598316103,13089.825384193786,1668
2026-01-06T10:45:00+00:00,2026-01-06T10:49:59.999000+00:00,108.59074519773132,109.11000084091081,107.43085460702301,108.0834153644432,125.38181546169024,15331.515102003299,1669
2026-01-06T10:50:00+00:00,2026-01-06T10:54:59.999000+00:00,108.0834153644432,109.2030086854208,106.85737587540305,107.52143058966941,118.91807427131434,15663.634985653669,1670
2026-01-06T10:55:00+00:00,2026-01-06T10:59:59.999000+00:00,107.52143058966941,108.40333287503998,104.5441868584333,105.60697156003808,148.10933315269352,14410.718978799376,1671
2026-01-06T11:00:00+00:00,2026-01-06T11:04:59.999000+00:00,105.60697156003808,107.78319433598944,104.63563536519553,106.06337622026453,118.77807659180844,11495.224273294962,1672
2026-01-06T11:05:00+00:00,2026-01-06T11:09:59.999000+00:00,106.06337622026453,107.08389316625004,103.72336402550648,104.3274724976398,142.30975667552337,11142.87915385525,1673
2026-01-06T11:10:00+00:00,2026-01-06T11:14:59.999000+00:00,104.3274724976398,105.80687006328007,102.99378328624191,104.4810262704817,136.55806518425206,13354.840394175259,1674
2026-01-06T11:15:00+00:00,2026-01-06T11:19:59.999000+00:00,104.4810262704817,105.28251231553813,102.86089767400223,103.93228841563062,116.10387067943711,12678.050745407669,1675
2026-01-06T11:20:00+00:00,2026-01-06T11:24:59.999000+00:00,103.93228841563062,106.67582016692998,102.65541518754767,105.17408907414234,127.42035333636346,15644.151775559396,1676
2026-01-06T11:25:00+00:00,2026-01-06T11:29:59.999000+00:00,105.17408907414234,106.7650853202307,103.03555469165958,104.4036547849546,115.99999179016739,15367.276385341624,1677
2026-01-06T11:30:00+00:00,2026-01-06T11:34:59.999000+00:00,104.4036547849546,105.38081788355278,102.97781103578109,104.52949705364388,104.01109451621586,10832.309085039444,1678
2026-01-06T11:35:00+00:00,2026-01-06T11:39:59.999000+00:00,104.52949705364388,107.64103108619793,102.79268523151002,106.14175986853247,110.38994026755347,11323.64216022897,1679
2026-01-06T11:40:00+00:00,2026-01-06T11:44:59.999000+00:00,106.14175986853247,107.93998492290854,104.36131598894522,105.27958569927492,113.66545710987504,11701.832930570745,1680
2026-01-06T11:45:00+00:00,2026-01-06T11:49:59.999000+00:00,105.27958569927492,106.9522224507293,103.94760090140683,105.20015836771225,105.77083783543479,13887.39331628657,1681
2026-01-06T11:50:00+00:00,2026-01-06T11:54:59.999000+00:00,105.20015836771225,106.37483360168463,102.57828804523682,104.02972545662608,108.48121714885771,10967.571844331213,1682
2026-01-06T11:55:00+00:00,2026-01-06T11:59:59.999000+00:00,104.02972545662608,105.04123791034169,101.75630831182463,102.58262536820007,106.69416822730209,13846.470869676672,1683
2026-01-06T12:00:00+00:00,2026-01-06T12:04:59.999000+00:00,102.58262536820007,103.48652468402646,100.51969467090738,101.83963075378432,145.89785854105946,12677.465388127806,1684
2026-01-06T12:05:00+00:00,2026-01-06T12:09:59.999000+00:00,101.83963075378432,103.22402027297312,98.29252780221366,98.88720395807732,139.02115019942318,11633.253598356205,1685
2026-01-06T12:10:00+00:00,2026-01-06T12:14:59.999000+00:00,98.88720395807732,99.9054804598658,96.42781963883506,97.98105070575973,129.02525712431677,11883.779808205443,1686
2026-01-06T12:15:00+00:00,2026-01-06T12:19:59.999000+00:00,97.98105070575973,98.52198698060222,95.04394894739474,95.57587874516261,114.52646858569959,12221.547408308108,1687
2026-01-06T12:20:00+00:00,2026-01-06T12:24:59.999000+00:00,95.57587874516261,97.19437577262933,91.8063787973148,93.0166246706647,111.3530261996956,12678.180326951559,1688
2026-01-06T12:25:00+00:00,2026-01-06T12:29:59.999000+00:00,93.0166246706647,93.75235897860001,90.22176976367558,91.64058180646794,108.14257281746121,10726.513513773465,1689
2026-01-06T12:30:00+00:00,2026-01-06T12:34:59.999000+00:00,91.64058180646794,92.83416993539231,88.81739835823073,90.59065582963358,138.92890737628173,11179.700367442103,1690
2026-01-06T12:35:00+00:00,2026-01-06T12:39:59.999000+00:00,90.59065582963358,92.42025786073509,89.71348385609019,90.69628949415899,105.50872358483193,10536.125029535164,1691
2026-01-06T12:40:00+00:00,2026-01-06T12:44:59.999000+00:00,90.69628949415899,91.65568291970443,88.66533842474925,89.73450553924785,144.5244022697653,10997.546759276369,1692
2026-01-06T12:45:00+00:00,2026-01-06T12:49:59.999000+00:00,89.73450553924785,91.65162309240388,88.46300700071127,90.37994890601557,149.1915649296612,9474.74366140484,1693
2026-01-06T12:50:00+00:00,2026-01-06T12:54:59.999000+00:00,90.37994890601557,92.70086503627194,89.82638470733374,91.10160448883038,145.60765764679968,12931.566172570232,1694
2026-01-06T12:55:00+00:00,2026-01-06T12:59:59.999000+00:00,91.10160448883038,92.80979215018229,90.05365690886453,92.019874911621,146.9186534548363,13787.533886132302,1695
2026-01-06T13:00:00+00:00,2026-01-06T13:04:59.999000+00:00,92.019874911621,95.07476474439778,91.27987468849187,93.39841215296936,112.58659942319308,9574.775113144047,1696
2026-01-06T13:05:00+00:00,2026-01-06T13:09:59.999000+00:00,93.39841215296936,95.58322235521405,92.40732409986293,93.80271246772487,147.50480499529777,12246.56119140628,1697
2026-01-06T13:10:00+00:00,2026-01-06T13:14:59.999000+00:00,93.80271246772487,95.2549451791804,92.44145315960667,94.44299868887589,129.53689366821672,12002.507724172143,1698
2026-01-06T13:15:00+00:00,2026-01-06T13:19:59.999000+00:00,94.44299868887589,96.96107762788525,93.73985916281843,96.18379139640078,136.0940360016283,9832.452806382587,1699
2026-01-06T13:20:00+00:00,2026-01-06T13:24:59.999000+00:00,96.18379139640078,97.75733366280588,93.95972876335027,95.0460601628855,123.80247387684113,11257.814291380348,1700
2026-01-06T13:25:00+00:00,2026-01-06T13:29:59.999000+00:00,95.0460601628855,96.9416665183678,93.82602990647624,95.61657846160183,131.45530176358648,10586.116539939485,1701
2026-01-06T13:30:00+00:00,2026-01-06T13:34:59.999000+00:00,95.61657846160183,96.48815391763911,93.91424451306203,94.67188843278565,144.87537046226672,13225.492418936876,1702
2026-01-06T13:35:00+00:00,2026-01-06T13:39:59.999000+00:00,94.67188843278565,95.32173004521704,93.44577768353547,94.37967499068998,138.0856951674203,9745.843462934363,1703
2026-01-06T13:40:00+00:00,2026-01-06T13:44:59.999000+00:00,94.37967499068998,95.18216291432654,92.72325855304342,94.19751696953725,127.05169365244531,11265.950208766875,1704
2026-01-06T13:45:00+00:00,2026-01-06T13:49:59.999000+00:00,94.19751696953725,96.32096941062932,93.19190851101627,94.83900909168621,139.13160028113475,11667.204949774385,1705
2026-01-06T13:50:00+00:00,2026-01-06T13:54:59.999000+00:00,94.83900909168621,96.34353608556982,94.21334280704035,95.41972140741966,108.14655266545208,11475.675653412787,1706
2026-01-06T13:55:00+00:00,2026-01-06T13:59:59.999000+00:00,95.41972140741966,96.45559563223267,93.6241913053259,95.2998135185205,106.72420648725866,11739.199929461074,1707
2026-01-06T14:00:00+00:00,2026-01-06T14:04:59.999000+00:00,95.2998135185205,97.11357350875011,94.74153328232102,96.22757545420605,124.04584812996713,12887.463238005086,1708
2026-01-06T14:05:00+00:00,2026-01-06T14:09:59.999000+00:00,96.22757545420605,99.70869428829073,95.50479153374575,98.29572123808649,132.80263013217063,12629.981487867088,1709
2026-01-06T14:10:00+00:00,2026-01-06T14:14:59.999000+00:00,98.29572123808649,101.25211003488404,97.03871250134914,99.9626952619364,122.46672488701951,11893.940970718106,1710
2026-01-06T14:15:00+00:00,2026-01-06T14:19:59.999000+00:00,99.9626952619364,103.08037938033964,98.55570849661164,101.96346109841618,148.548024523359,14487.067506250898,1711
2026-01-06T14:20:00+00:00,2026-01-06T14:24:59.999000+00:00,101.96346109841618,104.96337472727548,100.26855652395348,103.24679287671957,149.53819413480718,15005.642213121304,1712
2026-01-06T14:25:00+00:00,2026-01-06T14:29:59.999000+00:00,103.24679287671957,106.818185627513,101.92045940620416,105.33928560697014,102.29227181110514,12318.059941302585,1713
2026-01-06T14:30:00+00:00,2026-01-06T14:34:59.999000+00:00,105.33928560697014,107.79615442306552,104.82181998191489,106.9158427272824,146.20807228169357,14069.100020877082,1714
2026-01-06T14:35:00+00:00,2026-01-06T14:39:59.999000+00:00,106.9158427272824,110.59155103207372,106.034688691466,109.32397945560402,141.49849283410722,15699.089744042554,1715
2026-01-06T14:40:00+00:00,2026-01-06T14:44:59.999000+00:00,109.32397945560402,110.49389197564021,108.47230380007205,109.65643979999794,125.89963097929058,11845.551740894527,1716
2026-01-06T14:45:00+00:00,2026-01-06T14:49:59.999000+00:00,109.65643979999794,110.60370100155733,107.70134269654895,109.30160664751718,107.00444724674512,14356.629763436396,1717
2026-01-06T14:50:00+00:00,2026-01-06T14:54:59.999000+00:00,109.30160664751718,110.46518031019087,108.50684748491375,109.23652601240074,107.97718506799663,12725.2192744762,1718
2026-01-06T14:55:00+00:00,2026-01-06T14:59:59.999000+00:00,109.23652601240074,110.967879286437,108.22194263087206,109.64022261923928,116.85915679665064,12241.134594000687,1719
2026-01-06T15:00:00+00:00,2026-01-06T15:04:59.999000+00:00,109.64022261923928,110.82295133111278,107.99591944695915,108.63500609156745,104.44057806707123,14772.809659558316,1720
2026-01-06T15:05:00+00:00,2026-01-06T15:09:59.999000+00:00,108.63500609156745,110.0838687294418,105.62591312891838,106.54772651139376,149.64182855730814,14284.386008721076,1721
2026-01-06T15:10:00+00:00,2026-01-06T15:14:59.999000+00:00,106.54772651139376,108.19289506882751,105.69803543424663,106.80668945630984,114.73860369020235,11880.201218122911,1722
2026-01-06T15:15:00+00:00,2026-01-06T15:19:59.999000+00:00,106.80668945630984,107.69664494788009,103.19486654351985,104.48335484911547,122.79616681612666,14002.646148622998,1723
2026-01-06T15:20:00+00:00,2026-01-06T15:24:59.999000+00:00,104.48335484911547,106.27400805552034,102.8790478810166,105.14498454324732,128.42666744858923,14175.10434585384,1724
2026-01-06T15:25:00+00:00,2026-01-06T15:29:59.999000+00:00,105.14498454324732,106.03997041889762,102.61169931217621,103.67640101166178,110.43459803282731,12438.674154816266,1725
2026-01-06T15:30:00+00:00,2026-01-06T15:34:59.999000+00:00,103.67640101166178,104.64081165235993,102.22379721360481,103.54911341027272,123.0890814388088,14832.780431297195,1726
2026-01-06T15:35:00+00:00,2026-01-06T15:39:59.999000+00:00,103.54911341027272,104.37014526696811,101.90021731080434,103.45449988336327,129.55948464635696,15313.316121082884,1727
2026-01-06T15:40:00+00:00,2026-01-06T15:44:59.999000+00:00,103.45449988336327,106.00535908582422,102.19026194406482,104.21427262352225,122.3445287194547,15419.965268344245,1728
2026-01-06T15:45:00+00:00,2026-01-06T15:49:59.999000+00:00,104.21427262352225,105.99269084209209,103.37824675297516,105.28127353938073,149.1754276337863,11787.03622569322,1729
2026-01-06T15:50:00+00:00,2026-01-06T15:54:59.999000+00:00,105.28127353938073,106.62056209892154,102.69263349787545,104.4620398777549,106.71250223751315,14566.153955263138,1730
2026-01-06T15:55:00+00:00,2026-01-06T15:59:59.999000+00:00,104.4620398777549,105.95582714266767,103.13872548211025,104.33265277990947,101.5915303019427,11772.146492171634,1731
2026-01-06T16:00:00+00:00,2026-01-06T16:04:59.999000+00:00,104.33265277990947,105.07385682981848,102.44410842153633,104.18361005509541,105.42815809610414,10612.235479289458,1732
2026-01-06T16:05:00+00:00,2026-01-06T16:09:59.999000+00:00,104.18361005509541,105.85000257044496,102.83464391204072,103.87245536861442,115.80424344657044,10551.445648880343,1733
2026-01-06T16:10:00+00:00,2026-01-06T16:14:59.999000+00:00,103.87245536861442,105.1645145036392,101.86500744571974,102.76575552872754,122.04232964879493,12056.687813925091,1734
2026-01-06T16:15:00+00:00,2026-01-06T16:19:59.999000+00:00,102.76575552872754,103.43640559149023,98.75648596009927,100.53102308456667,104.12536632378355,10275.368520741176,1735
2026-01-06T16:20:00+00:00,2026-01-06T16:24:59.999000+00:00,100.53102308456667,102.19010105675092,97.03266294287297,98.33230576870153,102.99524843061548,14232.266034717593,1736
2026-01-06T16:25:00+00:00,2026-01-06T16:29:59.999000+00:00,98.33230576870153,99.7033858961316,95.51255389028972,97.05196235937241,105.1706725195417,11683.889139348958,1737
2026-01-06T16:30:00+00:00,2026-01-06T16:34:59.999000+00:00,97.05196235937241,98.25113726428205,94.08967094595553,95.19518161216897,140.8060124852133,11501.727812216834,1738
2026-01-06T16:35:00+00:00,2026-01-06T16:39:59.999000+00:00,95.19518161216897,95.94113997754151,91.13653984962924,92.48079989267723,116.98757158270858,10930.026754609496,1739
2026-01-06T16:40:00+00:00,2026-01-06T16:44:59.999000+00:00,92.48079989267723,94.02674715522713,90.48280483353011,91.70644414190981,140.1367200832934,10285.642363869172,1740
2026-01-06T16:45:00+00:00,2026-01-06T16:49:59.999000+00:00,91.70644414190981,93.47915232732457,89.8276163203541,91.19035009184,117.18835086643962,13442.423198077171,1741
2026-01-06T16:50:00+00:00,2026-01-06T16:54:59.999000+00:00,91.19035009184,92.61831272512914,88.74811294560737,90.14630837628371,113.91335215618965,9857.885675034451,1742
2026-01-06T16:55:00+00:00,2026-01-06T16:59:59.999000+00:00,90.14630837628371,91.84741959526947,89.1815200514391,90.23301474585759,124.13775527400298,9813.521200133973,1743
2026-01-06T17:00:00+00:00,2026-01-06T17:04:59.999000+00:00,90.23301474585759,91.91137604895813,88.53279277522964,91.20037715298635,138.00370773816687,11103.01378392141,1744
2026-01-06T17:05:00+00:00,2026-01-06T17:09:59.999000+00:00,91.20037715298635,92.74867696919361,89.9430873797905,91.75242397582981,114.60375788544032,12733.924405965838,1745
2026-01-06T17:10:00+00:00,2026-01-06T17:14:59.999000+00:00,91.75242397582981,93.80301398915486,90.97154555311937,92.8938241001245,110.91081214830498,11494.27351667793,1746
2026-01-06T17:15:00+00:00,2026-01-06T17:19:59.999000+00:00,92.8938241001245,95.1969948237358,91.23003493860445,93.85445976602074,123.32045585596967,9874.973222924034,1747
2026-01-06T17:20:00+00:00,2026-01-06T17:24:59.999000+00:00,93.85445976602074,95.59328145395382,93.20245278889152,94.17276055300839,132.65822376841848,11381.765262690642,1748
2026-01-06T17:25:00+00:00,2026-01-06T17:29:59.999000+00:00,94.17276055300839,96.8725733332795,92.81098001200729,95.0768745527081,114.35956699180952,13506.71395505069,1749
2026-01-06T17:30:00+00:00,2026-01-06T17:34:59.999000+00:00,95.0768745527081,97.76350240541905,93.31674063872265,95.99015851020337,119.5329750495192,9839.17671243772,1750
2026-01-06T17:35:00+00:00,2026-01-06T17:39:59.999000+00:00,95.99015851020337,96.73987051726839,94.12253872093089,95.66656096174424,124.44847669247147,10552.920389916573,1751
2026-01-06T17:40:00+00:00,2026-01-06T17:44:59.999000+00:00,95.66656096174424,97.08833045280929,95.02986667647949,96.25120164221048,132.75487358307532,11693.169662327786,1752
2026-01-06T17:45:00+00:00,2026-01-06T17:49:59.999000+00:00,96.25120164221048,97.66369584796006,94.18666032389316,95.9823300048664,138.4861752340651,14103.734356684752,1753
2026-01-06T17:50:00+00:00,2026-01-06T17:54:59.999000+00:00,95.9823300048664,96.7534413613098,93.74474042861009,94.81197996874981,119.10744978522764,13279.286343871168,1754
2026-01-06T17:55:00+00:00,2026-01-06T17:59:59.999000+00:00,94.81197996874981,96.59104362472797,93.79830620651396,95.21335399205287,108.39760789410934,13828.80015737529,1755
2026-01-06T18:00:00+00:00,2026-01-06T18:04:59.999000+00:00,95.21335399205287,97.00930309118907,93.81104173839317,95.10049011871969,112.6866816270709,13779.577459053224,1756
2026-01-06T18:05:00+00:00,2026-01-06T18:09:59.999000+00:00,95.10049011871969,97.21182043619154,94.30057714227597,95.82703159216358,114.0820136767194,12280.123093717559,1757
2026-01-06T18:10:00+00:00,2026-01-06T18:14:59.999000+00:00,95.82703159216358,98.1647085984829,94.6496981817638,96.47915200951721,135.07290149936512,12438.173664079399,1758
2026-01-06T18:15:00+00:00,2026-01-06T18:19:59.999000+00:00,96.47915200951721,98.80354652811253,94.69973919244946,97.82172087451704,109.46272488271252,13059.183053063782,1759
2026-01-06T18:20:00+00:00,2026-01-06T18:24:59.999000+00:00,97.82172087451704,98.6045914600228,97.16979720038836,98.0562850826675,107.76861565699252,11931.349857902685,1760
2026-01-06T18:25:00+00:00,2026-01-06T18:29:59.999000+00:00,98.0562850826675,101.78974933418013,97.51232740555828,100.97923658926037,149.624673059795,12298.654827901091,1761
2026-01-06T18:30:00+00:00,2026-01-06T18:34:59.999000+00:00,100.97923658926037,104.23097967190242,99.88406251627721,103.30670980817283,148.4480033233042,11306.542453105447,1762
2026-01-06T18:35:00+00:00,2026-01-06T18:39:59.999000+00:00,103.30670980817283,106.38805838201345,102.22520835079153,104.77303834588272,118.11136598132046,15077.927139189153,1763
2026-01-06T18:40:00+00:00,2026-01-06T18:44:59.999000+00:00,104.77303834588272,108.39780594907275,104.0326954773303,106.7888594022176,122.78240266097029,13425.27382781847,1764
2026-01-06T18:45:00+00:00,2026-01-06T18:49:59.999000+00:00,106.7888594022176,109.10768673095095,105.78441975846528,107.64857267412576,121.87900243095731,13214.976693079276,1765
2026-01-06T18:50:00+00:00,2026-01-06T18:54:59.999000+00:00,107.64857267412576,110.7087251238656,106.56513991993484,109.63500454918525,115.62363851035764,12377.024779931726,1766
2026-01-06T18:55:00+00:00,2026-01-06T18:59:59.999000+00:00,109.63500454918525,110.8106701272328,108.64270681043857,109.53298258978734,101.67242934621025,13108.285780387108,1767
2026-01-06T19:00:00+00:00,2026-01-06T19:04:59.999000+00:00,109.53298258978734,110.2259731875162,108.36025952713591,109.26445202835043,132.69046194528886,11234.226821043965,1768
2026-01-06T19:05:00+00:00,2026-01-06T19:09:59.999000+00:00,109.26445202835043,111.41225738501696,108.63604648749929,109.7200410130623,113.9054637466412,15590.493465786063,1769
2026-01-06T19:10:00+00:00,2026-01-06T19:14:59.999000+00:00,109.7200410130623,111.14354753725851,108.6875406657675,109.6456440154264,107.29221128821717,14336.139609478738,1770
2026-01-06T19:15:00+00:00,2026-01-06T19:19:59.999000+00:00,109.6456440154264,110.36695326820549,106.45807482776752,107.91015326329227,107.82186177554493,13255.660767097777,1771
2026-01-06T19:20:00+00:00,2026-01-06T19:24:59.999000+00:00,107.91015326329227,108.51838584479646,106.76780390627255,107.50933007497747,128.4852907743569,14949.886345854029,1772
2026-01-06T19:25:00+00:00,2026-01-06T19:29:59.999000+00:00,107.50933007497747,108.51154583687615,104.16852331134925,105.14715916792413,136.0924889787663,11075.452818776457,1773
2026-01-06T19:30:00+00:00,2026-01-06T19:34:59.999000+00:00,105.14715916792413,106.21842739127287,103.92347624908916,104.57265377564366,135.2279759920259,12741.45490912158,1774
2026-01-06T19:35:00+00:00,2026-01-06T19:39:59.999000+00:00,104.57265377564366,105.66542868059474,102.3243038745001,103.5336030031499,129.0015823478698,12527.227442869278,1775
2026-01-06T19:40:00+00:00,2026-01-06T19:44:59.999000+00:00,103.5336030031499,104.87810134775273,102.37024985411966,104.25227063947247,134.7382115731226,13450.074809655229,1776
2026-01-06T19:45:00+00:00,2026-01-06T19:49:59.999000+00:00,104.25227063947247,105.79781915682227,102.18855167187651,103.89231095948395,135.0097009490221,14223.57858174127,1777
2026-01-06T19:50:00+00:00,2026-01-06T19:54:59.999000+00:00,103.89231095948395,105.20325980438888,102.7819075419999,103.84797334035045,139.77803432980727,11542.117174931962,1778
2026-01-06T19:55:00+00:00,2026-01-06T19:59:59.999000+00:00,103.84797334035045,106.07721556117268,102.97239439590261,104.4722462782889,130.6176196320523,11759.334448286443,1779
2026-01-06T20:00:00+00:00,2026-01-06T20:04:59.999000+00:00,104.4722462782889,105.76971431244857,103.00097890704006,104.46561468603998,136.83304688446086,11225.073756530974,1780
2026-01-06T20:05:00+00:00,2026-01-06T20:09:59.999000+00:00,104.46561468603998,105.4551504040371,103.38956397888796,104.11297496249979,148.93064859374547,11747.917399753936,1781
2026-01-06T20:10:00+00:00,2026-01-06T20:14:59.999000+00:00,104.11297496249979,105.70028186347997,103.40154461571778,104.35330916764752,128.42237634608398,14469.679838695012,1782
2026-01-06T20:15:00+00:00,2026-01-06T20:19:59.999000+00:00,104.35330916764752,105.24466344954189,102.67450801031565,104.36897442138641,116.51596866785792,11155.43767392535,1783
2026-01-06T20:20:00+00:00,2026-01-06T20:24:59.999000+00:00,104.36897442138641,104.93507100857263,101.40775757456984,103.06985205019177,118.34096511084748,10437.004151966546,1784
2026-01-06T20:25:00+00:00,2026-01-06T20:29:59.999000+00:00,103.06985205019177,104.23520612292562,100.19774460373677,101.50234727434083,111.88864859783737,14591.056510222948,1785
2026-01-06T20:30:00+00:00,2026-01-06T20:34:59.999000+00:00,101.50234727434083,102.53303258526188,99.01078337175232,100.68952549197945,135.1564889692314,14217.625558285388,1786
2026-01-06T20:35:00+00:00,2026-01-06T20:39:59.999000+00:00,100.68952549197945,101.62088242242025,96.42436956282911,97.27396806354767,123.26273075178213,10984.980717915947,1787
2026-01-06T20:40:00+00:00,2026-01-06T20:44:59.999000+00:00,97.27396806354767,98.57845216064118,93.84634454598944,95.33431027783143,142.2840800240451,11747.462779914458,1788
2026-01-06T20:45:00+00:00,2026-01-06T20:49:59.999000+00:00,95.33431027783143,96.714695450264,92.3409262451957,94.00207634131849,104.59493262849894,10597.679239603085,1789
2026-01-06T20:50:00+00:00,2026-01-06T20:54:59.999000+00:00,94.00207634131849,95.65311866333023,91.91114891979953,92.47493574696472,125.26620020865681,9262.888547809916,1790
2026-01-06T20:55:00+00:00,2026-01-06T20:59:59.999000+00:00,92.47493574696472,93.90694283255938,90.28153257530806,91.6980382830039,123.12222217071437,12850.624100498337,1791
2026-01-06T21:00:00+00:00,2026-01-06T21:04:59.999000+00:00,91.6980382830039,92.4384900319891,89.33933829724724,90.59137213330263,136.54553108409084,10838.35774470381,1792
2026-01-06T21:05:00+00:00,2026-01-06T21:09:59.999000+00:00,90.59137213330263,92.06505998579865,89.0747942405009,90.4399889654166,137.62711169495714,11568.510934903026,1793
2026-01-06T21:10:00+00:00,2026-01-06T21:14:59.999000+00:00,90.4399889654166,92.28550257153854,89.14630218425908,90.56724085922279,132.04474437161383,10372.470293034086,1794
2026-01-06T21:15:00+00:00,2026-01-06T21:19:59.999000+00:00,90.56724085922279,91.79442917646038,89.71628510667077,90.2709473968072,120.57857254730781,11285.710049590056,1795
2026-01-06T21:20:00+00:00,2026-01-06T21:24:59.999000+00:00,90.2709473968072,91.89100179484011,88.82535769470702,90.77409111607008,135.00972727967007,10510.887550523388,1796
2026-01-06T21:25:00+00:00,2026-01-06T21:29:59.999000+00:00,90.77409111607008,93.41691627679386,90.02093081428926,92.50890892854481,100.90072470698222,12571.839796883642,1797
2026-01-06T21:30:00+00:00,2026-01-06T21:34:59.999000+00:00,92.50890892854481,94.64980984626771,91.24281841074475,93.82171019868873,135.49409834338493,12078.73206863401,1798
2026-01-06T21:35:00+00:00,2026-01-06T21:39:59.999000+00:00,93.82171019868873,96.92720435667866,92.94183058621272,95.57954051220143,105.17764346185828,12408.14534439651,1799
2026-01-06T21:40:00+00:00,2026-01-06T21:44:59.999000+00:00,95.57954051220143,97.2575638138926,94.48450918635928,96.18435050589751,129.9977141751511,12371.629140108153,1800
2026-01-06T21:45:00+00:00,2026-01-06T21:49:59.999000+00:00,96.18435050589751,96.82196609720368,95.15352649450165,95.92762346452058,130.78741658816207,10541.608999588796,1801
2026-01-06T21:50:00+00:00,2026-01-06T21:54:59.999000+00:00,95.92762346452058,97.55135788564793,94.17948091339088,96.20737111846408,133.38929695745887,13786.291631868684,1802
2026-01-06T21:55:00+00:00,2026-01-06T21:59:59.999000+00:00,96.20737111846408,98.87167168503666,95.65717366956478,97.27871003320038,110.41778173298351,12696.293707686606,1803
2026-01-06T22:00:00+00:00,2026-01-06T22:04:59.999000+00:00,97.27871003320038,97.9694231566558,94.99905249689813,96.51269065125834,142.31333663128282,11018.724308560319,1804
2026-01-06T22:05:00+00:00,2026-01-06T22:09:59.999000+00:00,96.51269065125834,97.13321164790938,95.6631812703619,96.26905532420784,145.92999285144293,11022.96086788012,1805
2026-01-06T22:10:00+00:00,2026-01-06T22:14:59.999000+00:00,96.26905532420784,97.3987156688116,94.37906986252179,96.14705923962914,122.943702897545,11471.007622610334,1806
2026-01-06T22:15:00+00:00,2026-01-06T22:19:59.999000+00:00,96.14705923962914,98.11662680415567,95.58567967278844,96.39741640040772,122.8660250495751,12692.542511158481,1807
2026-01-06T22:20:00+00:00,2026-01-06T22:24:59.999000+00:00,96.39741640040772,98.25229164068901,95.1915628842622,96.59743055429705,108.03920791609794,13828.616997004776,1808
2026-01-06T22:25:00+00:00,2026-01-06T22:29:59.999000+00:00,96.59743055429705,98.24660256349777,95.21373292097795,97.36663928159501,136.55459572494607,10257.396969923402,1809
2026-01-06T22:30:00+00:00,2026-01-06T22:34:59.999000+00:00,97.36663928159501,99.75222769772563,95.72185747728736,98.70091454098159,122.83952590507158,11511.282074933055,1810
2026-01-06T22:35:00+00:00,2026-01-06T22:39:59.999000+00:00,98.70091454098159,101.42520311318792,97.64624463529654,99.74822912378616,103.69756408077266,13933.82385412046,1811
2026-01-06T22:40:00+00:00,2026-01-06T22:44:59.999000+00:00,99.74822912378616,102.52296950275418,98.41262583130235,101.31334769122333,100.61244988527,14520.514877748963,1812
2026-01-06T22:45:00+00:00,2026-01-06T22:49:59.999000+00:00,101.31334769122333,103.952054576256,100.57383830564513,103.32654571860385,111.23053678996644,15086.501948166442,1813
2026-01-06T22:50:00+00:00,2026-01-06T22:54:59.999000+00:00,103.32654571860385,106.09231879987033,102.28316541589479,104.81473559287598,100.8122864524116,14534.158476417073,1814
2026-01-06T22:55:00+00:00,2026-01-06T22:59:59.999000+00:00,104.81473559287598,108.05200182306152,103.0463608704874,107.07557581270106,141.10387760081164,11402.599728722715,1815
2026-01-06T23:00:00+00:00,2026-01-06T23:04:59.999000+00:00,107.07557581270106,109.17727254336421,105.41792568644065,108.50902733576766,126.82048215524217,11425.646083758162,1816
2026-01-06T23:05:00+00:00,2026-01-06T23:09:59.999000+00:00,108.50902733576766,110.5391448209213,107.07691718771903,109.0416325290308,130.8984055461425,13014.814075592745,1817
2026-01-06T23:10:00+00:00,2026-01-06T23:14:59.999000+00:00,109.0416325290308,111.5989055847491,107.48415916513169,110.23457217629121,110.79422351147285,16094.053490970497,1818
2026-01-06T23:15:00+00:00,2026-01-06T23:19:59.999000+00:00,110.23457217629121,112.1854404477716,109.13980101200615,110.68099832932269,130.91622003571732,12045.121599004167,1819
2026-01-06T23:20:00+00:00,2026-01-06T23:24:59.999000+00:00,110.68099832932269,111.40890664511706,109.48738527939399,110.31661583349498,126.20189430758889,12767.32930420292,1820
2026-01-06T23:25:00+00:00,2026-01-06T23:29:59.999000+00:00,110.31661583349498,111.29340708563647,106.77987250682628,108.27316305377141,138.53242571306245,15406.009694687427,1821
2026-01-06T23:30:00+00:00,2026-01-06T23:34:59.999000+00:00,108.27316305377141,110.00748285741759,107.08226274887396,108.23159229034175,122.08280559313013,14993.56244538588,1822
2026-01-06T23:35:00+00:00,2026-01-06T23:39:59.999000+00:00,108.23159229034175,109.38880338600751,105.9251264344627,106.84139560028548,137.80814997398022,15335.556992133548,1823
2026-01-06T23:40:00+00:00,2026-01-06T23:44:59.999000+00:00,106.84139560028548,108.32719168213944,103.45159662501533,104.94809845397835,148.15058125217416,10865.003764589937,1824
2026-01-06T23:45:00+00:00,2026-01-06T23:49:59.999000+00:00,104.94809845397835,106.01436029641435,103.50085729808774,104.97776946334625,128.24905120433996,13740.066221468753,1825
2026-01-06T23:50:00+00:00,2026-01-06T23:54:59.999000+00:00,104.97776946334625,105.75568041576442,101.83564690713038,103.07018757424655,104.90422827993527,13288.98630109927,1826
2026-01-06T23:55:00+00:00,2026-01-06T23:59:59.999000+00:00,103.07018757424655,105.0157725329698,101.61275341448867,103.82292076174772,133.07815153796923,11850.228839047293,1827
2026-01-07T00:00:00+00:00,2026-01-07T00:04:59.999000+00:00,103.82292076174772,105.46407885265815,101.43670140778306,103.188635047101,101.27253431756323,11974.126695596186,1828
2026-01-07T00:05:00+00:00,2026-01-07T00:09:59.999000+00:00,103.188635047101,105.48151995779438,101.66653036560616,103.97293197121269,136.06311219261977,14164.293927626892,1829
2026-01-07T00:10:00+00:00,2026-01-07T00:14:59.999000+00:00,103.97293197121269,104.88035269706965,102.66884655928938,103.68107692316264,126.91657370911072,13368.67629611775,1830
2026-01-07T00:15:00+00:00,2026-01-07T00:19:59.999000+00:00,103.68107692316264,105.526357772795,103.16154682976749,103.92289038911032,134.66710695086525,12527.169484212982,1831
2026-01-07T00:20:00+00:00,2026-01-07T00:24:59.999000+00:00,103.92289038911032,104.96625055593995,103.26226110761633,104.11238294557766,119.37639484796597,13473.79513887783,1832
2026-01-07T00:25:00+00:00,2026-01-07T00:29:59.999000+00:00,104.11238294557766,105.18375691155656,102.92857596281523,103.62967629791875,105.18917943368513,14265.938924261289,1833
2026-01-07T00:30:00+00:00,2026-01-07T00:34:59.999000+00:00,103.62967629791875,104.92518764333701,101.33616292078494,102.78542163230722,135.57147895210193,14150.957732524565,1834
2026-01-07T00:35:00+00:00,2026-01-07T00:39:59.999000+00:00,102.78542163230722,103.41151368635853,100.73869992324114,102.1522716640519,117.89757612740257,13332.048103736965,1835
2026-01-07T00:40:00+00:00,2026-01-07T00:44:59.999000+00:00,102.1522716640519,103.32841537705119,100.39571431867397,101.33149775894957,102.76675518275444,11250.71381692742,1836
2026-01-07T00:45:00+00:00,2026-01-07T00:49:59.999000+00:00,101.33149775894957,102.82702857667306,98.33307652021156,99.76721495069587,148.8441712411291,13419.84254327593,1837
2026-01-07T00:50:00+00:00,2026-01-07T00:54:59.999000+00:00,99.76721495069587,101.21335757851094,96.95045139736844,97.8304699757528,105.86298613956926,14362.239252503216,1838
2026-01-07T00:55:00+00:00,2026-01-07T00:59:59.999000+00:00,97.8304699757528,98.94590067841837,93.25731801357155,94.8711128081909,132.52260993773675,10153.279356589044,1839
2026-01-07T01:00:00+00:00,2026-01-07T01:04:59.999000+00:00,94.8711128081909,96.62265989424964,91.06802941491738,92.80393678363033,145.1336761851668,12508.952993650782,1840
2026-01-07T01:05:00+00:00,2026-01-07T01:09:59.999000+00:00,92.80393678363033,93.34113562815148,91.8377150635182,92.52893310244963,132.98947587028624,10139.479938743692,1841
2026-01-07T01:10:00+00:00,2026-01-07T01:14:59.999000+00:00,92.52893310244963,93.3571099705799,89.25858566366027,90.83474129115945,104.33460948948314,10494.465445412388,1842
2026-01-07T01:15:00+00:00,2026-01-07T01:19:59.999000+00:00,90.83474129115945,91.80199592427284,89.08415323241435,90.5198293077784,149.51045251954238,9550.936825988027,1843
2026-01-07T01:20:00+00:00,2026-01-07T01:24:59.999000+00:00,90.5198293077784,91.69484793215163,87.59925675269392,89.34854326486523,136.24541647753938,11575.752612983159,1844
2026-01-07T01:25:00+00:00,2026-01-07T01:29:59.999000+00:00,89.34854326486523,91.89176748629218,88.19977252440125,90.42613889098695,104.62810222981085,10094.463838911344,1845
2026-01-07T01:30:00+00:00,2026-01-07T01:34:59.999000+00:00,90.42613889098695,91.04724020955483,89.16456415911608,90.53151182696529,111.52456520668287,9514.223640992639,1846
2026-01-07T01:35:00+00:00,2026-01-07T01:39:59.999000+00:00,90.53151182696529,92.30854196151623,88.80779239661715,90.91134449816815,104.09895370951669,10312.015304776503,1847
2026-01-07T01:40:00+00:00,2026-01-07T01:44:59.999000+00:00,90.91134449816815,93.25793347732473,89.81503883897392,92.42121223505696,137.80283600416536,9769.032508574152,1848
2026-01-07T01:45:00+00:00,2026-01-07T01:49:59.999000+00:00,92.42121223505696,94.84551786071644,91.14472996230859,94.04678287701095,142.31521461272382,12812.828346398785,1849
2026-01-07T01:50:00+00:00,2026-01-07T01:54:59.999000+00:00,94.04678287701095,96.93202452009211,92.49821834888891,95.23199752227539,144.00035189508125,12230.745057167162,1850
2026-01-07T01:55:00+00:00,2026-01-07T01:59:59.999000+00:00,95.23199752227539,97.14153130021441,94.53824986047783,96.41165971131632,135.63192015576612,11122.369266105014,1851
2026-01-07T02:00:00+00:00,2026-01-07T02:04:59.999000+00:00,96.41165971131632,96.91272526914116,94.80925066654393,96.09878364997955,113.74276653395188,10778.960096837609,1852
2026-01-07T02:05:00+00:00,2026-01-07T02:09:59.999000+00:00,96.09878364997955,98.78632079128613,94.4470255764597,97.44109937631943,103.64006745088656,13452.695494598023,1853
2026-01-07T02:10:00+00:00,2026-01-07T02:14:59.999000+00:00,97.44109937631943,98.62466099151867,96.23249324707926,96.85135329618012,102.95774099009692,10693.062848692192,1854
2026-01-07T02:15:00+00:00,2026-01-07T02:19:59.999000+00:00,96.85135329618012,97.62968573989266,94.37868519955157,96.09550339204434,110.10413050366532,9808.563394304845,1855
2026-01-07T02:20:00+00:00,2026-01-07T02:24:59.999000+00:00,96.09550339204434,97.40723247193024,94.5382670012037,96.0475679200185,122.22457836270644,12883.162404385326,1856
2026-01-07T02:25:00+00:00,2026-01-07T02:29:59.999000+00:00,96.0475679200185,96.63025572461281,95.20572895958942,95.74212605923843,119.30429677114171,13994.437267922389,1857
2026-01-07T02:30:00+00:00,2026-01-07T02:34:59.999000+00:00,95.74212605923843,97.85571722164156,94.35165736425412,96.06172946403825,105.29509689139744,12020.92329109053,1858
2026-01-07T02:35:00+00:00,2026-01-07T02:39:59.999000+00:00,96.06172946403825,98.53241774090776,95.04088671046702,97.19563581241111,135.79010484960568,12967.627337164062,1859
2026-01-07T02:40:00+00:00,2026-01-07T02:44:59.999000+00:00,97.19563581241111,98.86119141959175,95.66490890627179,98.1803190704495,141.1836546460214,9916.450521445748,1860
2026-01-07T02:45:00+00:00,2026-01-07T02:49:59.999000+00:00,98.1803190704495,100.50559592136528,96.92019214504022,98.76983008909924,130.10622120144146,13101.070156847989,1861
2026-01-07T02:50:00+00:00,2026-01-07T02:54:59.999000+00:00,98.76983008909924,100.47274082768911,97.89720302081513,99.61028797144098,105.94018816989514,12734.818353557812,1862
2026-01-07T02:55:00+00:00,2026-01-07T02:59:59.999000+00:00,99.61028797144098,103.10188559940184,98.27279877284771,101.83445517690342,137.73548907474827,10499.083537002838,1863
2026-01-07T03:00:00+00:00,2026-01-07T03:04:59.999000+00:00,101.83445517690342,105.32371986242451,101.19592241518258,104.53471757413125,149.48473507454008,10825.65699258242,1864
2026-01-07T03:05:00+00:00,2026-01-07T03:09:59.999000+00:00,104.53471757413125,106.96837025742173,103.5434851989927,105.3273915880317,135.75740735993475,13776.979498059023,1865
2026-01-07T03:10:00+00:00,2026-01-07T03:14:59.999000+00:00,105.3273915880317,109.70205285947118,104.4475490288827,108.36733040241394,119.55722700257043,12148.048226324714,1866
2026-01-07T03:15:00+00:00,2026-01-07T03:19:59.999000+00:00,108.36733040241394,110.00657980711046,107.85024186707263,108.72884690768244,108.88948835948565,16215.602847644448,1867
2026-01-07T03:20:00+00:00,2026-01-07T03:24:59.999000+00:00,108.72884690768244,110.98150891462102,107.49080685017255,109.31168304363908,108.09878230442825,11125.541809614284,1868
2026-01-07T03:25:00+00:00,2026-01-07T03:29:59.999000+00:00,109.31168304363908,110.57231248046459,107.55154931592479,109.9934424201846,142.18734265998017,14763.268688030026,1869
2026-01-07T03:30:00+00:00,2026-01-07T03:34:59.999000+00:00,109.9934424201846,112.40455765660947,108.59119806850961,110.84308537127451,114.33369351841719,13551.909311318337,1870
2026-01-07T03:35:00+00:00,2026-01-07T03:39:59.999000+00:00,110.84308537127451,111.49652614688091,108.56826006783912,110.27559384398376,128.83318800045367,13948.06058605451,1871
2026-01-07T03:40:00+00:00,2026-01-07T03:44:59.999000+00:00,110.27559384398376,111.616421608883,108.41253403809354,109.38152279269798,126.42563819882196,11796.867696896228,1872
2026-01-07T03:45:00+00:00,2026-01-07T03:49:59.999000+00:00,109.38152279269798,110.03626460072469,106.47962575417664,107.10220234822194,127.814715818717,14944.671828530176,1873
2026-01-07T03:50:00+00:00,2026-01-07T03:54:59.999000+00:00,107.10220234822194,108.7602093404838,104.71430455691895,106.30267017196043,116.83494413583213,13358.957735759652,1874
2026-01-07T03:55:00+00:00,2026-01-07T03:59:59.999000+00:00,106.30267017196043,107.00211235194737,103.16859217262527,104.59606614873616,143.11344702384707,13372.101868588088,1875
2026-01-07T04:00:00+00:00,2026-01-07T04:04:59.999000+00:00,104.59606614873616,105.17501749980974,102.25222199916462,103.71394990081039,132.80971991773384,14366.754334649648,1876
2026-01-07T04:05:00+00:00,2026-01-07T04:09:59.999000+00:00,103.71394990081039,104.49793042277278,102.12521563004495,103.05881071625264,130.36724593578217,14221.037887679742,1877
2026-01-07T04:10:00+00:00,2026-01-07T04:14:59.999000+00:00,103.05881071625264,103.83343059250076,100.92667730633325,102.32872469762245,149.99432943893217,12665.863625499916,1878
2026-01-07T04:15:00+00:00,2026-01-07T04:19:59.999000+00:00,102.32872469762245,103.59328636763274,101.48562165120421,102.052552506146,138.25952463911014,12028.303573179908,1879
2026-01-07T04:20:00+00:00,2026-01-07T04:24:59.999000+00:00,102.052552506146,104.36443113886719,101.11660132847115,103.11233847589952,120.76802631906705,12452.240542037629,1880
2026-01-07T04:25:00+00:00,2026-01-07T04:29:59.999000+00:00,103.11233847589952,103.77470976492661,100.71057238657279,102.27121123219209,130.45452377296962,11827.70468312239,1881
2026-01-07T04:30:00+00:00,2026-01-07T04:34:59.999000+00:00,102.27121123219209,104.30683900780679,100.98784965227782,102.51278080163989,111.96409608023006,12917.33022455987,1882
2026-01-07T04:35:00+00:00,2026-01-07T04:39:59.999000+00:00,102.51278080163989,103.64033488598272,101.57735401779335,102.40527591390855,146.6986601971796,10396.346996529403,1883
2026-01-07T04:40:00+00:00,2026-01-07T04:44:59.999000+00:00,102.40527591390855,104.03183574470862,101.78624141587983,103.202873960769,127.1969845324586,11781.107499020369,1884
2026-01-07T04:45:00+00:00,2026-01-07T04:49:59.999000+00:00,103.202873960769,104.20137636222843,101.70915150014477,102.46318220498432,142.5990271806425,11613.66194106856,1885
2026-01-07T04:50:00+00:00,2026-01-07T04:54:59.999000+00:00,102.46318220498432,103.65324116423886,100.18685240852803,101.6782079357294,137.75367762933854,13619.60731259788,1886
2026-01-07T04:55:00+00:00,2026-01-07T04:59:59.999000+00:00,101.6782079357294,102.85031878968893,99.11021036842732,100.15221640834366,147.993019855245,14204.33640512277,1887
2026-01-07T05:00:00+00:00,2026-01-07T05:04:59.999000+00:00,100.15221640834366,101.4239324484317,96.02706320091796,97.67446793390401,112.34654875029658,14508.587327650044,1888
2026-01-07T05:05:00+00:00,2026-01-07T05:09:59.999000+00:00,97.67446793390401,98.62587207859032,95.56350620412903,97.01050568444468,135.0902857056165,10857.39897621546,1889
2026-01-07T05:10:00+00:00,2026-01-07T05:14:59.999000+00:00,97.01050568444468,97.96166524874907,94.04666681711733,95.22023223346828,110.17286480016695,11082.03115858964,1890
2026-01-07T05:15:00+00:00,2026-01-07T05:19:59.999000+00:00,95.22023223346828,96.86450731652403,91.63980215182752,92.8896861595071,145.28654825200528,9592.49351510624,1891
2026-01-07T05:20:00+00:00,2026-01-07T05:24:59.999000+00:00,92.8896861595071,93.6058287815002,89.53481663521231,91.16784322925459,125.1556881352276,13222.218813146228,1892
2026-01-07T05:25:00+00:00,2026-01-07T05:29:59.999000+00:00,91.16784322925459,92.75120629704946,88.873457654448,89.81530084345738,118.21203914305349,10429.980994132864,1893
2026-01-07T05:30:00+00:00,2026-01-07T05:34:59.999000+00:00,89.81530084345738,91.76739648473807,88.98608441003077,90.2788021715214,134.71271935074572,10078.895297039966,1894
2026-01-07T05:35:00+00:00,2026-01-07T05:39:59.999000+00:00,90.2788021715214,91.81269159595588,88.43312984587706,89.25239681189287,113.10925214524919,10998.575129061366,1895
2026-01-07T05:40:00+00:00,2026-01-07T05:44:59.999000+00:00,89.25239681189287,90.29236073723983,88.07458815965987,89.07349141004181,115.57335494187527,13135.756126903521,1896
2026-01-07T05:45:00+00:00,2026-01-07T05:49:59.999000+00:00,89.07349141004181,91.37992310377174,88.25342635335849,90.43695430244556,134.82792371938365,11721.77151282622,1897
2026-01-07T05:50:00+00:00,2026-01-07T05:54:59.999000+00:00,90.43695430244556,92.65179099698959,88.69752975933721,92.09165274452175,148.8581140980312,9390.122235290879,1898
2026-01-07T05:55:00+00:00,2026-01-07T05:59:59.999000+00:00,92.09165274452175,94.40967532191091,90.73296107260173,92.95705675977338,132.3176119795934,11072.289637899652,1899
2026-01-07T06:00:00+00:00,2026-01-07T06:04:59.999000+00:00,92.95705675977338,94.82222212663376,91.34236724179999,93.83192584104538,103.13388691295657,12276.235559138862,1900
2026-01-07T06:05:00+00:00,2026-01-07T06:09:59.999000+00:00,93.83192584104538,96.4839656874011,92.71354562064313,95.7925265965186,131.34459319628866,12501.807422094256,1901
2026-01-07T06:10:00+00:00,2026-01-07T06:14:59.999000+00:00,95.7925265965186,96.79975038493819,95.04750101551393,95.99093297320634,143.21081614042794,11774.818887008341,1902
2026-01-07T06:15:00+00:00,2026-01-07T06:19:59.999000+00:00,95.99093297320634,98.33778410305938,94.74606225815137,97.01322970417563,126.6303006493468,13833.575751742417,1903
2026-01-07T06:20:00+00:00,2026-01-07T06:24:59.999000+00:00,97.01322970417563,99.22824747548019,96.28146869649777,97.69976057076411,137.27371906504865,10105.579254207403,1904
2026-01-07T06:25:00+00:00,2026-01-07T06:29:59.999000+00:00,97.69976057076411,98.93201512108763,95.73880111459485,97.23677144968286,118.21625143610456,13172.975828825343,1905
2026-01-07T06:30:00+00:00,2026-01-07T06:34:59.999000+00:00,97.23677144968286,98.93596492365202,96.2564095241083,97.19753547328745,131.13489296644573,11072.30918189489,1906
2026-01-07T06:35:00+00:00,2026-01-07T06:39:59.999000+00:00,97.19753547328745,98.7262283647099,96.40564352088936,97.81869649077154,122.25231543739756,11482.955328621794,1907
2026-01-07T06:40:00+00:00,2026-01-07T06:44:59.999000+00:00,97.81869649077154,98.63531089566509,95.62149998138698,97.09173953548532,148.1670515807828,12161.031059366775,1908
2026-01-07T06:45:00+00:00,2026-01-07T06:49:59.999000+00:00,97.09173953548532,98.29660145849338,95.75146794885467,97.73125641224509,146.18683181303984,11628.261344780873,1909
2026-01-07T06:50:00+00:00,2026-01-07T06:54:59.999000+00:00,97.73125641224509,99.06792137132598,97.2266202430601,98.32942208792556,139.72398686266445,13830.168725045083,1910
2026-01-07T06:55:00+00:00,2026-01-07T06:59:59.999000+00:00,98.32942208792556,99.32003641285507,97.36719178157324,98.10973560895711,123.99333874861058,13841.834783380616,1911
2026-01-07T07:00:00+00:00,2026-01-07T07:04:59.999000+00:00,98.10973560895711,100.40876065236242,96.58322059118842,99.7197147935774,120.51695344405869,11815.93044839948,1912
2026-01-07T07:05:00+00:00,2026-01-07T07:09:59.999000+00:00,99.7197147935774,101.04172164812077,98.60920553620629,100.40017440220464,140.0288677045166,10799.896674831154,1913
2026-01-07T07:10:00+00:00,2026-01-07T07:14:59.999000+00:00,100.40017440220464,103.47121696213274,99.37556794787758,102.85359559745753,117.31311970062171,14213.276685912057,1914
2026-01-07T07:15:00+00:00,2026-01-07T07:19:59.999000+00:00,102.85359559745753,105.55048235054888,101.48602746483611,104.82469518042618,131.9226972403853,12715.02614417512,1915
2026-01-07T07:20:00+00:00,2026-01-07T07:24:59.999000+00:00,104.82469518042618,108.72844021234216,104.14593879541371,106.97006407748219,136.85259991163173,12795.134553648919,1916
2026-01-07T07:25:00+00:00,2026-01-07T07:29:59.999000+00:00,106.97006407748219,108.99004436453525,105.71247935984823,108.30819033436092,106.73095221641363,15181.060581924341,1917
2026-01-07T07:30:00+00:00,2026-01-07T07:34:59.999000+00:00,108.30819033436092,111.61513217696866,107.6372547229122,109.81603112186195,126.92706667894983,12273.206691946347,1918
2026-01-07T07:35:00+00:00,2026-01-07T07:39:59.999000+00:00,109.81603112186195,112.08794609929859,108.43356828781202,110.64786521618429,108.07568845458181,11940.952462659781,1919
2026-01-07T07:40:00+00:00,2026-01-07T07:44:59.999000+00:00,110.64786521618429,111.91273499862449,108.97048262133048,110.44547909049778,110.54762486449725,16285.481526264079,1920
2026-01-07T07:45:00+00:00,2026-01-07T07:49:59.999000+00:00,110.44547909049778,111.81898663265191,108.83606014067641,110.20734116725252,120.67349660881892,14113.008631761764,1921
2026-01-07T07:50:00+00:00,2026-01-07T07:54:59.999000+00:00,110.20734116725252,110.85600937705867,108.68669370132687,110.13167153275859,111.78070348664059,12380.573141910123,1922
2026-01-07T07:55:00+00:00,2026-01-07T07:59:59.999000+00:00,110.13167153275859,111.23656289199054,106.59157415823152,107.955225426987,142.04637053341844,14943.127431476787,1923
2026-01-07T08:00:00+00:00,2026-01-07T08:04:59.999000+00:00,107.955225426987,109.19537769544634,105.6387442580015,106.97152687637225,122.66608891287665,11321.052552744159,1924
2026-01-07T08:05:00+00:00,2026-01-07T08:09:59.999000+00:00,106.97152687637225,107.91807474648728,104.13361626914983,105.75412063503987,111.11993784729196,15809.53296618292,1925
2026-01-07T08:10:00+00:00,2026-01-07T08:14:59.999000+00:00,105.75412063503987,107.28446031439393,104.15545610106827,104.77555331166579,104.01208998935394,11928.36979916868,1926
2026-01-07T08:15:00+00:00,2026-01-07T08:19:59.999000+00:00,104.77555331166579,105.76977291780577,102.12908002213729,103.4304935426981,105.82032803036392,10372.213209283784,1927
2026-01-07T08:20:00+00:00,2026-01-07T08:24:59.999000+00:00,103.4304935426981,104.32349726114478,100.86589335304747,102.47277935715758,101.90200354325103,13746.377066761484,1928
2026-01-07T08:25:00+00:00,2026-01-07T08:29:59.999000+00:00,102.47277935715758,103.64991736766768,101.51139485965031,102.73265697457516,111.95676292753289,15053.78973215543,1929
2026-01-07T08:30:00+00:00,2026-01-07T08:34:59.999000+00:00,102.73265697457516,103.26235421867082,101.47374986889992,102.14524029183251,125.57798646397744,14928.668384518132,1930
2026-01-07T08:35:00+00:00,2026-01-07T08:39:59.999000+00:00,102.14524029183251,102.95104999121362,100.98192540221335,101.68008250061165,149.4365074409278,12671.544757113226,1931
2026-01-07T08:40:00+00:00,2026-01-07T08:44:59.999000+00:00,101.68008250061165,102.77082359129756,99.97904156261623,101.81034540613263,133.80829802435335,12476.555589546182,1932
2026-01-07T08:45:00+00:00,2026-01-07T08:49:59.999000+00:00,101.81034540613263,103.10732670417866,100.0831697626439,101.86813184436028,121.23551453198462,11435.49724398929,1933
2026-01-07T08:50:00+00:00,2026-01-07T08:54:59.999000+00:00,101.86813184436028,103.43796806458553,101.10564452689152,102.16254615322791,105.37652949958714,14284.30494056295,1934
2026-01-07T08:55:00+00:00,2026-01-07T08:59:59.999000+00:00,102.16254615322791,103.99509641741058,101.45971447070912,102.85020749146769,101.4988076310816,14456.997120035741,1935
2026-01-07T09:00:00+00:00,2026-01-07T09:04:59.999000+00:00,102.85020749146769,104.05152568215637,101.32908492705768,102.16120584251235,113.21536823002285,14042.064065835146,1936
2026-01-07T09:05:00+00:00,2026-01-07T09:09:59.999000+00:00,102.16120584251235,103.24131464007044,100.71048045508815,101.39506974094299,129.81672094866366,13151.062588624389,1937
2026-01-07T09:10:00+00:00,2026-01-07T09:14:59.999000+00:00,101.39506974094299,102.4896352973435,97.84165486087797,98.8837333459085,116.2952408343408,10400.109201417112,1938
2026-01-07T09:15:00+00:00,2026-01-07T09:19:59.999000+00:00,98.8837333459085,100.58287337354578,97.53673499578608,98.36170687768626,126.06973190832618,14295.628137403022,1939
2026-01-07T09:20:00+00:00,2026-01-07T09:24:59.999000+00:00,98.36170687768626,99.26030142616533,95.2994936950871,96.23748207023165,136.35363398902643,14268.55864781913,1940
2026-01-07T09:25:00+00:00,2026-01-07T09:29:59.999000+00:00,96.23748207023165,97.72236472903322,92.81587622430054,93.39143126149916,137.3838676186325,11130.537174890942,1941
2026-01-07T09:30:00+00:00,2026-01-07T09:34:59.999000+00:00,93.39143126149916,94.95661638741672,90.85904765610704,92.48808169408267,146.61557240516453,9423.990873030149,1942
2026-01-07T09:35:00+00:00,2026-01-07T09:39:59.999000+00:00,92.48808169408267,93.09916849667802,89.28303135442334,90.90783539005434,142.6457094229053,10219.165211461606,1943
2026-01-07T09:40:00+00:00,2026-01-07T09:44:59.999000+00:00,90.90783539005434,91.47265015571205,89.04351708937743,90.48507075182695,126.97212028169325,9241.67118874454,1944
2026-01-07T09:45:00+00:00,2026-01-07T09:49:59.999000+00:00,90.48507075182695,91.2572186387409,88.5593959382406,89.43142489434773,110.60295081011577,12723.152159920706,1945
2026-01-07T09:50:00+00:00,2026-01-07T09:54:59.999000+00:00,89.43142489434773,90.43500542060627,87.62761787095029,89.36264041969385,126.82250588570307,12632.628507114838,1946
2026-01-07T09:55:00+00:00,2026-01-07T09:59:59.999000+00:00,89.36264041969385,91.06577588228537,88.68507835476127,90.54511785792009,112.20097529223713,10808.376965787413,1947
2026-01-07T10:00:00+00:00,2026-01-07T10:04:59.999000+00:00,90.54511785792009,91.15544905264535,88.80765672921746,90.63193216901367,134.27359790091577,12943.770393865327,1948
2026-01-07T10:05:00+00:00,2026-01-07T10:09:59.999000+00:00,90.63193216901367,92.80464092097154,89.23608051387285,91.68354233928966,147.57947258955866,11112.632873785495,1949
2026-01-07T10:10:00+00:00,2026-01-07T10:14:59.999000+00:00,91.68354233928966,94.71393831252996,90.96795856390409,93.1123821387211,139.51363675986818,12811.66386433353,1950
2026-01-07T10:15:00+00:00,2026-01-07T10:19:59.999000+00:00,93.1123821387211,95.74400295649443,92.58674335852908,94.19909085354713,130.0349967094375,10065.281630489673,1951
2026-01-07T10:20:00+00:00,2026-01-07T10:24:59.999000+00:00,94.19909085354713,97.43672434681282,93.29748177467395,95.77748562149891,140.19767090815938,12265.57451046075,1952
2026-01-07T10:25:00+00:00,2026-01-07T10:29:59.999000+00:00,95.77748562149891,98.2077109351264,94.25131026830188,96.93327947209599,149.13041465970855,11732.299856201198,1953
2026-01-07T10:30:00+00:00,2026-01-07T10:34:59.999000+00:00,96.93327947209599,98.07153639142557,95.93899575085712,97.19357740745559,140.7021701908679,13273.94825527097,1954
2026-01-07T10:35:00+00:00,2026-01-07T10:39:59.999000+00:00,97.19357740745559,99.28574407666008,96.44029566455204,98.36570656878699,129.13326089831236,11601.39107129486,1955
2026-01-07T10:40:00+00:00,2026-01-07T10:44:59.999000+00:00,98.36570656878699,99.2979771145813,97.33431646932335,98.01368400470258,145.02177307316433,12247.646763827377,1956
2026-01-07T10:45:00+00:00,2026-01-07T10:49:59.999000+00:00,98.01368400470258,99.30797528912906,97.46822437586091,98.23094784454631,145.36140264161952,10446.714631089102,1957
2026-01-07T10:50:00+00:00,2026-01-07T10:54:59.999000+00:00,98.23094784454631,99.95920778721843,97.4401347435801,98.43070243544143,143.4016761303145,11371.200540773249,1958
2026-01-07T10:55:00+00:00,2026-01-07T10:59:59.999000+00:00,98.43070243544143,99.52408366981544,95.87022591060486,97.66147404027245,148.92393708338736,9867.441012420546,1959
2026-01-07T11:00:00+00:00,2026-01-07T11:04:59.999000+00:00,97.66147404027245,98.96359732547826,96.20992735388137,97.06895880492726,138.38215564987223,12821.052757895182,1960
2026-01-07T11:05:00+00:00,2026-01-07T11:09:59.999000+00:00,97.06895880492726,98.39264608632834,95.99988590133287,97.54312974493777,127.94139755717532,13432.675726163729,1961
2026-01-07T11:10:00+00:00,2026-01-07T11:14:59.999000+00:00,97.54312974493777,100.07835545337458,96.44991610679266,98.38722590173657,143.77573682634596,14159.779660060198,1962
2026-01-07T11:15:00+00:00,2026-01-07T11:19:59.999000+00:00,98.38722590173657,101.39967274021497,97.78054215529998,99.74068198182793,130.9570571573297,14832.97351436624,1963
2026-01-07T11:20:00+00:00,2026-01-07T11:24:59.999000+00:00,99.74068198182793,102.41846309020289,98.49161784629152,101.636700768102,135.35431770201595,10751.719873770797,1964
2026-01-07T11:25:00+00:00,2026-01-07T11:29:59.999000+00:00,101.636700768102,104.50191346410335,100.2848196533559,103.93684462730684,107.64662053332414,14612.830585972086,1965
2026-01-07T11:30:00+00:00,2026-01-07T11:34:59.999000+00:00,103.93684462730684,107.69321531719564,103.03576240750002,106.19465838923489,122.44581142935249,11978.976239814318,1966
2026-01-07T11:35:00+00:00,2026-01-07T11:39:59.999000+00:00,106.19465838923489,108.90006769537469,105.68827740626607,107.86848822813383,135.16006641454698,14786.7664776636,1967
2026-01-07T11:40:00+00:00,2026-01-07T11:44:59.999000+00:00,107.86848822813383,109.92284410566296,107.18927773870693,109.35029492497307,108.76754575081242,11355.157633163903,1968
2026-01-07T11:45:00+00:00,2026-01-07T11:49:59.999000+00:00,109.35029492497307,111.03962945742512,107.64038200749873,109.16031035438081,107.32973665445289,12755.465406328469,1969
2026-01-07T11:50:00+00:00,2026-01-07T11:54:59.999000+00:00,109.16031035438081,111.2327361989537,108.03650880873934,110.28285689662862,121.80562346855933,12141.692776051103,1970
2026-01-07T11:55:00+00:00,2026-01-07T11:59:59.999000+00:00,110.28285689662862,111.56762673974345,109.36982897862009,110.44634221997885,149.91330340371087,12877.291222488362,1971
2026-01-07T12:00:00+00:00,2026-01-07T12:04:59.999000+00:00,110.44634221997885,112.00408450558245,108.84168385160991,110.36217282338633,113.74053619589677,16358.112471742517,1972
2026-01-07T12:05:00+00:00,2026-01-07T12:09:59.999000+00:00,110.36217282338633,111.52282662185283,108.09151046375476,109.73899082089817,149.2989629149955,13743.839557166457,1973
2026-01-07T12:10:00+00:00,2026-01-07T12:14:59.999000+00:00,109.73899082089817,110.45906260798999,107.91505464213081,108.50896676104395,103.44582533800299,11973.85707531816,1974
2026-01-07T12:15:00+00:00,2026-01-07T12:19:59.999000+00:00,108.50896676104395,109.19907747351468,107.07834678186674,107.9110002002868,102.12327597616498,15585.275073061648,1975
2026-01-07T12:20:00+00:00,2026-01-07T12:24:59.999000+00:00,107.9110002002868,109.14294661343746,105.40481996276334,106.02150803602039,111.5482532509872,14117.206991610989,1976
2026-01-07T12:25:00+00:00,2026-01-07T12:29:59.999000+00:00,106.02150803602039,106.71702772965112,103.49455079276876,104.13257528779454,110.24325771416756,13122.065311758111,1977
2026-01-07T12:30:00+00:00,2026-01-07T12:34:59.999000+00:00,104.13257528779454,105.50934343119886,101.61915795763227,103.14701961652712,146.4312250691602,11598.09938565633,1978
2026-01-07T12:35:00+00:00,2026-01-07T12:39:59.999000+00:00,103.14701961652712,104.79057999625032,101.81353669847144,102.47200951268059,127.13775750458217,13150.34803464561,1979
2026-01-07T12:40:00+00:00,2026-01-07T12:44:59.999000+00:00,102.47200951268059,103.53491307872079,99.66117752582804,101.27152203405774,110.92720193976642,14251.122591336833,1980
2026-01-07T12:45:00+00:00,2026-01-07T12:49:59.999000+00:00,101.27152203405774,101.95945163188996,99.33702979680429,100.97079070954877,117.0206592671068,12923.883965746154,1981
2026-01-07T12:50:00+00:00,2026-01-07T12:54:59.999000+00:00,100.97079070954877,102.57359519044516,99.7582958189671,101.34738008613175,132.2777166381362,11396.142641511595,1982
2026-01-07T12:55:00+00:00,2026-01-07T12:59:59.999000+00:00,101.34738008613175,103.35715597588279,99.57253615006053,101.81368116058478,125.25413796509102,10543.066086472296,1983
2026-01-07T13:00:00+00:00,2026-01-07T13:04:59.999000+00:00,101.81368116058478,102.95265707642777,100.65664910541142,102.32752334167485,139.2430315046817,13569.913372339483,1984
2026-01-07T13:05:00+00:00,2026-01-07T13:09:59.999000+00:00,102.32752334167485,103.50221662453903,100.74569023484175,101.31930475842412,103.80229966575703,10983.138257917477,1985
2026-01-07T13:10:00+00:00,2026-01-07T13:14:59.999000+00:00,101.31930475842412,104.00374553741591,100.70967461929759,102.26108081570943,114.82775626180006,13035.032014848279,1986
2026-01-07T13:15:00+00:00,2026-01-07T13:19:59.999000+00:00,102.26108081570943,103.08130109240962,99.46816398709645,100.81280319658087,125.40043425821582,13445.196341520492,1987
2026-01-07T13:20:00+00:00,2026-01-07T13:24:59.999000+00:00,100.81280319658087,101.96481013931782,99.78435926979682,100.65826795028354,137.67094471037254,13596.088819525075,1988
2026-01-07T13:25:00+00:00,2026-01-07T13:29:59.999000+00:00,100.65826795028354,101.71170136194635,97.58466123110959,98.09441547394621,129.58765905394978,11947.905081149735,1989
2026-01-07T13:30:00+00:00,2026-01-07T13:34:59.999000+00:00,98.09441547394621,99.37825300205775,96.53806510890281,97.1030192260267,147.12495594594202,11712.712515408815,1990
2026-01-07T13:35:00+00:00,2026-01-07T13:39:59.999000+00:00,97.1030192260267,97.71173157565289,93.67938490594385,95.45594138431551,115.87566140452415,9656.833253689867,1991
2026-01-07T13:40:00+00:00,2026-01-07T13:44:59.999000+00:00,95.45594138431551,96.89866846061852,92.13183126091218,92.78065634580342,145.41754153885904,12333.586379464636,1992
2026-01-07T13:45:00+00:00,2026-01-07T13:49:59.999000+00:00,92.78065634580342,93.91943171437438,91.51105430988812,92.50498305176674,124.5964818290885,12122.687629794855,1993
2026-01-07T13:50:00+00:00,2026-01-07T13:54:59.999000+00:00,92.50498305176674,93.93872838710077,88.84269707961738,90.05200628646297,139.97385567337122,12463.611255503825,1994
2026-01-07T13:55:00+00:00,2026-01-07T13:59:59.999000+00:00,90.05200628646297,90.67937552680633,87.45685696370772,88.81181327220287,146.22765348000624,10790.980725391115,1995
2026-01-07T14:00:00+00:00,2026-01-07T14:04:59.999000+00:00,88.81181327220287,89.94926764440494,87.1382878624195,88.69399818856022,124.54534417849601,10542.281617552468,1996
2026-01-07T14:05:00+00:00,2026-01-07T14:09:59.999000+00:00,88.69399818856022,90.56981315054388,87.12087124398333,89.47698444542763,102.96085247615943,13229.436395471072,1997
2026-01-07T14:10:00+00:00,2026-01-07T14:14:59.999000+00:00,89.47698444542763,91.62456990097002,87.83842089340695,90.6353457637629,139.67028613115428,13428.578598375138,1998
2026-01-07T14:15:00+00:00,2026-01-07T14:19:59.999000+00:00,90.6353457637629,91.23059638897075,89.289040357362,90.61455412482395,123.35581638324607,9803.906690999424,1999
2026-01-07T14:20:00+00:00,2026-01-07T14:24:59.999000+00:00,90.61455412482395,93.64349994346439,89.65808706945799,93.00574015771339,122.22471395508437,10211.424232411786,2000
2026-01-07T14:25:00+00:00,2026-01-07T14:29:59.999000+00:00,93.00574015771339,95.26710401000739,91.68188320988496,94.25319208825117,120.10678996186424,10625.101655095219,2001
2026-01-07T14:30:00+00:00,2026-01-07T14:34:59.999000+00:00,94.25319208825117,96.76611871826084,93.00516700425696,95.09054988465243,110.98171528754287,14103.145012529989,2002
2026-01-07T14:35:00+00:00,2026-01-07T14:39:59.999000+00:00,95.09054988465243,96.6865189404623,94.51042113856094,96.00961823929651,146.29091801145339,13164.012952348547,2003
2026-01-07T14:40:00+00:00,2026-01-07T14:44:59.999000+00:00,96.00961823929651,99.0898354482784,94.2834712693936,97.80295813220165,121.30769176819182,10342.602067214495,2004
2026-01-07T14:45:00+00:00,2026-01-07T14:49:59.999000+00:00,97.80295813220165,98.39992645060603,97.11971583010018,97.70707072711659,106.24231973238916,12327.457926801306,2005
2026-01-07T14:50:00+00:00,2026-01-07T14:54:59.999000+00:00,97.70707072711659,99.64118281384651,97.02006456166251,98.76677897094237,112.41434487715202,11341.99816263076,2006
2026-01-07T14:55:00+00:00,2026-01-07T14:59:59.999000+00:00,98.76677897094237,100.41792284796287,96.88840195836832,97.9948409168972,137.09411914973143,12340.764436478266,2007
2026-01-07T15:00:00+00:00,2026-01-07T15:04:59.999000+00:00,97.9948409168972,99.47794163966523,97.11306686007381,98.58078420690481,107.48200308630194,12987.588648762961,2008
2026-01-07T15:05:00+00:00,2026-01-07T15:09:59.999000+00:00,98.58078420690481,100.02215221148248,96.67161526383856,97.78412037374584,111.47964776977925,10210.01213703174,2009
2026-01-07T15:10:00+00:00,2026-01-07T15:14:59.999000+00:00,97.78412037374584,100.1021016353227,96.2295428805591,98.4504994361638,121.85147352573125,13256.855661639042,2010
2026-01-07T15:15:00+00:00,2026-01-07T15:19:59.999000+00:00,98.4504994361638,100.14771283107382,97.73306288236088,98.70642139840864,112.39504629157145,10840.582714612852,2011
2026-01-07T15:20:00+00:00,2026-01-07T15:24:59.999000+00:00,98.70642139840864,99.53457094439736,97.25564525434277,98.77001813674126,122.1876223103431,13060.038757225473,2012
2026-01-07T15:25:00+00:00,2026-01-07T15:29:59.999000+00:00,98.77001813674126,101.15732651648563,97.59370383841507,100.34600238492803,120.87994681535936,12034.71323054402,2013
2026-01-07T15:30:00+00:00,2026-01-07T15:34:59.999000+00:00,100.34600238492803,102.95743982254653,99.25183504581548,101.85636161350742,139.55586802796736,14050.563557342773,2014
2026-01-07T15:35:00+00:00,2026-01-07T15:39:59.999000+00:00,101.85636161350742,103.44480769394968,100.9530816351709,102.7364838486427,148.84280531093964,14845.04723017961,2015
2026-01-07T15:40:00+00:00,2026-01-07T15:44:59.999000+00:00,102.7364838486427,105.9031115589795,101.10017049345983,104.55251213871315,147.41102222327356,10962.864354463309,2016
2026-01-07T15:45:00+00:00,2026-01-07T15:49:59.999000+00:00,104.55251213871315,106.16890048784528,102.97009642006698,105.40614004354408,119.4338025636214,10665.033190542594,2017
2026-01-07T15:50:00+00:00,2026-01-07T15:54:59.999000+00:00,105.40614004354408,109.24379041340778,104.46229571313431,108.21983757804152,110.36137682964903,15150.828320527415,2018
2026-01-07T15:55:00+00:00,2026-01-07T15:59:59.999000+00:00,108.21983757804152,109.80528966345585,107.7074061453425,109.25605453068209,113.64172232823735,13198.399480432141,2019
2026-01-07T16:00:00+00:00,2026-01-07T16:04:59.999000+00:00,109.25605453068209,112.49002989374317,108.05374261809884,110.92750735718073,135.53194023877953,16386.870079413573,2020
2026-01-07T16:05:00+00:00,2026-01-07T16:09:59.999000+00:00,110.92750735718073,112.55355135897362,110.23927158295052,111.19910125812734,148.47494942622723,11860.378167084598,2021
2026-01-07T16:10:00+00:00,2026-01-07T16:14:59.999000+00:00,111.19910125812734,111.96713571726335,109.89044795978705,111.35942381200957,148.733211803708,12905.204963816084,2022
2026-01-07T16:15:00+00:00,2026-01-07T16:19:59.999000+00:00,111.35942381200957,113.01968762930986,109.2914830824127,110.77073786609427,128.17782369169728,16503.89047504844,2023
2026-01-07T16:20:00+00:00,2026-01-07T16:24:59.999000+00:00,110.77073786609427,112.44059596099527,108.59856188441452,109.60809632324748,107.57971904458893,12904.159167812819,2024
2026-01-07T16:25:00+00:00,2026-01-07T16:29:59.999000+00:00,109.60809632324748,110.28407776346852,108.10047439553414,108.82387006802863,108.23313213704998,14774.746797073962,2025
2026-01-07T16:30:00+00:00,2026-01-07T16:34:59.999000+00:00,108.82387006802863,110.33276430193754,105.64090342967815,106.44301223652018,144.57607876240186,11482.416937867009,2026
2026-01-07T16:35:00+00:00,2026-01-07T16:39:59.999000+00:00,106.44301223652018,107.49883272346752,103.29096850776187,104.59479662051953,120.74841828973749,13707.369140246909,2027
2026-01-07T16:40:00+00:00,2026-01-07T16:44:59.999000+00:00,104.59479662051953,106.21760091439039,103.60858583599452,104.27681816999137,103.21257508671383,12655.770881164402,2028
2026-01-07T16:45:00+00:00,2026-01-07T16:49:59.999000+00:00,104.27681816999137,105.79285640643138,101.06013253689717,102.62582824276907,129.0897215852207,11800.323513568208,2029
2026-01-07T16:50:00+00:00,2026-01-07T16:54:59.999000+00:00,102.62582824276907,103.8545876493277,99.98119285651815,101.70251408612347,129.62405818990888,12824.235714561171,2030
2026-01-07T16:55:00+00:00,2026-01-07T16:59:59.999000+00:00,101.70251408612347,103.02316845478218,100.92416543601777,101.88752732419357,133.59097647527383,13000.734975060392,2031
2026-01-07T17:00:00+00:00,2026-01-07T17:04:59.999000+00:00,101.88752732419357,102.89092129266663,100.28363331984808,101.74921654461308,132.10824358908252,14308.444555516882,2032
2026-01-07T17:05:00+00:00,2026-01-07T17:09:59.999000+00:00,101.74921654461308,102.4068769719695,99.49140159158034,100.47962683867463,149.81969185798317,14302.466224390326,2033
2026-01-07T17:10:00+00:00,2026-01-07T17:14:59.999000+00:00,100.47962683867463,102.3067813125012,99.58705781650303,100.52544306424276,117.31237383980526,14336.300736802808,2034
2026-01-07T17:15:00+00:00,2026-01-07T17:19:59.999000+00:00,100.52544306424276,102.43509732273856,99.47862293397218,101.74083262161311,121.08222428502731,13835.312263493104,2035
2026-01-07T17:20:00+00:00,2026-01-07T17:24:59.999000+00:00,101.74083262161311,103.09072668912464,100.13188144110153,100.83207192019654,118.95298359415438,13395.771907853501,2036
2026-01-07T17:25:00+00:00,2026-01-07T17:29:59.999000+00:00,100.83207192019654,101.81253043399641,98.97830540531993,100.16350726272864,134.06419751272506,14784.27455881087,2037
2026-01-07T17:30:00+00:00,2026-01-07T17:34:59.999000+00:00,100.16350726272864,101.81714607575839,99.49217960466665,100.75819007526471,149.38247752363205,13682.619674932868,2038
2026-01-07T17:35:00+00:00,2026-01-07T17:39:59.999000+00:00,100.75819007526471,102.07345606642862,97.4941207022677,98.70131657019236,103.35052234900202,13423.608505335747,2039
2026-01-07T17:40:00+00:00,2026-01-07T17:44:59.999000+00:00,98.70131657019236,100.13787902439316,97.4791041030272,98.04032528788277,135.74045928777403,13790.918030878916,2040
2026-01-07T17:45:00+00:00,2026-01-07T17:49:59.999000+00:00,98.04032528788277,99.3024300434475,95.9202586905158,96.99908257698291,147.79087733034532,13475.556706828116,2041
2026-01-07T17:50:00+00:00,2026-01-07T17:54:59.999000+00:00,96.99908257698291,97.81306362392687,94.41023462494664,95.13842021977018,148.2193603892715,14034.526880594256,2042
2026-01-07T17:55:00+00:00,2026-01-07T17:59:59.999000+00:00,95.13842021977018,96.10926479395027,92.12056247889565,93.32372184514212,142.83900365874274,9349.08826174545,2043
2026-01-07T18:00:00+00:00,2026-01-07T18:04:59.999000+00:00,93.32372184514212,94.67741308177996,90.46800084810505,91.5577759082188,140.0348621559882,11362.876268374124,2044
2026-01-07T18:05:00+00:00,2026-01-07T18:09:59.999000+00:00,91.5577759082188,92.93083524610165,89.76505465226208,90.75769834500176,114.68066289795492,11060.467959579988,2045
2026-01-07T18:10:00+00:00,2026-01-07T18:14:59.999000+00:00,90.75769834500176,92.00529646621706,88.1201122350361,89.67330138057856,100.88417199367782,9645.77831934324,2046
2026-01-07T18:15:00+00:00,2026-01-07T18:19:59.999000+00:00,89.67330138057856,90.74516115550321,88.47306276823741,89.24451791567517,112.80544213341118,12370.70774771928,2047
2026-01-07T18:20:00+00:00,2026-01-07T18:24:59.999000+00:00,89.24451791567517,90.88449360135023,88.3211060593305,88.99762308468526,126.45021524992023,9765.892279718199,2048
2026-01-07T18:25:00+00:00,2026-01-07T18:29:59.999000+00:00,88.99762308468526,92.4284763690435,87.75975751381992,90.67475347920943,113.31039542199325,12180.373532458314,2049
2026-01-07T18:30:00+00:00,2026-01-07T18:34:59.999000+00:00,90.67475347920943,92.83863722742186,89.70607086563761,91.10453037609457,116.774787200331,13250.533763348429,2050
2026-01-07T18:35:00+00:00,2026-01-07T18:39:59.999000+00:00,91.10453037609457,94.39052910307787,89.66080673548653,93.50814562343456,108.17653449087791,13499.543379149452,2051
2026-01-07T18:40:00+00:00,2026-01-07T18:44:59.999000+00:00,93.50814562343456,95.22046423535932,92.65617264196233,93.4534734651055,122.7906860913529,11350.724394748444,2052
2026-01-07T18:45:00+00:00,2026-01-07T18:49:59.999000+00:00,93.4534734651055,97.15727726607416,92.14512277975787,95.67574935119694,141.8125744302609,13036.557863285294,2053
2026-01-07T18:50:00+00:00,2026-01-07T18:54:59.999000+00:00,95.67574935119694,97.67091600353919,94.9235449737018,96.89545765958671,138.1353483933786,10778.968126334388,2054
2026-01-07T18:55:00+00:00,2026-01-07T18:59:59.999000+00:00,96.89545765958671,98.79873882728269,95.79492885797296,97.53966657934458,106.24845305300532,14348.391826722296,2055
2026-01-07T19:00:00+00:00,2026-01-07T19:04:59.999000+00:00,97.53966657934458,100.12982470281426,96.90310855570476,98.44661553706419,131.99159214871693,11545.278565679992,2056
2026-01-07T19:05:00+00:00,2026-01-07T19:09:59.999000+00:00,98.44661553706419,99.65006537944853,97.34406428180505,98.7395387454408,111.96570577811282,13243.845621389042,2057
2026-01-07T19:10:00+00:00,2026-01-07T19:14:59.999000+00:00,98.7395387454408,101.17353959788879,97.78337305238084,99.47112430518908,138.99818828309355,14039.158986436965,2058
2026-01-07T19:15:00+00:00,2026-01-07T19:19:59.999000+00:00,99.47112430518908,100.43294864384781,97.73831306163181,98.73159172554934,126.11803521967997,12850.239334609543,2059
2026-01-07T19:20:00+00:00,2026-01-07T19:24:59.999000+00:00,98.73159172554934,100.42528567682811,97.22397876321597,99.12192155490615,133.28512365938377,13536.09274878171,2060
2026-01-07T19:25:00+00:00,2026-01-07T19:29:59.999000+00:00,99.12192155490615,100.57792750539396,98.1471182260115,98.80008101023284,133.47804495384355,12325.771943749882,2061
2026-01-07T19:30:00+00:00,2026-01-07T19:34:59.999000+00:00,98.80008101023284,100.7459689980975,97.01390844191738,99.27747332429081,131.08336700665316,13078.211313347949,2062
2026-01-07T19:35:00+00:00,2026-01-07T19:39:59.999000+00:00,99.27747332429081,99.93883620486407,98.38693473818873,99.36350952624305,106.53283774037659,10776.436292558777,2063
2026-01-07T19:40:00+00:00,2026-01-07T19:44:59.999000+00:00,99.36350952624305,101.39461861397774,98.29338442701518,99.96162270733075,107.45758408404166,14838.271375040027,2064
2026-01-07T19:45:00+00:00,2026-01-07T19:49:59.999000+00:00,99.96162270733075,102.87044058275251,98.43088378082872,101.26613015491809,136.031602821435,11071.064087884506,2065
2026-01-07T19:50:00+00:00,2026-01-07T19:54:59.999000+00:00,101.26613015491809,103.59960185152366,100.46543362451875,102.90698338025821,107.94814870819938,12764.089060315338,2066
2026-01-07T19:55:00+00:00,2026-01-07T19:59:59.999000+00:00,102.90698338025821,106.39147774272533,102.33491315146203,104.70907589062259,126.66981946804336,14567.697777586813,2067
2026-01-07T20:00:00+00:00,2026-01-07T20:04:59.999000+00:00,104.70907589062259,108.11134974881878,103.05340781447086,106.86695566693267,103.69295746736195,13812.213486870973,2068
2026-01-07T20:05:00+00:00,2026-01-07T20:09:59.999000+00:00,106.86695566693267,110.42621492414561,106.35759747863955,108.7839608796046,132.1758919608436,13493.749191706649,2069
2026-01-07T20:10:00+00:00,2026-01-07T20:14:59.999000+00:00,108.7839608796046,109.67421232245376,107.39017492366213,109.0115282794182,140.46789033412415,14067.939748553094,2070
2026-01-07T20:15:00+00:00,2026-01-07T20:19:59.999000+00:00,109.0115282794182,111.95133572333198,107.92923726429201,110.95597731318625,141.51619206107438,13327.813657678358,2071
2026-01-07T20:20:00+00:00,2026-01-07T20:24:59.999000+00:00,110.95597731318625,111.49675457194896,109.78028289425275,110.76867945952257,102.69576643738718,12799.854666263835,2072
2026-01-07T20:25:00+00:00,2026-01-07T20:29:59.999000+00:00,110.76867945952257,112.85866737381562,109.77088480120338,111.47620997007768,102.16648149486065,12912.861710663457,2073
2026-01-07T20:30:00+00:00,2026-01-07T20:34:59.999000+00:00,111.47620997007768,112.34600533485614,108.65168614470966,109.96556074811298,122.51261542810308,11725.596859307243,2074
2026-01-07T20:35:00+00:00,2026-01-07T20:39:59.999000+00:00,109.96556074811298,110.49363619176673,107.45528048152772,108.48209666863386,106.55348256670386,13903.147890626376,2075
2026-01-07T20:40:00+00:00,2026-01-07T20:44:59.999000+00:00,108.48209666863386,110.18272072243462,105.43630896691344,107.04126331995772,103.16204783995741,10757.253411410069,2076
2026-01-07T20:45:00+00:00,2026-01-07T20:49:59.999000+00:00,107.04126331995772,108.1534288541081,105.29955247763317,106.7355987677062,133.99629505904426,14337.885038696959,2077
2026-01-07T20:50:00+00:00,2026-01-07T20:54:59.999000+00:00,106.7355987677062,108.43222382973018,104.37840139525143,105.09082705514939,135.55375602121657,11381.194255595172,2078
2026-01-07T20:55:00+00:00,2026-01-07T20:59:59.999000+00:00,105.09082705514939,106.59036811721144,102.2205331427552,103.69077960212857,113.99100250629115,13212.436540646362,2079
2026-01-07T21:00:00+00:00,2026-01-07T21:04:59.999000+00:00,103.69077960212857,104.53655973253541,100.82696063191823,101.72324148809537,133.23569323269487,11823.243315659642,2080
2026-01-07T21:05:00+00:00,2026-01-07T21:09:59.999000+00:00,101.72324148809537,103.34620518731099,100.21268649880243,100.93908594675798,138.94259771824198,13111.246107834773,2081
2026-01-07T21:10:00+00:00,2026-01-07T21:14:59.999000+00:00,100.93908594675798,103.23630864850414,100.01153243994779,101.49033549197031,146.96584238867118,10400.791092786676,2082
2026-01-07T21:15:00+00:00,2026-01-07T21:19:59.999000+00:00,101.49033549197031,102.81668136364625,98.8238082317923,100.28840955967262,119.54471961271808,12536.169447768303,2083
2026-01-07T21:20:00+00:00,2026-01-07T21:24:59.999000+00:00,100.28840955967262,101.73765980416455,99.70121055398732,100.9901194002601,128.2788935292209,10711.281672658824,2084
2026-01-07T21:25:00+00:00,2026-01-07T21:29:59.999000+00:00,100.9901194002601,101.884706741428,99.08203988348879,100.76350955730868,107.49058281577236,14770.586044521076,2085
2026-01-07T21:30:00+00:00,2026-01-07T21:34:59.999000+00:00,100.76350955730868,101.91302079499914,98.29665225238205,99.93219762687127,133.00955701246875,10268.565569814666,2086
2026-01-07T21:35:00+00:00,2026-01-07T21:39:59.999000+00:00,99.93219762687127,102.1868927817327,99.3041247594845,100.76168978853495,134.47431510884476,11889.140628626277,2087
2026-01-07T21:40:00+00:00,2026-01-07T21:44:59.999000+00:00,100.76168978853495,102.48764913186821,99.45014646691253,100.19349592922495,106.48021100266021,12695.44735364558,2088
2026-01-07T21:45:00+00:00,2026-01-07T21:49:59.999000+00:00,100.19349592922495,100.7609287423488,98.77029151107402,99.87491209171021,113.71649643217197,11623.701594449038,2089
2026-01-07T21:50:00+00:00,2026-01-07T21:54:59.999000+00:00,99.87491209171021,101.51583610758043,97.90285124397563,99.03747635240451,107.30325561499815,12052.432464098723,2090
2026-01-07T21:55:00+00:00,2026-01-07T21:59:59.999000+00:00,99.03747635240451,100.61880702257649,95.67845743538895,96.68662391772762,119.26380028665162,13147.865863597024,2091
2026-01-07T22:00:00+00:00,2026-01-07T22:04:59.999000+00:00,96.68662391772762,97.30612874336825,95.32307887241811,96.25081069629799,137.78445607444618,11271.544698974114,2092
2026-01-07T22:05:00+00:00,2026-01-07T22:09:59.999000+00:00,96.25081069629799,97.93654612719304,91.71418836975036,93.40641723955464,113.6944099795226,10553.111320126296,2093
2026-01-07T22:10:00+00:00,2026-01-07T22:14:59.999000+00:00,93.40641723955464,94.04830789683069,91.33560719933764,92.54942617177934,136.9561046390803,12536.105246943564,2094
2026-01-07T22:15:00+00:00,2026-01-07T22:19:59.999000+00:00,92.54942617177934,93.43717836946851,90.5380222055683,91.41768763858246,125.1024381809376,11605.076468666397,2095
2026-01-07T22:20:00+00:00,2026-01-07T22:24:59.999000+00:00,91.41768763858246,92.98297426811486,87.2918460474144,89.0820739308481,130.14706346819466,11542.761117806445,2096
2026-01-07T22:25:00+00:00,2026-01-07T22:29:59.999000+00:00,89.0820739308481,90.08182249087291,87.4450497664919,88.54648228674111,114.46544802877857,10524.674515496688,2097
2026-01-07T22:30:00+00:00,2026-01-07T22:34:59.999000+00:00,88.54648228674111,90.76113242199224,87.64446638027876,88.97628016118934,146.30750015964293,12610.235682284458,2098
2026-01-07T22:35:00+00:00,2026-01-07T22:39:59.999000+00:00,88.97628016118934,91.1406111282293,88.34586713361072,89.38276691072609,100.95627429181705,10629.161553356998,2099
2026-01-07T22:40:00+00:00,2026-01-07T22:44:59.999000+00:00,89.38276691072609,91.41303610499331,88.3701007061621,89.64889075551994,149.8916534442271,13138.549075930247,2100
2026-01-07T22:45:00+00:00,2026-01-07T22:49:59.999000+00:00,89.64889075551994,91.98663080366777,89.06878705999605,91.11065870400856,145.01176601720897,10742.760364415777,2101
2026-01-07T22:50:00+00:00,2026-01-07T22:54:59.999000+00:00,91.11065870400856,93.22086972779609,89.8094679154201,92.43505130719903,130.18998211825487,11359.796223900394,2102
2026-01-07T22:55:00+00:00,2026-01-07T22:59:59.999000+00:00,92.43505130719903,96.09872490072429,90.8361489193246,95.49365564746633,120.38894654469296,12433.657020544433,2103
2026-01-07T23:00:00+00:00,2026-01-07T23:04:59.999000+00:00,95.49365564746633,98.03425031039765,94.61855524111144,97.03267477839678,144.1486779161393,10700.031985925609,2104
2026-01-07T23:05:00+00:00,2026-01-07T23:09:59.999000+00:00,97.03267477839678,97.79321571465103,95.26619704135557,97.00673563602625,145.1971759497016,10857.570974960181,2105
2026-01-07T23:10:00+00:00,2026-01-07T23:14:59.999000+00:00,97.00673563602625,99.86322685051024,96.21755276940564,98.95465461794142,147.67288415676646,12837.37538244934,2106
2026-01-07T23:15:00+00:00,2026-01-07T23:19:59.999000+00:00,98.95465461794142,100.3876290864615,97.25032562049967,99.67096231024566,119.01483675717841,10264.570444894407,2107
2026-01-07T23:20:00+00:00,2026-01-07T23:24:59.999000+00:00,99.67096231024566,101.81152972537647,97.99075977438376,100.36796382026697,130.17790679410746,11366.954746266063,2108
2026-01-07T23:25:00+00:00,2026-01-07T23:29:59.999000+00:00,100.36796382026697,101.79018719425984,98.33689416493372,99.47608425916309,109.26329716609115,14082.065852157222,2109
2026-01-07T23:30:00+00:00,2026-01-07T23:34:59.999000+00:00,99.47608425916309,100.41254697954577,98.48939332312783,99.02132244373274,149.71355880319598,11937.80465578006,2110
2026-01-07T23:35:00+00:00,2026-01-07T23:39:59.999000+00:00,99.02132244373274,100.65565447852029,97.8085186616727,99.21677743727437,127.59380284351252,12344.425326330806,2111
2026-01-07T23:40:00+00:00,2026-01-07T23:44:59.999000+00:00,99.21677743727437,101.15770599269442,98.53276592465988,99.9610709976621,149.2289642146583,13520.468825391614,2112
2026-01-07T23:45:00+00:00,2026-01-07T23:49:59.999000+00:00,99.9610709976621,101.91896933624565,98.43937239741437,100.1368296298654,114.62073227270764,14175.832557932243,2113
2026-01-07T23:50:00+00:00,2026-01-07T23:54:59.999000+00:00,100.1368296298654,101.56216919861643,98.90463807477252,100.32330784653512,104.13115315520453,12761.938797382429,2114
2026-01-07T23:55:00+00:00,2026-01-07T23:59:59.999000+00:00,100.32330784653512,103.32387151486525,99.57414170246783,101.76519705977466,129.29097456560078,11368.166767677998,2115
2026-01-08T00:00:00+00:00,2026-01-08T00:04:59.999000+00:00,101.76519705977466,103.43776193745083,100.15442744998684,102.27277493792982,112.73327180276418,14972.397241689087,2116
2026-01-08T00:05:00+00:00,2026-01-08T00:09:59.999000+00:00,102.27277493792982,104.95863377917351,101.19285981094211,104.09497978780311,149.3097342000907,14012.066257023851,2117
2026-01-08T00:10:00+00:00,2026-01-08T00:14:59.999000+00:00,104.09497978780311,106.44570670856442,103.46212155760746,105.1633138037164,105.98536087639536,14709.711057419783,2118
2026-01-08T00:15:00+00:00,2026-01-08T00:19:59.999000+00:00,105.1633138037164,108.1474174427833,104.46371953381433,107.5473419253612,139.39356089056184,13754.758658827794,2119
2026-01-08T00:20:00+00:00,2026-01-08T00:24:59.999000+00:00,107.5473419253612,110.1699137468462,106.04570565292602,108.5635282088882,146.24539813150898,13123.99846293131,2120
2026-01-08T00:25:00+00:00,2026-01-08T00:29:59.999000+00:00,108.5635282088882,110.71230614094961,106.87050575154242,109.55158928342236,127.76621105022784,12980.508771997875,2121
2026-01-08T00:30:00+00:00,2026-01-08T00:34:59.999000+00:00,109.55158928342236,112.03522226768972,108.84715829995879,111.1778217610014,136.34504581686525,13625.719719396659,2122
2026-01-08T00:35:00+00:00,2026-01-08T00:39:59.999000+00:00,111.1778217610014,112.39406585707292,109.75665937290123,110.9773063627768,127.0125409676604,15568.210935578596,2123
2026-01-08T00:40:00+00:00,2026-01-08T00:44:59.999000+00:00,110.9773063627768,112.28055475904216,109.78317345843946,111.38175329248953,135.13820346742355,13786.404124637476,2124
2026-01-08T00:45:00+00:00,2026-01-08T00:49:59.999000+00:00,111.38175329248953,112.22909115116055,108.50209968721015,109.8988114770234,124.85629806727462,14529.537483397493,2125
2026-01-08T00:50:00+00:00,2026-01-08T00:54:59.999000+00:00,109.8988114770234,110.85178204617823,107.62412854234162,109.27603268910018,129.70333651086395,13953.195302578073,2126
2026-01-08T00:55:00+00:00,2026-01-08T00:59:59.999000+00:00,109.27603268910018,110.43370002936443,106.4146903549673,107.91434040641134,110.5229276670696,15217.93237539228,2127
2026-01-08T01:00:00+00:00,2026-01-08T01:04:59.999000+00:00,107.91434040641134,109.14662916077447,104.40471267228193,105.51947114222037,118.37821246243487,13787.006191703678,2128
2026-01-08T01:05:00+00:00,2026-01-08T01:09:59.999000+00:00,105.51947114222037,106.96478710633218,102.26604020260352,103.55827792883825,115.07592963493579,12893.777514239013,2129
2026-01-08T01:10:00+00:00,2026-01-08T01:14:59.999000+00:00,103.55827792883825,104.50969126004173,101.03066918686004,102.04102859878266,148.06915094408197,14134.977705961806,2130
2026-01-08T01:15:00+00:00,2026-01-08T01:19:59.999000+00:00,102.04102859878266,102.62093099627475,100.52668547798271,101.90963271768821,103.06465051003335,14172.723825960715,2131
2026-01-08T01:20:00+00:00,2026-01-08T01:24:59.999000+00:00,101.90963271768821,102.9209908009767,98.86872810246759,99.88543117899574,110.42038186882435,10403.855003708159,2132
2026-01-08T01:25:00+00:00,2026-01-08T01:29:59.999000+00:00,99.88543117899574,100.43442998254567,98.0753603333653,99.66819281159457,130.0081020501056,12259.537290665772,2133
2026-01-08T01:30:00+00:00,2026-01-08T01:34:59.999000+00:00,99.66819281159457,101.00549139978854,98.31445850816952,100.12281895740605,109.39433170200917,13717.389428512382,2134
2026-01-08T01:35:00+00:00,2026-01-08T01:39:59.999000+00:00,100.12281895740605,101.52265448914189,98.91067197793248,99.74523903154694,113.58451732691611,12209.21593802232,2135
2026-01-08T01:40:00+00:00,2026-01-08T01:44:59.999000+00:00,99.74523903154694,102.25988630056418,99.11840353567737,100.47061723758277,147.8228993256942,10920.209877108615,2136
2026-01-08T01:45:00+00:00,2026-01-08T01:49:59.999000+00:00,100.47061723758277,101.34535142349606,99.661262837523,100.6236656036717,116.11380197555901,14585.198391983695,2137
2026-01-08T01:50:00+00:00,2026-01-08T01:54:59.999000+00:00,100.6236656036717,101.22932678723203,99.74335806223017,100.45220775412302,126.59671930761138,13183.404471723314,2138
2026-01-08T01:55:00+00:00,2026-01-08T01:59:59.999000+00:00,100.45220775412302,101.70808931183136,97.96994697088562,99.02090592679009,110.59970834381633,11732.570190496634,2139
2026-01-08T02:00:00+00:00,2026-01-08T02:04:59.999000+00:00,99.02090592679009,100.75883859465199,97.29453864516802,99.32120976931307,134.5404059200552,13556.211329781861,2140
2026-01-08T02:05:00+00:00,2026-01-08T02:09:59.999000+00:00,99.32120976931307,101.03678816047487,95.6221848255042,97.22065437295939,142.6915818392592,11723.7987509005,2141
2026-01-08T02:10:00+00:00,2026-01-08T02:14:59.999000+00:00,97.22065437295939,98.27051343269112,95.83184610819661,96.86747417418812,146.5511761826524,12146.182222885795,2142
2026-01-08T02:15:00+00:00,2026-01-08T02:19:59.999000+00:00,96.86747417418812,98.52341440144247,93.62550417149798,94.9686192108872,117.60564423358518,11622.846626663453,2143
2026-01-08T02:20:00+00:00,2026-01-08T02:24:59.999000+00:00,94.9686192108872,96.49864293004748,92.30274925206552,92.9919292080114,112.89927010811513,12849.399372361366,2144
2026-01-08T02:25:00+00:00,2026-01-08T02:29:59.999000+00:00,92.9919292080114,94.37018449046043,91.09941844245026,91.8882777078416,123.21520174699775,12684.184964510054,2145
2026-01-08T02:30:00+00:00,2026-01-08T02:34:59.999000+00:00,91.8882777078416,92.79485145806703,90.36997762043532,90.88239253752252,121.31967139811898,9233.306442503732,2146
2026-01-08T02:35:00+00:00,2026-01-08T02:39:59.999000+00:00,90.88239253752252,92.32717232330853,88.18947039432084,89.13858400392728,108.51879801907072,9808.946142941624,2147
2026-01-08T02:40:00+00:00,2026-01-08T02:44:59.999000+00:00,89.13858400392728,90.23750675423324,87.75526937305887,88.38031010070407,128.08110153926492,13189.376270976543,2148
2026-01-08T02:45:00+00:00,2026-01-08T02:49:59.999000+00:00,88.38031010070407,90.37824865046885,87.1809765505783,89.2310336338299,107.19041734519136,11751.95671445874,2149
2026-01-08T02:50:00+00:00,2026-01-08T02:54:59.999000+00:00,89.2310336338299,91.00104960982654,87.82105692065542,88.92926180194206,133.08079460792845,11639.219177987214,2150
2026-01-08T02:55:00+00:00,2026-01-08T02:59:59.999000+00:00,88.92926180194206,92.384044371336,88.030844511676,91.10657449960044,112.16853894438074,13067.86411148994,2151
2026-01-08T03:00:00+00:00,2026-01-08T03:04:59.999000+00:00,91.10657449960044,94.38709718296319,89.48474337884016,92.63998873007007,136.67904402746674,12459.300030676703,2152
2026-01-08T03:05:00+00:00,2026-01-08T03:09:59.999000+00:00,92.63998873007007,95.58633807785279,90.93555693450242,93.91861449282813,144.6617129985005,10625.005660860916,2153
2026-01-08T03:10:00+00:00,2026-01-08T03:14:59.999000+00:00,93.91861449282813,97.16225862518468,92.24379204750461,96.04270822048935,128.34980462182975,11140.84419662548,2154
2026-01-08T03:15:00+00:00,2026-01-08T03:19:59.999000+00:00,96.04270822048935,98.89756455188876,94.24912497140859,97.32411875002211,138.81364345218526,14091.562189367709,2155
2026-01-08T03:20:00+00:00,2026-01-08T03:24:59.999000+00:00,97.32411875002211,99.39397235785735,95.74120484220303,98.86393116205714,110.25540213829979,14280.769373617686,2156
2026-01-08T03:25:00+00:00,2026-01-08T03:29:59.999000+00:00,98.86393116205714,99.79143399351015,97.318718509499,98.53498509505067,125.79708755802965,12059.443313656247,2157
2026-01-08T03:30:00+00:00,2026-01-08T03:34:59.999000+00:00,98.53498509505067,100.88378621417705,96.93402714359071,99.63286895242835,140.73266145388456,12761.673645037865,2158
2026-01-08T03:35:00+00:00,2026-01-08T03:39:59.999000+00:00,99.63286895242835,101.91425095806076,98.6318032679248,101.00818889632413,111.79101158535099,10623.811805459343,2159
2026-01-08T03:40:00+00:00,2026-01-08T03:44:59.999000+00:00,101.00818889632413,101.69688735074938,98.61731634913613,99.77327312548658,142.14092706632556,10580.513423923465,2160
2026-01-08T03:45:00+00:00,2026-01-08T03:49:59.999000+00:00,99.77327312548658,101.7240856439139,98.79980351717815,100.08162600982324,128.58533803854897,12510.959709322275,2161
2026-01-08T03:50:00+00:00,2026-01-08T03:54:59.999000+00:00,100.08162600982324,100.88960479872127,98.42560452339887,100.22844642101794,124.63960125202271,11138.176519150085,2162
2026-01-08T03:55:00+00:00,2026-01-08T03:59:59.999000+00:00,100.22844642101794,102.371538582788,99.04320095868346,100.8325819405814,135.91010487229974,10304.400894164064,2163
2026-01-08T04:00:00+00:00,2026-01-08T04:04:59.999000+00:00,100.8325819405814,101.41074284538092,99.83445162114909,100.40950188857238,134.35936170132766,12025.424641894562,2164
2026-01-08T04:05:00+00:00,2026-01-08T04:09:59.999000+00:00,100.40950188857238,103.23210004044067,99.30903559971108,101.50964394820718,149.10438689918269,12767.571138241616,2165
2026-01-08T04:10:00+00:00,2026-01-08T04:14:59.999000+00:00,101.50964394820718,103.2709597452269,100.39673046634194,102.12918329371759,144.46080611940891,13491.734954328456,2166
2026-01-08T04:15:00+00:00,2026-01-08T04:19:59.999000+00:00,102.12918329371759,104.4941612144086,101.60299502962553,102.82045034873373,121.90832184733878,11257.538430235614,2167
2026-01-08T04:20:00+00:00,2026-01-08T04:24:59.999000+00:00,102.82045034873373,105.74526255728013,101.76137101278213,105.01985151311554,137.94158862356045,11983.79251327297,2168
2026-01-08T04:25:00+00:00,2026-01-08T04:29:59.999000+00:00,105.01985151311554,107.05462061501177,104.09243269765496,105.91444652028112,115.77618827673808,11138.160788753596,2169
2026-01-08T04:30:00+00:00,2026-01-08T04:34:59.999000+00:00,105.91444652028112,108.67632975506022,105.2507695618636,107.75148752002593,103.67845483089322,16089.070139656164,2170
2026-01-08T04:35:00+00:00,2026-01-08T04:39:59.999000+00:00,107.75148752002593,110.12592182684573,106.94161599547884,108.49879255078783,126.2311514790377,11129.643768905638,2171
2026-01-08T04:40:00+00:00,2026-01-08T04:44:59.999000+00:00,108.49879255078783,110.98197141382155,107.54112746064982,109.51139572825497,102.67389228726465,11692.021430420566,2172
2026-01-08T04:45:00+00:00,2026-01-08T04:49:59.999000+00:00,109.51139572825497,112.02448773649887,107.79991842908444,110.5342278004039,112.59190214280817,11749.986153626316,2173
2026-01-08T04:50:00+00:00,2026-01-08T04:54:59.999000+00:00,110.5342278004039,113.57894951849332,109.04412201052868,111.77976194250054,146.28735350069707,15383.810913725765,2174
2026-01-08T04:55:00+00:00,2026-01-08T04:59:59.999000+00:00,111.77976194250054,113.02837088739658,109.89757706546482,111.27556369874264,115.79705080141792,13514.897019865019,2175
2026-01-08T05:00:00+00:00,2026-01-08T05:04:59.999000+00:00,111.27556369874264,112.03718763537023,109.26279351294349,110.09703276411469,116.87217847458797,15665.471123349795,2176
2026-01-08T05:05:00+00:00,2026-01-08T05:09:59.999000+00:00,110.09703276411469,110.79277219432319,108.69628807873467,109.24327718579298,149.89809072142688,13486.500429846688,2177
2026-01-08T05:10:00+00:00,2026-01-08T05:14:59.999000+00:00,109.24327718579298,110.02147690801674,104.84839228900596,106.64540352908433,132.50513477003344,12820.669019601746,2178
2026-01-08T05:15:00+00:00,2026-01-08T05:19:59.999000+00:00,106.64540352908433,107.70385004130026,104.02489772422375,105.20625657499173,124.90567908365159,12099.073294688536,2179
2026-01-08T05:20:00+00:00,2026-01-08T05:24:59.999000+00:00,105.20625657499173,106.84360622249152,101.6798747690425,103.24312104405011,101.71074278304144,12210.398949550317,2180
2026-01-08T05:25:00+00:00,2026-01-08T05:29:59.999000+00:00,103.24312104405011,104.56271660256354,102.16860274605136,102.68692195321933,118.2238980507374,13339.56636898405,2181
2026-01-08T05:30:00+00:00,2026-01-08T05:34:59.999000+00:00,102.68692195321933,104.03296510324988,99.47428795813774,100.13663329761363,143.5282418298745,10595.067314060303,2182
2026-01-08T05:35:00+00:00,2026-01-08T05:39:59.999000+00:00,100.13663329761363,101.15857372733198,98.26434573673394,99.38136819915576,117.45332184470804,11014.960015621142,2183
2026-01-08T05:40:00+00:00,2026-01-08T05:44:59.999000+00:00,99.38136819915576,100.56249613018576,97.8959348524215,98.92303417302792,137.47708493839417,11328.903665353193,2184
2026-01-08T05:45:00+00:00,2026-01-08T05:49:59.999000+00:00,98.92303417302792,99.6445363580133,97.06805022161232,98.84415030020708,110.79147745771628,11374.479955677176,2185
2026-01-08T05:50:00+00:00,2026-01-08T05:54:59.999000+00:00,98.84415030020708,101.21095612319493,98.0270954275998,99.94313618933063,108.4985521480233,10465.982035174966,2186
2026-01-08T05:55:00+00:00,2026-01-08T05:59:59.999000+00:00,99.94313618933063,101.53679142988511,98.83335081706976,99.4537180937291,130.6014890380087,14568.367177464106,2187
2026-01-08T06:00:00+00:00,2026-01-08T06:04:59.999000+00:00,99.4537180937291,100.6519713679255,98.26901444486627,99.64017423263755,101.23358752728772,13096.858598250203,2188
2026-01-08T06:05:00+00:00,2026-01-08T06:09:59.999000+00:00,99.64017423263755,100.85021023554177,98.44859568793338,99.0475265710488,101.91121314631607,13879.677146512702,2189
2026-01-08T06:10:00+00:00,2026-01-08T06:14:59.999000+00:00,99.0475265710488,100.99742420811414,97.44283451736835,99.54938439882183,114.49646470043908,11020.219331876666,2190
2026-01-08T06:15:00+00:00,2026-01-08T06:19:59.999000+00:00,99.54938439882183,100.10047291619708,96.90092642055417,98.57485592144792,126.93919957098808,13078.049964043179,2191
2026-01-08T06:20:00+00:00,2026-01-08T06:24:59.999000+00:00,98.57485592144792,100.14101334335113,96.5612535104849,97.83092538616022,120.86618056195742,13752.553359878684,2192
2026-01-08T06:25:00+00:00,2026-01-08T06:29:59.999000+00:00,97.83092538616022,98.57021705618178,95.31988444225523,96.2593250849424,114.26337934176098,12221.237778459048,2193
2026-01-08T06:30:00+00:00,2026-01-08T06:34:59.999000+00:00,96.2593250849424,97.21651873427292,93.18312170012543,94.83629990677818,112.0184973372126,13308.754034871761,2194
2026-01-08T06:35:00+00:00,2026-01-08T06:39:59.999000+00:00,94.83629990677818,95.67761066483251,92.0090391883025,92.5095620103574,127.9047898439286,11817.582899495412,2195
2026-01-08T06:40:00+00:00,2026-01-08T06:44:59.999000+00:00,92.5095620103574,94.21747733056084,90.87876149387559,92.07558543286864,104.83547979203166,13498.063206231256,2196
2026-01-08T06:45:00+00:00,2026-01-08T06:49:59.999000+00:00,92.07558543286864,93.24708885035179,89.19529889650589,90.90840540593328,121.10913776867883,13119.456329502726,2197
2026-01-08T06:50:00+00:00,2026-01-08T06:54:59.999000+00:00,90.90840540593328,91.576997358357,87.65819430257929,89.366667574498,119.38058619040899,11582.849074986028,2198
2026-01-08T06:55:00+00:00,2026-01-08T06:59:59.999000+00:00,89.366667574498,90.08625787625472,87.025533873264,88.80457445527736,121.30107754352726,11505.683826343204,2199
2026-01-08T07:00:00+00:00,2026-01-08T07:04:59.999000+00:00,88.80457445527736,90.34361983024321,88.1337667123207,89.69040991135564,149.67347782902922,10336.25639029784,2200
2026-01-08T07:05:00+00:00,2026-01-08T07:09:59.999000+00:00,89.69040991135564,90.2062184742746,88.3665975325091,89.60359962024526,109.91439665423536,13345.009314284913,2201
2026-01-08T07:10:00+00:00,2026-01-08T07:14:59.999000+00:00,89.60359962024526,92.40723515305058,88.90261497666016,91.40825793284071,122.5710604069046,10552.844174305323,2202
2026-01-08T07:15:00+00:00,2026-01-08T07:19:59.999000+00:00,91.40825793284071,93.53477030305093,90.4932723350797,92.15021443954653,110.8180177957377,9227.934412105828,2203
2026-01-08T07:20:00+00:00,2026-01-08T07:24:59.999000+00:00,92.15021443954653,94.60154935622695,90.39628971456025,93.74185858722618,138.39561406306086,13478.394409302406,2204
2026-01-08T07:25:00+00:00,2026-01-08T07:29:59.999000+00:00,93.74185858722618,96.47057503934145,92.68873436176528,95.74540385608434,102.70141571582997,10945.572332411763,2205
2026-01-08T07:30:00+00:00,2026-01-08T07:34:59.999000+00:00,95.74540385608434,97.40107742917745,94.21410820931932,96.8786593742055,108.21948865457748,10750.33346453065,2206
2026-01-08T07:35:00+00:00,2026-01-08T07:39:59.999000+00:00,96.8786593742055,99.46437314936786,96.27153003997331,98.58402385774238,115.39764973318685,12447.305638888987,2207
2026-01-08T07:40:00+00:00,2026-01-08T07:44:59.999000+00:00,98.58402385774238,101.73279479707011,97.66458247525703,100.12126547082885,136.31726704691107,11505.022355767744,2208
2026-01-08T07:45:00+00:00,2026-01-08T07:49:59.999000+00:00,100.12126547082885,101.26973201356026,99.28306665852666,100.13005590325855,104.51615933354155,10873.550051696451,2209
2026-01-08T07:50:00+00:00,2026-01-08T07:54:59.999000+00:00,100.13005590325855,101.9305841609856,99.26900607038016,100.57199987252355,119.35149179871703,13564.204739008814,2210
2026-01-08T07:55:00+00:00,2026-01-08T07:59:59.999000+00:00,100.57199987252355,101.56509413177388,100.02573416243905,100.61787257304205,100.34129027065623,14484.768075921282,2211
2026-01-08T08:00:00+00:00,2026-01-08T08:04:59.999000+00:00,100.61787257304205,102.147010161057,98.6116553527281,100.26150751814338,100.79978215382403,11781.72616323456,2212
2026-01-08T08:05:00+00:00,2026-01-08T08:09:59.999000+00:00,100.26150751814338,101.80862035095805,98.6521047224334,100.2013430457671,126.44695136171538,12983.379146074012,2213
2026-01-08T08:10:00+00:00,2026-01-08T08:14:59.999000+00:00,100.2013430457671,102.39644561518817,99.647494889401,100.62781483276656,125.49525845881561,12678.911589013702,2214
2026-01-08T08:15:00+00:00,2026-01-08T08:19:59.999000+00:00,100.62781483276656,101.90031085594794,99.62653240637533,100.28390194954152,117.77426348488287,11973.660972740678,2215
2026-01-08T08:20:00+00:00,2026-01-08T08:24:59.999000+00:00,100.28390194954152,102.84493108146539,99.16379333764654,101.45830645101131,113.34333291686617,13827.232026075717,2216
2026-01-08T08:25:00+00:00,2026-01-08T08:29:59.999000+00:00,101.45830645101131,103.91507634213441,100.45587843552806,102.28100809395637,107.48129451820459,13030.165853005576,2217
2026-01-08T08:30:00+00:00,2026-01-08T08:34:59.999000+00:00,102.28100809395637,104.61058186077253,100.86468128561683,103.5782763172775,110.34596888028419,11438.776141418768,2218
2026-01-08T08:35:00+00:00,2026-01-08T08:39:59.999000+00:00,103.5782763172775,107.4412436670612,101.81672050255317,105.7100203736259,106.74421130507328,12068.5713205085,2219
2026-01-08T08:40:00+00:00,2026-01-08T08:44:59.999000+00:00,105.7100203736259,107.15831795240935,104.68378400466966,106.13440348769203,148.34673900291557,11137.549225212875,2220
2026-01-08T08:45:00+00:00,2026-01-08T08:49:59.999000+00:00,106.13440348769203,109.52129063759327,105.26197053982595,108.44928719758332,123.61108807562186,12924.502397893437,2221
2026-01-08T08:50:00+00:00,2026-01-08T08:54:59.999000+00:00,108.44928719758332,110.89996755441382,107.16627314670527,109.84829765795027,133.3559721588084,12509.417121167442,2222
2026-01-08T08:55:00+00:00,2026-01-08T08:59:59.999000+00:00,109.84829765795027,111.74876041663973,108.43005934575538,110.25926481591901,113.7389894942696,16398.905739761693,2223
2026-01-08T09:00:00+00:00,2026-01-08T09:04:59.999000+00:00,110.25926481591901,112.37825128773076,109.35673766977472,111.30971321517845,144.1527234668958,13211.23304509243,2224
2026-01-08T09:05:00+00:00,2026-01-08T09:09:59.999000+00:00,111.30971321517845,112.66150325467775,108.94425102077058,110.51695921520273,110.64038770115572,12817.09746710289,2225
2026-01-08T09:10:00+00:00,2026-01-08T09:14:59.999000+00:00,110.51695921520273,112.12288408925409,109.4912243547663,110.66715907225391,127.38857290291178,12682.280011744047,2226
2026-01-08T09:15:00+00:00,2026-01-08T09:19:59.999000+00:00,110.66715907225391,112.14617894100796,108.55565212723351,109.36380326643511,105.34308843598258,14235.930326159436,2227
2026-01-08T09:20:00+00:00,2026-01-08T09:24:59.999000+00:00,109.36380326643511,111.00826693936395,106.04436818461751,107.34220937931997,141.5181714131652,11502.946923007457,2228
2026-01-08T09:25:00+00:00,2026-01-08T09:29:59.999000+00:00,107.34220937931997,108.39566700748534,104.80724531018629,105.88867036517644,141.49626108844734,10827.029924627637,2229
2026-01-08T09:30:00+00:00,2026-01-08T09:34:59.999000+00:00,105.88867036517644,106.7905349732352,103.71196713422815,104.45321485624335,127.84286164407627,15165.185178659225,2230
2026-01-08T09:35:00+00:00,2026-01-08T09:39:59.999000+00:00,104.45321485624335,105.94797595945715,102.12797760258579,103.35490208642327,104.4010209177901,11578.979825555361,2231
2026-01-08T09:40:00+00:00,2026-01-08T09:44:59.999000+00:00,103.35490208642327,104.58703764395139,100.58553242015363,101.30963029894919,136.22239020347655,15075.217765820664,2232
2026-01-08T09:45:00+00:00,2026-01-08T09:49:59.999000+00:00,101.30963029894919,102.34083057134762,98.06435817774864,99.76894624221268,138.94547597889135,14349.604240527084,2233
2026-01-08T09:50:00+00:00,2026-01-08T09:54:59.999000+00:00,99.76894624221268,101.10603351983997,98.27973230352545,99.80899730907768,143.11064436908316,14129.510796838264,2234
2026-01-08T09:55:00+00:00,2026-01-08T09:59:59.999000+00:00,99.80899730907768,101.39491280774457,97.47205509351431,98.66062082702771,108.2032041652594,10895.206100979292,2235
2026-01-08T10:00:00+00:00,2026-01-08T10:04:59.999000+00:00,98.66062082702771,99.51311344041765,97.44608816205375,98.48694332710545,121.92929094294014,10870.666649333129,2236
2026-01-08T10:05:00+00:00,2026-01-08T10:09:59.999000+00:00,98.48694332710545,100.35926637272708,97.6880603556164,99.21986422486408,109.64510081684978,11321.591807650238,2237
2026-01-08T10:10:00+00:00,2026-01-08T10:14:59.999000+00:00,99.21986422486408,100.51764535384888,97.09394752713696,98.50847395052143,131.39637167182408,11099.495728046939,2238
2026-01-08T10:15:00+00:00,2026-01-08T10:19:59.999000+00:00,98.50847395052143,99.02492904901798,96.96512072004516,98.32923162064239,122.44935832590008,14467.90094024315,2239
2026-01-08T10:20:00+00:00,2026-01-08T10:24:59.999000+00:00,98.32923162064239,98.8551257979436,97.34813644695915,98.10443590084593,131.3783972475603,14533.022307115456,2240
2026-01-08T10:25:00+00:00,2026-01-08T10:29:59.999000+00:00,98.10443590084593,100.13217713193936,96.68511456138414,98.83038681413692,113.7342462400435,11575.144967016175,2241
2026-01-08T10:30:00+00:00,2026-01-08T10:34:59.999000+00:00,98.83038681413692,100.44639894786619,95.69553424147949,97.1478292285027,104.13892728758367,11295.724272889103,2242
2026-01-08T10:35:00+00:00,2026-01-08T10:39:59.999000+00:00,97.1478292285027,97.73501588566148,96.07203232486638,97.11653822042575,139.95817906979295,13686.53619998641,2243
2026-01-08T10:40:00+00:00,2026-01-08T10:44:59.999000+00:00,97.11653822042575,98.43772176909702,95.40682975489403,96.10543141237558,121.38868513702036,11906.976105887317,2244
2026-01-08T10:45:00+00:00,2026-01-08T10:49:59.999000+00:00,96.10543141237558,96.91046849537413,93.0023241843257,93.96873712870321,144.11128737729604,12976.905447861303,2245
2026-01-08T10:50:00+00:00,2026-01-08T10:54:59.999000+00:00,93.96873712870321,94.9297215884074,92.04915235891323,92.84641900814538,103.0597631329778,12443.812213650559,2246
2026-01-08T10:55:00+00:00,2026-01-08T10:59:59.999000+00:00,92.84641900814538,93.97964485439371,90.61035347058635,91.3202523777305,100.65285897619574,9305.959245983695,2247
2026-01-08T11:00:00+00:00,2026-01-08T11:04:59.999000+00:00,91.3202523777305,92.0395996440668,88.01501188196674,89.48859546679796,109.35949583006747,9272.127423286998,2248
2026-01-08T11:05:00+00:00,2026-01-08T11:09:59.999000+00:00,89.48859546679796,90.97398950470054,88.53159252275115,89.88046478772064,125.29362409454899,12843.374473960153,2249
2026-01-08T11:10:00+00:00,2026-01-08T11:14:59.999000+00:00,89.88046478772064,90.57761215684671,87.79597478002584,89.11980637897572,133.78733281329747,10285.105696609962,2250
2026-01-08T11:15:00+00:00,2026-01-08T11:19:59.999000+00:00,89.11980637897572,91.05674833934086,88.61677325272079,89.72179984381455,139.84078221811495,10003.544639741498,2251
2026-01-08T11:20:00+00:00,2026-01-08T11:24:59.999000+00:00,89.72179984381455,91.3798529100438,88.59339465776509,89.61184417587343,133.13815830645683,10951.487423555225,2252
2026-01-08T11:25:00+00:00,2026-01-08T11:29:59.999000+00:00,89.61184417587343,93.3011402977531,87.86807054679095,92.08107631678686,145.49391596407793,13610.94212457314,2253
2026-01-08T11:30:00+00:00,2026-01-08T11:34:59.999000+00:00,92.08107631678686,93.9731364774164,91.42116778369298,93.44876964122058,145.17550185245327,11072.630575105617,2254
2026-01-08T11:35:00+00:00,2026-01-08T11:39:59.999000+00:00,93.44876964122058,96.24932151903799,92.80216720726241,94.57288716347942,138.63971246383483,13991.821365511545,2255
2026-01-08T11:40:00+00:00,2026-01-08T11:44:59.999000+00:00,94.57288716347942,98.05972555831276,94.05157714382655,96.987121306041,144.11942941214258,11496.049187585035,2256
2026-01-08T11:45:00+00:00,2026-01-08T11:49:59.999000+00:00,96.987121306041,100.21641165983041,96.02338162554595,98.65807050648606,135.086206118787,13514.258429407719,2257
2026-01-08T11:50:00+00:00,2026-01-08T11:54:59.999000+00:00,98.65807050648606,99.8952581665513,97.27857414484751,98.98589426264326,100.39477775479847,13352.98133774133,2258
2026-01-08T11:55:00+00:00,2026-01-08T11:59:59.999000+00:00,98.98589426264326,102.12030444673346,97.47653743725228,100.69752797246919,144.3503315945266,12555.782687159068,2259
2026-01-08T12:00:00+00:00,2026-01-08T12:04:59.999000+00:00,100.69752797246919,102.96642131846653,99.04963491699576,101.58469721495086,111.63882671624145,12562.711973285319,2260
2026-01-08T12:05:00+00:00,2026-01-08T12:09:59.999000+00:00,101.58469721495086,103.14175051061291,99.91027639980796,101.36901668897053,124.6577310025065,13341.73606343175,2261
2026-01-08T12:10:00+00:00,2026-01-08T12:14:59.999000+00:00,101.36901668897053,102.12979721281438,100.52934581365538,101.36358730267001,101.401204006704,11344.758338926345,2262
2026-01-08T12:15:00+00:00,2026-01-08T12:19:59.999000+00:00,101.36358730267001,102.98871877478749,100.48891058677832,102.13648440674068,142.91758689187904,13573.559152856991,2263
2026-01-08T12:20:00+00:00,2026-01-08T12:24:59.999000+00:00,102.13648440674068,103.83202664949124,100.21972662011525,101.86330417809967,128.90733070966272,13861.95631396456,2264
2026-01-08T12:25:00+00:00,2026-01-08T12:29:59.999000+00:00,101.86330417809967,103.36579744950905,99.26802503201013,100.9949075880864,106.52712395854601,13798.315138414107,2265
2026-01-08T12:30:00+00:00,2026-01-08T12:34:59.999000+00:00,100.9949075880864,102.88682176818796,99.73683979214253,101.8797799377763,141.27884633571193,12761.476710567837,2266
2026-01-08T12:35:00+00:00,2026-01-08T12:39:59.999000+00:00,101.8797799377763,103.28727355697268,100.24004406617001,101.50673341693557,132.2772754153,10763.685212858389,2267
2026-01-08T12:40:00+00:00,2026-01-08T12:44:59.999000+00:00,101.50673341693557,103.98001866939796,100.45183930245611,102.20415465958486,141.58829531728603,12337.33625763076,2268
2026-01-08T12:45:00+00:00,2026-01-08T12:49:59.999000+00:00,102.20415465958486,104.56703934053317,100.98692058842826,103.51064552108467,127.12320393971316,12288.920105639956,2269
2026-01-08T12:50:00+00:00,2026-01-08T12:54:59.999000+00:00,103.51064552108467,106.82630751934703,102.47692051770593,105.35468015604863,149.80189562133103,10648.56854043621,2270
2026-01-08T12:55:00+00:00,2026-01-08T12:59:59.999000+00:00,105.35468015604863,108.22140726800214,103.65550043906897,107.6232771547916,144.3536892322995,15450.895963008381,2271
2026-01-08T13:00:00+00:00,2026-01-08T13:04:59.999000+00:00,107.6232771547916,108.86809226344589,106.49638377850515,108.31390294248982,113.239312980869,15308.61003050607,2272
2026-01-08T13:05:00+00:00,2026-01-08T13:09:59.999000+00:00,108.31390294248982,110.94398144395758,106.78748628583494,110.08259615983529,106.38597436408782,13769.771312984061,2273
2026-01-08T13:10:00+00:00,2026-01-08T13:14:59.999000+00:00,110.08259615983529,110.69213456975781,108.76597650291613,109.94052186773759,133.29327934414414,11770.067429946857,2274
2026-01-08T13:15:00+00:00,2026-01-08T13:19:59.999000+00:00,109.94052186773759,112.70651010587586,109.1175398775248,111.02015101154906,105.45113982533948,13826.91263071929,2275
2026-01-08T13:20:00+00:00,2026-01-08T13:24:59.999000+00:00,111.02015101154906,112.75360200581315,108.93156801063469,110.07989756644096,113.77560055369192,16174.10490304863,2276
2026-01-08T13:25:00+00:00,2026-01-08T13:29:59.999000+00:00,110.07989756644096,110.83007745401963,109.47602264433117,110.17704988457562,107.63219652485269,13316.828630461734,2277
2026-01-08T13:30:00+00:00,2026-01-08T13:34:59.999000+00:00,110.17704988457562,110.86603917739518,108.22871684841914,108.92187997635128,102.71112395808728,14171.87954407193,2278
2026-01-08T13:35:00+00:00,2026-01-08T13:39:59.999000+00:00,108.92187997635128,110.11797106417882,106.26127799330769,107.61743544684495,140.6773667981774,13746.117213753087,2279
2026-01-08T13:40:00+00:00,2026-01-08T13:44:59.999000+00:00,107.61743544684495,108.89700217964635,104.98378825641088,106.34820560968322,101.70096728294081,12329.94463419831,2280
2026-01-08T13:45:00+00:00,2026-01-08T13:49:59.999000+00:00,106.34820560968322,107.11416169004015,101.9798597781991,103.75395553945222,137.2938419288708,12869.169542861975,2281
2026-01-08T13:50:00+00:00,2026-01-08T13:54:59.999000+00:00,103.75395553945222,104.51548936575931,102.22850808014618,103.01315043517843,116.45364823965446,14904.691887390029,2282
2026-01-08T13:55:00+00:00,2026-01-08T13:59:59.999000+00:00,103.01315043517843,104.14457629638247,100.02433718719581,101.08342020746744,103.16674695656629,10686.682437952484,2283
2026-01-08T14:00:00+00:00,2026-01-08T14:04:59.999000+00:00,101.08342020746744,102.00168454142707,98.96841071770642,100.13288737302727,124.78465995104163,13931.101502545474,2284
2026-01-08T14:05:00+00:00,2026-01-08T14:09:59.999000+00:00,100.13288737302727,100.6683915137153,97.55153717619145,98.65335789339387,141.9365834043365,10532.866099554032,2285
2026-01-08T14:10:00+00:00,2026-01-08T14:14:59.999000+00:00,98.65335789339387,99.87255324070422,96.77922186841812,98.5273086319818,109.09817090056387,14162.51321285913,2286
2026-01-08T14:15:00+00:00,2026-01-08T14:19:59.999000+00:00,98.5273086319818,100.29709333744958,96.83692501130828,97.72419438123431,125.19104646959038,11152.18877358786,2287
2026-01-08T14:20:00+00:00,2026-01-08T14:24:59.999000+00:00,97.72419438123431,99.0275247762582,96.54300919117333,97.63723718494029,126.56916476147407,11628.298202528307,2288
2026-01-08T14:25:00+00:00,2026-01-08T14:29:59.999000+00:00,97.63723718494029,98.80296635152312,97.0577498507524,97.84838596423049,136.9939173026429,12601.841200943745,2289
2026-01-08T14:30:00+00:00,2026-01-08T14:34:59.999000+00:00,97.84838596423049,99.12738886547508,96.1176362586582,98.13357062971713,149.05016145587504,12336.142574615207,2290
2026-01-08T14:35:00+00:00,2026-01-08T14:39:59.999000+00:00,98.13357062971713,98.95253415548748,96.63504417427781,97.93661559323489,115.91757700940398,11407.866490744464,2291
2026-01-08T14:40:00+00:00,2026-01-08T14:44:59.999000+00:00,97.93661559323489,100.03701751826983,97.07289259570987,98.45051171762833,119.83045916559806,14097.357844007687,2292
2026-01-08T14:45:00+00:00,2026-01-08T14:49:59.999000+00:00,98.45051171762833,99.76010932088252,96.39337681392254,97.72975602848963,140.53760258994492,10377.569194098613,2293
2026-01-08T14:50:00+00:00,2026-01-08T14:54:59.999000+00:00,97.72975602848963,98.5793751244979,94.6712218127487,95.83723551314338,146.84566881603016,13689.350710912408,2294
2026-01-08T14:55:00+00:00,2026-01-08T14:59:59.999000+00:00,95.83723551314338,97.28854360252814,93.32874092352039,94.79241824344713,134.50110500891975,13011.051357207049,2295
2026-01-08T15:00:00+00:00,2026-01-08T15:04:59.999000+00:00,94.79241824344713,95.89653953801484,93.07429129534525,93.96366510282127,102.25962938321479,9414.829330606137,2296
2026-01-08T15:05:00+00:00,2026-01-08T15:09:59.999000+00:00,93.96366510282127,95.43203271058988,89.88022376207348,91.63367659407216,112.4166003034781,13674.18396065617,2297
2026-01-08T15:10:00+00:00,2026-01-08T15:14:59.999000+00:00,91.63367659407216,92.94265708277764,89.53356583024654,90.69771134076153,141.41730315515844,12024.972497908358,2298
2026-01-08T15:15:00+00:00,2026-01-08T15:19:59.999000+00:00,90.69771134076153,91.40066494835293,88.91532857700659,89.78589796210308,145.51557438034197,10262.134623915048,2299
2026-01-08T15:20:00+00:00,2026-01-08T15:24:59.999000+00:00,89.78589796210308,91.31996327264862,87.74645060024736,89.21702694419793,107.82441543469687,10125.31845266309,2300
2026-01-08T15:25:00+00:00,2026-01-08T15:29:59.999000+00:00,89.21702694419793,89.84550657212921,88.22682841496578,89.05103223164693,116.35283423933943,11148.84640214236,2301
2026-01-08T15:30:00+00:00,2026-01-08T15:34:59.999000+00:00,89.05103223164693,89.84797295485042,88.32852370844098,88.87173741855011,126.6828267836213,9240.076972062976,2302
2026-01-08T15:35:00+00:00,2026-01-08T15:39:59.999000+00:00,88.87173741855011,91.70595743424394,87.33221247366096,90.95931940774253,125.76773301607935,9291.937137921546,2303
2026-01-08T15:40:00+00:00,2026-01-08T15:44:59.999000+00:00,90.95931940774253,92.27876585732812,89.9396277682099,91.7245487322905,121.85233608334937,9435.87151898168,2304
2026-01-08T15:45:00+00:00,2026-01-08T15:49:59.999000+00:00,91.7245487322905,95.63141459727363,90.05716278323911,94.18548274940565,118.17040547645207,12205.448408443746,2305
2026-01-08T15:50:00+00:00,2026-01-08T15:54:59.999000+00:00,94.18548274940565,95.65603707507638,93.05824268315685,94.65333592457029,137.29284501540678,12542.000563611611,2306
2026-01-08T15:55:00+00:00,2026-01-08T15:59:59.999000+00:00,94.65333592457029,98.18532287301551,94.0654780774561,97.46748489896218,131.29520089535944,10017.849674629191,2307
2026-01-08T16:00:00+00:00,2026-01-08T16:04:59.999000+00:00,97.46748489896218,99.9288774921342,96.13083781260049,99.01340426580117,138.697709553776,14226.407986364353,2308
2026-01-08T16:05:00+00:00,2026-01-08T16:09:59.999000+00:00,99.01340426580117,101.90317462739725,98.49992485817012,100.43474103661883,137.82112141734643,12187.785009931193,2309
2026-01-08T16:10:00+00:00,2026-01-08T16:14:59.999000+00:00,100.43474103661883,102.3899592889431,99.58000221002635,100.6074883104565,136.58163953655566,14795.934472468263,2310
2026-01-08T16:15:00+00:00,2026-01-08T16:19:59.999000+00:00,100.6074883104565,103.5529991438276,100.08073254519331,102.10551288346178,126.20879239301696,12395.608321597181,2311
2026-01-08T16:20:00+00:00,2026-01-08T16:24:59.999000+00:00,102.10551288346178,103.62398881981778,100.41848292404197,102.54836789460133,124.54580742612563,13757.319353102077,2312
2026-01-08T16:25:00+00:00,2026-01-08T16:29:59.999000+00:00,102.54836789460133,103.63044226843064,100.988590033747,102.70608678208977,124.14031949144209,11223.649475364487,2313
2026-01-08T16:30:00+00:00,2026-01-08T16:34:59.999000+00:00,102.70608678208977,104.1242125541565,101.3283571527942,102.84953106784108,136.63915767505955,11220.288655532777,2314
2026-01-08T16:35:00+00:00,2026-01-08T16:39:59.999000+00:00,102.84953106784108,104.2606815387518,100.25941218712245,101.39664225949767,123.04433918975529,10528.344844892443,2315
2026-01-08T16:40:00+00:00,2026-01-08T16:44:59.999000+00:00,101.39664225949767,102.23864634494805,100.71614975784293,101.7293550571483,127.03147335338221,11856.388805431248,2316
2026-01-08T16:45:00+00:00,2026-01-08T16:49:59.999000+00:00,101.7293550571483,103.33481277561492,100.43276680028319,101.53269556088627,144.32015856281674,11499.019160952545,2317
2026-01-08T16:50:00+00:00,2026-01-08T16:54:59.999000+00:00,101.53269556088627,104.94055326966959,99.97623163740363,103.26686338146821,137.2559406766913,15242.445755940975,2318
2026-01-08T16:55:00+00:00,2026-01-08T16:59:59.999000+00:00,103.26686338146821,104.32077505965344,101.80733478239327,103.16193302685627,120.64755952168599,12568.91288365237,2319
2026-01-08T17:00:00+00:00,2026-01-08T17:04:59.999000+00:00,103.16193302685627,106.23303511735517,102.37004835242462,104.95499548263003,130.52856273265382,11168.280043966626,2320
2026-01-08T17:05:00+00:00,2026-01-08T17:09:59.999000+00:00,104.95499548263003,106.6717017510417,103.90102840817735,106.0816416358839,120.28636537225182,14650.842086585473,2321
2026-01-08T17:10:00+00:00,2026-01-08T17:14:59.999000+00:00,106.0816416358839,108.54755329475002,104.73254211392452,107.12042198099431,134.92100923068924,13473.773230383134,2322
2026-01-08T17:15:00+00:00,2026-01-08T17:19:59.999000+00:00,107.12042198099431,110.67279685121684,105.60088915765468,108.9509642805718,145.3137754387879,12906.198277468908,2323
2026-01-08T17:20:00+00:00,2026-01-08T17:24:59.999000+00:00,108.9509642805718,110.6974630281477,108.070624975942,109.41692228094374,140.0347484501451,16281.557020598431,2324
2026-01-08T17:25:00+00:00,2026-01-08T17:29:59.999000+00:00,109.41692228094374,112.0095038622369,108.08948036942914,110.46010329207819,132.65476022141098,12174.214323208287,2325
2026-01-08T17:30:00+00:00,2026-01-08T17:34:59.999000+00:00,110.46010329207819,111.8201076492789,108.47096862051777,110.16097238862841,147.6830560872753,15472.389412718194,2326
2026-01-08T17:35:00+00:00,2026-01-08T17:39:59.999000+00:00,110.16097238862841,111.4323688449298,108.6046333088146,110.87018010033346,112.63016961362727,11544.897594399874,2327
2026-01-08T17:40:00+00:00,2026-01-08T17:44:59.999000+00:00,110.87018010033346,112.0031386157483,108.58701408177166,110.21042946494094,139.50818733159215,16390.660582604716,2328
2026-01-08T17:45:00+00:00,2026-01-08T17:49:59.999000+00:00,110.21042946494094,111.65569350346792,108.20627939025049,108.76429488775821,130.6835639101628,14540.048747452101,2329
2026-01-08T17:50:00+00:00,2026-01-08T17:54:59.999000+00:00,108.76429488775821,110.20037131297906,105.38466610281166,107.17215945836955,123.80834817047725,15427.140239643153,2330
2026-01-08T17:55:00+00:00,2026-01-08T17:59:59.999000+00:00,107.17215945836955,107.75102326500283,104.16176999635016,104.7380138371158,109.33160046340029,10617.79866060279,2331
2026-01-08T18:00:00+00:00,2026-01-08T18:04:59.999000+00:00,104.7380138371158,105.29951933920312,101.53707040812681,102.72731139205914,149.24912102933263,15404.957099025327,2332
2026-01-08T18:05:00+00:00,2026-01-08T18:09:59.999000+00:00,102.72731139205914,103.88180459554977,99.85258657884197,101.45541311387944,129.34171304777777,10189.123251991443,2333
2026-01-08T18:10:00+00:00,2026-01-08T18:14:59.999000+00:00,101.45541311387944,101.9943623674905,98.2606781686055,99.1979965690945,144.67767421709516,14623.761732368926,2334
2026-01-08T18:15:00+00:00,2026-01-08T18:19:59.999000+00:00,99.1979965690945,100.78322727112109,98.41342301695887,99.36881321356782,120.02967147460801,11462.84116043016,2335
2026-01-08T18:20:00+00:00,2026-01-08T18:24:59.999000+00:00,99.36881321356782,99.95684718655527,95.99267466032516,97.58885896914849,115.79255783034695,12346.775883336868,2336
2026-01-08T18:25:00+00:00,2026-01-08T18:29:59.999000+00:00,97.58885896914849,98.97930694407096,95.79625942005994,97.79110453222815,133.6302768039922,13871.388690729655,2337
2026-01-08T18:30:00+00:00,2026-01-08T18:34:59.999000+00:00,97.79110453222815,98.46481861494863,96.70558068694493,97.45844716570788,126.09147737959577,13281.362956723624,2338
2026-01-08T18:35:00+00:00,2026-01-08T18:39:59.999000+00:00,97.45844716570788,99.23745653093816,95.75097804019653,97.85821709605773,144.94264006635987,12631.416170112843,2339
2026-01-08T18:40:00+00:00,2026-01-08T18:44:59.999000+00:00,97.85821709605773,98.43432517515217,95.25305654027365,97.02365320606998,118.9907218218965,13481.082455670574,2340
2026-01-08T18:45:00+00:00,2026-01-08T18:49:59.999000+00:00,97.02365320606998,99.85887364458702,95.76371705454129,98.45450903382532,117.52209200158075,10304.539581331668,2341
2026-01-08T18:50:00+00:00,2026-01-08T18:54:59.999000+00:00,98.45450903382532,99.17742926115224,95.81784936521149,97.21089903971951,144.8480199658882,12687.23347685714,2342
2026-01-08T18:55:00+00:00,2026-01-08T18:59:59.999000+00:00,97.21089903971951,98.65918264477457,95.49482916266199,96.60026845902748,102.82453041945791,13203.364005296304,2343
2026-01-08T19:00:00+00:00,2026-01-08T19:04:59.999000+00:00,96.60026845902748,97.37198384318899,96.06988063582585,96.86868795683543,119.42393996927628,12514.29531351664,2344
2026-01-08T19:05:00+00:00,2026-01-08T19:09:59.999000+00:00,96.86868795683543,97.86354302396018,94.43973060161709,96.01755420946351,106.27245947422246,12740.793591403766,2345
2026-01-08T19:10:00+00:00,2026-01-08T19:14:59.999000+00:00,96.01755420946351,97.37293194001617,92.26209614048668,94.06012844759611,126.72035644898071,10357.878346253765,2346
2026-01-08T19:15:00+00:00,2026-01-08T19:19:59.999000+00:00,94.06012844759611,95.32475014839886,91.62906362539363,92.75908942445,148.09129573908027,12132.40512861305,2347
2026-01-08T19:20:00+00:00,2026-01-08T19:24:59.999000+00:00,92.75908942445,94.42108835774921,90.69330763460323,92.40943984606491,138.40156176274795,13157.801906646922,2348
2026-01-08T19:25:00+00:00,2026-01-08T19:29:59.999000+00:00,92.40943984606491,93.33360242927903,89.75073772782109,90.27754093653918,111.5757639711863,11108.728460648359,2349
2026-01-08T19:30:00+00:00,2026-01-08T19:34:59.999000+00:00,90.27754093653918,91.57355675144811,89.51946733889342,90.07792259591274,113.38406389117984,12387.112333138131,2350
2026-01-08T19:35:00+00:00,2026-01-08T19:39:59.999000+00:00,90.07792259591274,90.69786010994045,88.27358873167242,89.3572133069558,109.5811676540568,13208.524978559828,2351
2026-01-08T19:40:00+00:00,2026-01-08T19:44:59.999000+00:00,89.3572133069558,90.23475118938593,88.01100864500702,89.01972006648984,120.31705609316289,9891.741977048592,2352
2026-01-08T19:45:00+00:00,2026-01-08T19:49:59.999000+00:00,89.01972006648984,90.4846180722128,87.27018566434882,89.5201763420452,116.41378442573215,10953.484781508021,2353
2026-01-08T19:50:00+00:00,2026-01-08T19:54:59.999000+00:00,89.5201763420452,93.36653635152005,88.62788429230615,91.637157649855,128.8485622166992,11520.351489665118,2354
2026-01-08T19:55:00+00:00,2026-01-08T19:59:59.999000+00:00,91.637157649855,93.89549415936634,90.90123444209772,92.87613630035514,124.68798275780266,9412.003191265114,2355
2026-01-08T20:00:00+00:00,2026-01-08T20:04:59.999000+00:00,92.87613630035514,95.90948828173669,91.98832764617633,94.84381719556805,124.37199064196571,13595.782276966755,2356
2026-01-08T20:05:00+00:00,2026-01-08T20:09:59.999000+00:00,94.84381719556805,98.02282706254924,93.92081264363544,96.67036515648196,106.40247690212695,14396.64673391867,2357
2026-01-08T20:10:00+00:00,2026-01-08T20:14:59.999000+00:00,96.67036515648196,98.87396366382937,95.4907528898933,98.28428057212567,100.14270084057667,14552.03622374607,2358
2026-01-08T20:15:00+00:00,2026-01-08T20:19:59.999000+00:00,98.28428057212567,101.04399582304393,96.50737592259507,99.79949901119534,149.3341985979199,10493.3410635235,2359
2026-01-08T20:20:00+00:00,2026-01-08T20:24:59.999000+00:00,99.79949901119534,101.70576935782493,98.86165299775095,100.72361256083595,120.76400646889188,10466.590629713593,2360
2026-01-08T20:25:00+00:00,2026-01-08T20:29:59.999000+00:00,100.72361256083595,102.58762094357486,99.09374566362426,101.37537023909785,105.47202224217709,12930.446790877024,2361
2026-01-08T20:30:00+00:00,2026-01-08T20:34:59.999000+00:00,101.37537023909785,102.96377508522203,100.23018409240603,102.26688225113983,149.31594500503013,14709.451210688221,2362
2026-01-08T20:35:00+00:00,2026-01-08T20:39:59.999000+00:00,102.26688225113983,103.67288332982528,101.33452607176912,102.80602162428531,115.09481521294431,10505.48435494257,2363
2026-01-08T20:40:00+00:00,2026-01-08T20:44:59.999000+00:00,102.80602162428531,105.4472751236457,102.26383865955515,103.6562318355918,100.19726461010268,10621.377281556031,2364
2026-01-08T20:45:00+00:00,2026-01-08T20:49:59.999000+00:00,103.6562318355918,104.63917161696826,100.46740354843661,102.23503249627434,136.5858678999929,14476.656992094311,2365
2026-01-08T20:50:00+00:00,2026-01-08T20:54:59.999000+00:00,102.23503249627434,103.91695040806933,100.92496828785457,102.5597301992879,145.95962940459003,13886.863251718009,2366
2026-01-08T20:55:00+00:00,2026-01-08T20:59:59.999000+00:00,102.5597301992879,104.56933974448744,101.16977334107136,102.95196174236592,140.72938160672115,11606.085972887136,2367
2026-01-08T21:00:00+00:00,2026-01-08T21:04:59.999000+00:00,102.95196174236592,104.83209732470152,101.37585116614149,103.18676038202318,109.52893659491983,13566.621508053899,2368
2026-01-08T21:05:00+00:00,2026-01-08T21:09:59.999000+00:00,103.18676038202318,104.454470951775,101.55965315154705,102.91676727852143,134.53813702502447,14171.204140846248,2369
2026-01-08T21:10:00+00:00,2026-01-08T21:14:59.999000+00:00,102.91676727852143,105.05034654436744,101.7233765854477,103.78370834974513,148.45135473800298,13513.158268042609,2370
2026-01-08T21:15:00+00:00,2026-01-08T21:19:59.999000+00:00,103.78370834974513,105.88972326162745,102.51504887030042,104.39118416021105,101.27861053199995,13312.231073048062,2371
2026-01-08T21:20:00+00:00,2026-01-08T21:24:59.999000+00:00,104.39118416021105,106.77939646897045,103.44151742791189,105.69348352237276,114.97743540773851,12102.735100909656,2372
2026-01-08T21:25:00+00:00,2026-01-08T21:29:59.999000+00:00,105.69348352237276,108.39854259664116,104.20846180843226,107.50796946153076,129.91188273517167,14368.160458259903,2373
2026-01-08T21:30:00+00:00,2026-01-08T21:34:59.999000+00:00,107.50796946153076,109.19339987463435,106.31486713199628,108.22960155341043,143.14579817878874,15551.554503998901,2374
2026-01-08T21:35:00+00:00,2026-01-08T21:39:59.999000+00:00,108.22960155341043,111.12645840472133,107.10441366193761,110.13667671633708,119.25427749707981,16377.833485637113,2375
2026-01-08T21:40:00+00:00,2026-01-08T21:44:59.999000+00:00,110.13667671633708,111.81064029500226,108.49934869643964,110.8230730868327,104.31382073594254,12721.478330998832,2376
2026-01-08T21:45:00+00:00,2026-01-08T21:49:59.999000+00:00,110.8230730868327,112.43097907032552,109.1526277677292,110.77684703366543,144.91161818376162,15517.541661071764,2377
2026-01-08T21:50:00+00:00,2026-01-08T21:54:59.999000+00:00,110.77684703366543,112.40213796013703,109.2069087387971,110.07023039031866,118.32319850241561,11569.490688226913,2378
2026-01-08T21:55:00+00:00,2026-01-08T21:59:59.999000+00:00,110.07023039031866,111.86256138649034,107.68865395806733,109.28745906819577,100.00068921183681,13816.365660942152,2379
2026-01-08T22:00:00+00:00,2026-01-08T22:04:59.999000+00:00,109.28745906819577,110.7798186794789,107.9256770728451,108.70828529108424,112.4327228464393,16120.831205419989,2380
2026-01-08T22:05:00+00:00,2026-01-08T22:09:59.999000+00:00,108.70828529108424,110.39458776963554,104.80621681156282,105.79874131244944,144.50645702036405,13911.382578350393,2381
2026-01-08T22:10:00+00:00,2026-01-08T22:14:59.999000+00:00,105.79874131244944,106.65784782323573,103.87468902376295,104.49649038042426,103.85267170907589,14935.651846312558,2382
2026-01-08T22:15:00+00:00,2026-01-08T22:19:59.999000+00:00,104.49649038042426,105.26511615946131,100.65488469119384,102.33565539432033,139.86823192384134,14437.439889363042,2383
2026-01-08T22:20:00+00:00,2026-01-08T22:24:59.999000+00:00,102.33565539432033,103.50195768182414,99.09590773573227,100.26127827091682,117.29959789302671,10694.698323765748,2384
2026-01-08T22:25:00+00:00,2026-01-08T22:29:59.999000+00:00,100.26127827091682,100.95278374134551,97.6847514594773,98.63873748664298,113.9909101291959,13089.484781207535,2385
2026-01-08T22:30:00+00:00,2026-01-08T22:34:59.999000+00:00,98.63873748664298,100.12254144769986,97.16884983393376,98.3905302145929,135.93935987080673,10839.84410575519,2386
2026-01-08T22:35:00+00:00,2026-01-08T22:39:59.999000+00:00,98.3905302145929,99.04860101761629,96.25649897111482,97.3790495145714,130.08997978918305,14062.636881415694,2387
2026-01-08T22:40:00+00:00,2026-01-08T22:44:59.999000+00:00,97.3790495145714,98.90077826550616,95.19254585413115,96.71361541769653,145.50395434349147,11411.47695153696,2388
2026-01-08T22:45:00+00:00,2026-01-08T22:49:59.999000+00:00,96.71361541769653,97.57025532371236,94.96218033878972,96.68747904884883,124.78677916989759,13296.439497270285,2389
2026-01-08T22:50:00+00:00,2026-01-08T22:54:59.999000+00:00,96.68747904884883,98.60411462000992,95.92727851064335,96.95945260256362,127.57833503678276,10311.626804711334,2390
2026-01-08T22:55:00+00:00,2026-01-08T22:59:59.999000+00:00,96.95945260256362,98.18031343878913,95.8942649059123,97.43785546970523,113.2889280721694,13665.285301316157,2391
2026-01-08T23:00:00+00:00,2026-01-08T23:04:59.999000+00:00,97.43785546970523,98.54967978028064,95.52108366426889,97.02519972760705,126.16764059710596,12420.67567328053,2392
2026-01-08T23:05:00+00:00,2026-01-08T23:09:59.999000+00:00,97.02519972760705,98.75277975497156,95.73177065315679,96.6764041399212,115.4406406792458,11487.270310424505,2393
2026-01-08T23:10:00+00:00,2026-01-08T23:14:59.999000+00:00,96.6764041399212,98.03150743772363,95.3301001940416,96.22594038868874,122.42998640917438,11053.960668077854,2394
2026-01-08T23:15:00+00:00,2026-01-08T23:19:59.999000+00:00,96.22594038868874,97.67366761368788,94.64653512207335,96.13164257495802,145.93893052390314,12252.1311520164,2395
2026-01-08T23:20:00+00:00,2026-01-08T23:24:59.999000+00:00,96.13164257495802,97.00088763439456,93.79562259064153,95.16757460201843,140.00614381156726,10949.886020926579,2396
2026-01-08T23:25:00+00:00,2026-01-08T23:29:59.999000+00:00,95.16757460201843,96.57010926859634,93.35144413309672,94.92650933651164,145.26916941981634,10838.983511777458,2397
2026-01-08T23:30:00+00:00,2026-01-08T23:34:59.999000+00:00,94.92650933651164,95.63058774905441,91.55861215192351,93.29051237349636,121.04712659016377,13823.805232153132,2398
2026-01-08T23:35:00+00:00,2026-01-08T23:39:59.999000+00:00,93.29051237349636,94.48486387403771,90.5849735515286,92.00684341351617,142.26363604803316,12135.381918624962,2399
2026-01-08T23:40:00+00:00,2026-01-08T23:44:59.999000+00:00,92.00684341351617,93.26377067848325,90.15953457300829,91.33707548052205,102.4110774672727,13249.898918177427,2400
2026-01-08T23:45:00+00:00,2026-01-08T23:49:59.999000+00:00,91.33707548052205,91.85229619898972,89.34952910686773,90.42539398207936,141.88749048361885,11817.447832673568,2401
2026-01-08T23:50:00+00:00,2026-01-08T23:54:59.999000+00:00,90.42539398207936,91.0805518927552,88.79924645065319,89.34014999725906,121.86896134837973,11638.792245885916,2402
2026-01-08T23:55:00+00:00,2026-01-08T23:59:59.999000+00:00,89.34014999725906,90.69355815702882,88.27045517262742,89.37659925269287,146.28169428490662,11293.310359885621,2403
2026-01-09T00:00:00+00:00,2026-01-09T00:04:59.999000+00:00,89.37659925269287,92.32000752341858,88.15009407715547,90.76413964258164,121.5434559557252,12353.071080705788,2404
2026-01-09T00:05:00+00:00,2026-01-09T00:09:59.999000+00:00,90.76413964258164,93.85399135896212,89.30567556430155,92.17088076403269,100.61185720215136,13131.59876033381,2405
2026-01-09T00:10:00+00:00,2026-01-09T00:14:59.999000+00:00,92.17088076403269,93.97991561495296,91.0269116137243,93.47493913540421,127.904612658192,12182.971929417212,2406
2026-01-09T00:15:00+00:00,2026-01-09T00:19:59.999000+00:00,93.47493913540421,95.98811865882726,91.76118569922754,95.21847232455389,121.44007401659539,13800.064647034493,2407
2026-01-09T00:20:00+00:00,2026-01-09T00:24:59.999000+00:00,95.21847232455389,97.26064472335133,94.05225952146604,96.21999599023302,122.70169535075222,10511.268930784256,2408
2026-01-09T00:25:00+00:00,2026-01-09T00:29:59.999000+00:00,96.21999599023302,100.55966023945568,94.58769321448237,98.90775896029837,124.3208468247438,14184.906586133604,2409
2026-01-09T00:30:00+00:00,2026-01-09T00:34:59.999000+00:00,98.90775896029837,100.34840984846625,97.41598154604706,99.74704202511295,109.3532549941649,14957.877887188131,2410
2026-01-09T00:35:00+00:00,2026-01-09T00:39:59.999000+00:00,99.74704202511295,102.86908867389475,99.22277757904814,102.08688425846687,108.60074722211561,14379.275681828718,2411
2026-01-09T00:40:00+00:00,2026-01-09T00:44:59.999000+00:00,102.08688425846687,103.9096851286346,100.39037463057662,102.58126479751779,116.3589235674628,14490.154725667611,2412
2026-01-09T00:45:00+00:00,2026-01-09T00:49:59.999000+00:00,102.58126479751779,104.242086897665,101.19389289882538,103.4808641942555,113.14514988574336,12581.043376934495,2413
2026-01-09T00:50:00+00:00,2026-01-09T00:54:59.999000+00:00,103.4808641942555,105.63785660966705,102.75186729725112,103.92417921523554,130.88804418353817,12196.005619515061,2414
2026-01-09T00:55:00+00:00,2026-01-09T00:59:59.999000+00:00,103.92417921523554,105.2228798584605,102.7540292380965,103.75377080068087,147.18997037157263,13855.558222222666,2415
2026-01-09T01:00:00+00:00,2026-01-09T01:04:59.999000+00:00,103.75377080068087,105.32315883670582,102.30568440090356,103.72762384773218,127.05068580362186,10687.496637529313,2416
2026-01-09T01:05:00+00:00,2026-01-09T01:09:59.999000+00:00,103.72762384773218,104.9401793295417,102.44835766164353,103.30309814926335,131.2152565926637,12074.505368818112,2417
2026-01-09T01:10:00+00:00,2026-01-09T01:14:59.999000+00:00,103.30309814926335,104.56092594169188,101.51060052004163,103.13877567457818,107.17635440977008,11410.74323953591,2418
2026-01-09T01:15:00+00:00,2026-01-09T01:19:59.999000+00:00,103.13877567457818,104.4319180469057,102.0877929159763,103.90938712177869,107.63265843078729,11176.581434620712,2419
2026-01-09T01:20:00+00:00,2026-01-09T01:24:59.999000+00:00,103.90938712177869,105.38869329619479,102.98580171956321,104.0771769373113,136.92726706206423,13619.697996442983,2420
2026-01-09T01:25:00+00:00,2026-01-09T01:29:59.999000+00:00,104.0771769373113,105.74701048175336,103.54257109281099,104.97076512368659,142.24554319381684,13764.790602048972,2421
2026-01-09T01:30:00+00:00,2026-01-09T01:34:59.999000+00:00,104.97076512368659,106.80694261493524,103.31127256895898,105.15740260961302,136.5803966193241,15374.214726358352,2422
2026-01-09T01:35:00+00:00,2026-01-09T01:39:59.999000+00:00,105.15740260961302,108.09672809921746,104.21579562004513,107.087447635838,135.22779728150513,10905.555028716746,2423
2026-01-09T01:40:00+00:00,2026-01-09T01:44:59.999000+00:00,107.087447635838,109.32065862760949,106.37131792340807,107.86931848974058,134.6818889038181,14960.701683488876,2424
2026-01-09T01:45:00+00:00,2026-01-09T01:49:59.999000+00:00,107.86931848974058,109.92847838388681,106.09316872738006,108.30534283246837,149.9515264742273,11091.049321874787,2425
2026-01-09T01:50:00+00:00,2026-01-09T01:54:59.999000+00:00,108.30534283246837,110.80953291225293,107.46542950827829,109.3133401952945,115.62392865574351,11854.404807144758,2426
2026-01-09T01:55:00+00:00,2026-01-09T01:59:59.999000+00:00,109.3133401952945,111.5521017876669,107.79105856194252,110.95964487976451,141.40760854866355,12608.037208742997,2427
2026-01-09T02:00:00+00:00,2026-01-09T02:04:59.999000+00:00,110.95964487976451,112.67400167821718,109.02023199860443,109.86442053787876,101.95241846970161,14168.936744112047,2428
2026-01-09T02:05:00+00:00,2026-01-09T02:09:59.999000+00:00,109.86442053787876,111.86564246300216,108.67778094939298,110.41000030363121,120.98336234469669,12028.501097766357,2429
2026-01-09T02:10:00+00:00,2026-01-09T02:14:59.999000+00:00,110.41000030363121,110.91088323689108,108.35225895963102,109.36910375682109,147.48122206910702,11577.634162830062,2430
2026-01-09T02:15:00+00:00,2026-01-09T02:19:59.999000+00:00,109.36910375682109,110.08624055523009,105.37385560620382,106.8197601206335,102.5796949241258,13690.599535212808,2431
2026-01-09T02:20:00+00:00,2026-01-09T02:24:59.999000+00:00,106.8197601206335,107.54617141492967,104.10456603191706,105.16857585287163,106.51651551614192,11543.980868776796,2432
2026-01-09T02:25:00+00:00,2026-01-09T02:29:59.999000+00:00,105.16857585287163,106.58215485219418,103.62799587272855,104.19985522742321,101.37669686172664,13470.000915681,2433
2026-01-09T02:30:00+00:00,2026-01-09T02:34:59.999000+00:00,104.19985522742321,105.88166078510223,100.83665071796503,101.69480592111718,121.72942596104359,12430.660562902982,2434
2026-01-09T02:35:00+00:00,2026-01-09T02:39:59.999000+00:00,101.69480592111718,102.5113127358662,98.84674081765101,99.79221016409922,107.52646863696472,12010.638358440621,2435
2026-01-09T02:40:00+00:00,2026-01-09T02:44:59.999000+00:00,99.79221016409922,100.53318607518375,97.95198482418652,99.2698648504843,124.61809100166357,10899.899338926018,2436
2026-01-09T02:45:00+00:00,2026-01-09T02:49:59.999000+00:00,99.2698648504843,100.44846566774515,95.54331707269542,97.33496582068955,131.59703303945957,11964.159100391573,2437
2026-01-09T02:50:00+00:00,2026-01-09T02:54:59.999000+00:00,97.33496582068955,98.48233379472245,96.34866000256194,97.21507643687652,104.49379615211708,10061.90927275563,2438
2026-01-09T02:55:00+00:00,2026-01-09T02:59:59.999000+00:00,97.21507643687652,98.1468763716858,96.18788846717581,96.94257278261637,118.90913313318102,13764.817675721777,2439
2026-01-09T03:00:00+00:00,2026-01-09T03:04:59.999000+00:00,96.94257278261637,97.60355853353825,96.28747937225246,96.83184469139388,113.08534874236825,12509.68075686928,2440
2026-01-09T03:05:00+00:00,2026-01-09T03:09:59.999000+00:00,96.83184469139388,97.44165593174455,95.09401679404603,96.47022396057562,107.10939394135843,12419.711441325971,2441
2026-01-09T03:10:00+00:00,2026-01-09T03:14:59.999000+00:00,96.47022396057562,98.60849088958959,95.59689091977992,97.04420166258403,107.19832820880616,13107.767267460938,2442
2026-01-09T03:15:00+00:00,2026-01-09T03:19:59.999000+00:00,97.04420166258403,97.96431281994069,96.21442161736682,97.00057858820571,130.48665017385957,13853.407199228028,2443
2026-01-09T03:20:00+00:00,2026-01-09T03:24:59.999000+00:00,97.00057858820571,98.53801553940819,95.7055655112781,97.47602903625257,119.20641041632884,11663.795867689656,2444
2026-01-09T03:25:00+00:00,2026-01-09T03:29:59.999000+00:00,97.47602903625257,98.46551512014675,95.81384364176034,96.5778250580229,133.17329454853214,10729.893268037102,2445
2026-01-09T03:30:00+00:00,2026-01-09T03:34:59.999000+00:00,96.5778250580229,97.37841695045769,94.41775406085459,95.3842516900106,128.9115975357173,11876.866364999307,2446
2026-01-09T03:35:00+00:00,2026-01-09T03:39:59.999000+00:00,95.3842516900106,97.11249965405804,94.27451468273244,94.8689246957987,114.37753466744267,9608.22690919884,2447
2026-01-09T03:40:00+00:00,2026-01-09T03:44:59.999000+00:00,94.8689246957987,96.41046457234238,92.67365372123032,93.98650655648996,143.03215596361235,12020.380849899111,2448
2026-01-09T03:45:00+00:00,2026-01-09T03:49:59.999000+00:00,93.98650655648996,94.78769310592729,90.84806336716251,92.52042975794059,146.63309407618925,11640.632703519403,2449
2026-01-09T03:50:00+00:00,2026-01-09T03:54:59.999000+00:00,92.52042975794059,94.29207992262472,90.82148231146168,92.23960711010763,133.1127692268273,9494.994583890028,2450
2026-01-09T03:55:00+00:00,2026-01-09T03:59:59.999000+00:00,92.23960711010763,93.34969314775144,89.01013907292034,89.91710261230435,112.75373787188897,9935.450384912145,2451
2026-01-09T04:00:00+00:00,2026-01-09T04:04:59.999000+00:00,89.91710261230435,91.62456893133539,88.42126799401798,89.35756677989865,148.2613928935777,10149.468752786523,2452
2026-01-09T04:05:00+00:00,2026-01-09T04:09:59.999000+00:00,89.35756677989865,91.06481887774767,87.93308514440496,89.15072345231947,140.19442469262947,10121.879342697905,2453
2026-01-09T04:10:00+00:00,2026-01-09T04:14:59.999000+00:00,89.15072345231947,90.99061657953834,88.16853572879788,90.42336985879047,113.11465594269815,12034.193249019503,2454
2026-01-09T04:15:00+00:00,2026-01-09T04:19:59.999000+00:00,90.42336985879047,93.0551376600618,88.92473967266092,91.44440958111826,119.97475545721647,9507.020191495494,2455
2026-01-09T04:20:00+00:00,2026-01-09T04:24:59.999000+00:00,91.44440958111826,93.89580872966135,89.95176023304093,92.1961810032562,117.17253692956561,11034.696557658934,2456
2026-01-09T04:25:00+00:00,2026-01-09T04:29:59.999000+00:00,92.1961810032562,94.31918450252948,91.23901000521695,93.52766214697645,139.85145560832868,12519.820523662673,2457
2026-01-09T04:30:00+00:00,2026-01-09T04:34:59.999000+00:00,93.52766214697645,97.11415358909606,92.5572021844592,96.2452280615857,106.18053343250499,12328.411133540558,2458
2026-01-09T04:35:00+00:00,2026-01-09T04:39:59.999000+00:00,96.2452280615857,98.92123258828651,95.669001269645,98.22522085004765,122.2315136624444,13351.424161970355,2459
2026-01-09T04:40:00+00:00,2026-01-09T04:44:59.999000+00:00,98.22522085004765,101.37938003705746,97.10593573995943,99.78958297481459,141.15367169588123,11551.28776798661,2460
2026-01-09T04:45:00+00:00,2026-01-09T04:49:59.999000+00:00,99.78958297481459,103.13617623201536,98.212871925738,101.33707945656386,107.42206630177272,10618.570142993985,2461
2026-01-09T04:50:00+00:00,2026-01-09T04:54:59.999000+00:00,101.33707945656386,103.46562654076526,100.69511348213261,102.3233197253771,109.36815426010497,11541.37415963462,2462
2026-01-09T04:55:00+00:00,2026-01-09T04:59:59.999000+00:00,102.3233197253771,103.30667784151811,101.26782349420483,102.72383140677509,146.90637004870047,14991.215677570459,2463
2026-01-09T05:00:00+00:00,2026-01-09T05:04:59.999000+00:00,102.72383140677509,104.56114462083066,101.18456928892277,103.29284149807837,124.86767150910433,11309.40934742876,2464
2026-01-09T05:05:00+00:00,2026-01-09T05:09:59.999000+00:00,103.29284149807837,104.9968937519858,102.61613778891706,104.49420027343496,114.50008701427801,14408.492683119935,2465
2026-01-09T05:10:00+00:00,2026-01-09T05:14:59.999000+00:00,104.49420027343496,105.90275998801152,103.635835332602,104.69533526050029,106.12880148447728,10925.598777915728,2466
2026-01-09T05:15:00+00:00,2026-01-09T05:19:59.999000+00:00,104.69533526050029,105.82350661393798,102.01526421413665,103.7512329423283,102.44456777017332,10785.68955371463,2467
2026-01-09T05:20:00+00:00,2026-01-09T05:24:59.999000+00:00,103.7512329423283,105.47588000054625,102.47585772312736,103.90578397226437,132.35555157090494,10778.459957096127,2468
2026-01-09T05:25:00+00:00,2026-01-09T05:29:59.999000+00:00,103.90578397226437,105.68527957865825,101.81424040098959,103.1491330705649,131.51122173910022,13037.405683747236,2469
2026-01-09T05:30:00+00:00,2026-01-09T05:34:59.999000+00:00,103.1491330705649,105.58427855250405,101.38935226334794,104.046002375132,132.7675746156692,12227.477655227121,2470
2026-01-09T05:35:00+00:00,2026-01-09T05:39:59.999000+00:00,104.046002375132,105.04302654900981,102.293163680272,103.84510976692029,116.91507088203156,14005.049850260515,2471
2026-01-09T05:40:00+00:00,2026-01-09T05:44:59.999000+00:00,103.84510976692029,105.58782598739046,102.52753715568458,104.12539868538138,111.33808096894278,14937.330409725366,2472
2026-01-09T05:45:00+00:00,2026-01-09T05:49:59.999000+00:00,104.12539868538138,106.66598985780799,103.47932934053512,105.67782796822137,113.12061722248734,15443.944171581426,2473
2026-01-09T05:50:00+00:00,2026-01-09T05:54:59.999000+00:00,105.67782796822137,108.89868854223936,104.57311451966959,107.32833844458713,131.36569024202515,14331.515655223677,2474
2026-01-09T05:55:00+00:00,2026-01-09T05:59:59.999000+00:00,107.32833844458713,109.68131315823638,106.20480405384444,108.05322998904589,111.09605144965359,13905.633276245253,2475
2026-01-09T06:00:00+00:00,2026-01-09T06:04:59.999000+00:00,108.05322998904589,109.00376839889351,107.28456594875692,108.39903268571248,123.79273923326093,15578.228073617549,2476
2026-01-09T06:05:00+00:00,2026-01-09T06:09:59.999000+00:00,108.39903268571248,110.86205621165541,106.85120549755065,109.61604078907762,109.08894823601638,15384.531986504617,2477
2026-01-09T06:10:00+00:00,2026-01-09T06:14:59.999000+00:00,109.61604078907762,111.69866962986531,108.29417396470407,110.04719286354617,105.83307937761789,11066.740509707999,2478
2026-01-09T06:15:00+00:00,2026-01-09T06:19:59.999000+00:00,110.04719286354617,111.1737891615009,109.02392578423158,109.81374796048509,143.96920604045565,13625.81667449309,2479
2026-01-09T06:20:00+00:00,2026-01-09T06:24:59.999000+00:00,109.81374796048509,111.12421377865927,108.61447519912562,109.37446345219936,135.81670826171083,15606.704336658795,2480
2026-01-09T06:25:00+00:00,2026-01-09T06:29:59.999000+00:00,109.37446345219936,110.52217414957889,106.36037929717584,107.96855593288768,117.17384434585895,11562.672402177275,2481
2026-01-09T06:30:00+00:00,2026-01-09T06:34:59.999000+00:00,107.96855593288768,109.75849721838019,106.69148194672336,107.22600618716491,126.83682192086744,13880.120677454683,2482
2026-01-09T06:35:00+00:00,2026-01-09T06:39:59.999000+00:00,107.22600618716491,108.57464716125794,104.22580229572704,105.08214873329496,102.70439113069708,10884.46138179988,2483
2026-01-09T06:40:00+00:00,2026-01-09T06:44:59.999000+00:00,105.08214873329496,106.46394056656885,102.57797710654596,103.57950040232696,119.21734031200637,11599.29363853586,2484
2026-01-09T06:45:00+00:00,2026-01-09T06:49:59.999000+00:00,103.57950040232696,104.36804286171501,100.82703527169643,101.62697012587441,108.51403765573392,13019.72801884939,2485
2026-01-09T06:50:00+00:00,2026-01-09T06:54:59.999000+00:00,101.62697012587441,103.2939930921158,98.2318906767422,98.8864381086203,133.037786169039,10203.030542398195,2486
2026-01-09T06:55:00+00:00,2026-01-09T06:59:59.999000+00:00,98.8864381086203,100.491178240443,97.00173492453632,97.86117208285343,119.39653782319184,11770.980680667308,2487
2026-01-09T07:00:00+00:00,2026-01-09T07:04:59.999000+00:00,97.86117208285343,99.63865951681042,95.78287964614655,96.30712746274153,128.12154816644863,14129.799833261797,2488
2026-01-09T07:05:00+00:00,2026-01-09T07:09:59.999000+00:00,96.30712746274153,96.97228715960762,94.01411532287158,95.56382355711537,126.08367475026714,14095.969783995339,2489
2026-01-09T07:10:00+00:00,2026-01-09T07:14:59.999000+00:00,95.56382355711537,96.368583696841,94.8874091882014,95.541623337131,144.69772972589158,13894.566139743165,2490
2026-01-09T07:15:00+00:00,2026-01-09T07:19:59.999000+00:00,95.541623337131,97.32055932213721,94.47154199507993,96.28542195100302,137.89195296445567,11518.7115318586,2491
2026-01-09T07:20:00+00:00,2026-01-09T07:24:59.999000+00:00,96.28542195100302,97.44282452083937,95.00368675755458,96.28977450282935,126.85573397753436,12740.276951511365,2492
2026-01-09T07:25:00+00:00,2026-01-09T07:29:59.999000+00:00,96.28977450282935,97.83587072897028,94.60804621301291,95.98493692066562,127.63255384955389,10881.6879578531,2493
2026-01-09T07:30:00+00:00,2026-01-09T07:34:59.999000+00:00,95.98493692066562,96.69867384368035,94.30991485804223,96.14711412204231,138.01608225054238,12603.898419386582,2494
2026-01-09T07:35:00+00:00,2026-01-09T07:39:59.999000+00:00,96.14711412204231,97.08172754564399,94.42689592660764,95.79650032597931,133.52761078205805,11349.95053724505,2495
2026-01-09T07:40:00+00:00,2026-01-09T07:44:59.999000+00:00,95.79650032597931,97.44327241873236,94.64750851361327,95.53351718321109,144.81101749593532,12001.352328427321,2496
2026-01-09T07:45:00+00:00,2026-01-09T07:49:59.999000+00:00,95.53351718321109,96.9008871229664,94.83152784650197,95.87058674001058,103.12566156230625,14047.717718678583,2497
2026-01-09T07:50:00+00:00,2026-01-09T07:54:59.999000+00:00,95.87058674001058,96.897547357067,93.40104570695844,94.48134586309196,122.28657891029343,10301.26101444835,2498
2026-01-09T07:55:00+00:00,2026-01-09T07:59:59.999000+00:00,94.48134586309196,95.18016642255974,92.80311025579368,94.09023294850448,140.7211263393824,11611.22396254792,2499
2026-01-09T08:00:00+00:00,2026-01-09T08:04:59.999000+00:00,94.09023294850448,94.83383082694561,91.35343267751273,92.69426596579194,107.65241094418518,13170.139673848651,2500
2026-01-09T08:05:00+00:00,2026-01-09T08:09:59.999000+00:00,92.69426596579194,94.42279353545281,89.87548779945828,90.84297061800842,125.80247585073515,10497.602696018375,2501
2026-01-09T08:10:00+00:00,2026-01-09T08:14:59.999000+00:00,90.84297061800842,91.38229117500988,89.1356801132657,90.28001499293042,133.2681127463179,12661.29787408082,2502
2026-01-09T08:15:00+00:00,2026-01-09T08:19:59.999000+00:00,90.28001499293042,91.01610251903838,87.6928949866896,89.45275583125353,105.87955136728887,12839.014321779068,2503
2026-01-09T08:20:00+00:00,2026-01-09T08:24:59.999000+00:00,89.45275583125353,91.84864464727158,88.13050776261088,90.31422104589987,149.2865370392513,12774.851813721902,2504
2026-01-09T08:25:00+00:00,2026-01-09T08:29:59.999000+00:00,90.31422104589987,91.64155987724146,89.48164929186593,90.5038017181488,116.72872131488566,11931.3037817719,2505
2026-01-09T08:30:00+00:00,2026-01-09T08:34:59.999000+00:00,90.5038017181488,91.25485506299376,89.84905851634903,90.6074660708911,121.01387546653555,10657.696773699834,2506
2026-01-09T08:35:00+00:00,2026-01-09T08:39:59.999000+00:00,90.6074660708911,93.73296253030641,89.56086005193221,92.37752932976586,135.2902408157027,10513.790304938842,2507
2026-01-09T08:40:00+00:00,2026-01-09T08:44:59.999000+00:00,92.37752932976586,95.9069202231562,91.47417049803389,94.67640580502331,102.34048125501349,10382.221890234334,2508
2026-01-09T08:45:00+00:00,2026-01-09T08:49:59.999000+00:00,94.67640580502331,97.21863548618104,92.99550153938625,95.776770141159,145.8471120522409,11869.056343524397,2509
2026-01-09T08:50:00+00:00,2026-01-09T08:54:59.999000+00:00,95.776770141159,99.3199527356025,94.17717627704815,97.78057345166955,109.8522926814938,10831.68912999058,2510
2026-01-09T08:55:00+00:00,2026-01-09T08:59:59.999000+00:00,97.78057345166955,102.24528736285441,97.11139430475461,100.98855146864221,109.04204721925366,13293.354639486446,2511
2026-01-09T09:00:00+00:00,2026-01-09T09:04:59.999000+00:00,100.98855146864221,102.8397734333568,99.70515575412404,101.74219503181816,127.54097887217945,11083.32818560167,2512
2026-01-09T09:05:00+00:00,2026-01-09T09:09:59.999000+00:00,101.74219503181816,104.86566941968239,100.66699556332341,103.96185950151639,140.6356906388263,12524.587601378907,2513
2026-01-09T09:10:00+00:00,2026-01-09T09:14:59.999000+00:00,103.96185950151639,106.01386543030924,103.07638061879494,104.4844452289031,138.50232081906103,14169.463375056152,2514
2026-01-09T09:15:00+00:00,2026-01-09T09:19:59.999000+00:00,104.4844452289031,106.38133601836735,103.03767832245836,105.31112931629566,118.43832676191408,14800.29873359565,2515
2026-01-09T09:20:00+00:00,2026-01-09T09:24:59.999000+00:00,105.31112931629566,106.17348854195973,103.96099459371683,105.47287800891604,134.6623533077992,13225.719610077553,2516
2026-01-09T09:25:00+00:00,2026-01-09T09:29:59.999000+00:00,105.47287800891604,106.67042094824328,104.08218913377445,105.20763926824884,124.64654543658227,11515.337860785825,2517
2026-01-09T09:30:00+00:00,2026-01-09T09:34:59.999000+00:00,105.20763926824884,106.19897741333206,104.53348733328563,105.04071236551454,124.37972628212685,14535.716737764513,2518
2026-01-09T09:35:00+00:00,2026-01-09T09:39:59.999000+00:00,105.04071236551454,106.29899714170305,103.02527412947613,104.23557137232916,134.25429325039588,11233.07303135432,2519
2026-01-09T09:40:00+00:00,2026-01-09T09:44:59.999000+00:00,104.23557137232916,105.28394000851205,102.4600303075654,103.2795298211345,143.35786083041998,12639.754040787177,2520
2026-01-09T09:45:00+00:00,2026-01-09T09:49:59.999000+00:00,103.2795298211345,104.75520581455868,102.30689108868309,103.95695664576715,134.77404871648451,13911.033899239228,2521
2026-01-09T09:50:00+00:00,2026-01-09T09:54:59.999000+00:00,103.95695664576715,105.81582021819847,103.39897074397568,104.60963761235332,119.66812355261624,13582.835285074616,2522
2026-01-09T09:55:00+00:00,2026-01-09T09:59:59.999000+00:00,104.60963761235332,105.92325028712038,103.75492210651836,104.7100975104286,145.3203265996717,10731.873178245196,2523
2026-01-09T10:00:00+00:00,2026-01-09T10:04:59.999000+00:00,104.7100975104286,106.91723625646698,103.76658564689836,105.14970485434749,142.61843087305755,14605.533799903827,2524
2026-01-09T10:05:00+00:00,2026-01-09T10:09:59.999000+00:00,105.14970485434749,108.75186723367901,104.10566856220264,107.66436800113517,121.35026916600486,13377.0139508412,2525
2026-01-09T10:10:00+00:00,2026-01-09T10:14:59.999000+00:00,107.66436800113517,109.70142113935954,106.12413130007873,108.82530391749341,128.9334260021589,14859.199402007253,2526
2026-01-09T10:15:00+00:00,2026-01-09T10:19:59.999000+00:00,108.82530391749341,110.1362836259926,107.07034415554672,108.72560576307004,128.85710492907788,11899.64344484502,2527
2026-01-09T10:20:00+00:00,2026-01-09T10:24:59.999000+00:00,108.72560576307004,110.26065943356078,107.48532286500242,109.11886489822244,134.98854423132994,12572.942826054566,2528
2026-01-09T10:25:00+00:00,2026-01-09T10:29:59.999000+00:00,109.11886489822244,112.1945857049187,108.465550227213,110.59340352817317,136.81419607645867,14473.032168725404,2529
2026-01-09T10:30:00+00:00,2026-01-09T10:34:59.999000+00:00,110.59340352817317,111.52784408301896,108.45555131592943,110.21776519724865,118.1433481018581,14208.463134623484,2530
2026-01-09T10:35:00+00:00,2026-01-09T10:39:59.999000+00:00,110.21776519724865,110.93927371706106,107.97473144150159,108.97653446892686,125.66526953978676,12354.299583096912,2531
2026-01-09T10:40:00+00:00,2026-01-09T10:44:59.999000+00:00,108.97653446892686,110.64874090825424,106.43478472081348,107.48761353355061,141.91099911305395,14855.381386285806,2532
2026-01-09T10:45:00+00:00,2026-01-09T10:49:59.999000+00:00,107.48761353355061,109.18095464765715,105.8802090840685,106.43713154061963,130.43686693622232,12396.98832321854,2533
2026-01-09T10:50:00+00:00,2026-01-09T10:54:59.999000+00:00,106.43713154061963,107.89151256640311,102.26129970234285,103.55255869543277,149.7753920882833,12330.350899739453,2534
2026-01-09T10:55:00+00:00,2026-01-09T10:59:59.999000+00:00,103.55255869543277,104.86645141768635,100.47494242307062,101.53420516875754,146.0114122059982,10926.628699309853,2535
2026-01-09T11:00:00+00:00,2026-01-09T11:04:59.999000+00:00,101.53420516875754,102.43314428712603,99.3178704667936,100.26224637561104,125.80610654306963,10296.148122860935,2536
2026-01-09T11:05:00+00:00,2026-01-09T11:09:59.999000+00:00,100.26224637561104,101.78102717398738,96.67146457615038,97.72136740597703,113.52111556103188,14267.469673157511,2537
2026-01-09T11:10:00+00:00,2026-01-09T11:14:59.999000+00:00,97.72136740597703,99.19701999308421,95.42604018752108,96.3160832538762,149.00413794637754,10935.036671847023,2538
2026-01-09T11:15:00+00:00,2026-01-09T11:19:59.999000+00:00,96.3160832538762,96.93399607464056,95.17240395017743,96.06751933407216,142.5209270463959,9635.990878374458,2539
2026-01-09T11:20:00+00:00,2026-01-09T11:24:59.999000+00:00,96.06751933407216,96.84886356666212,95.05179716708997,95.82690936949392,145.8333891942088,12624.15204381115,2540
2026-01-09T11:25:00+00:00,2026-01-09T11:29:59.999000+00:00,95.82690936949392,96.85625233217321,93.45532530638401,95.1635857287955,108.74010606624415,12326.49900356623,2541
2026-01-09T11:30:00+00:00,2026-01-09T11:34:59.999000+00:00,95.1635857287955,96.02784756037819,93.50438573479974,95.16876428940205,129.7177633569437,11567.389578575285,2542
2026-01-09T11:35:00+00:00,2026-01-09T11:39:59.999000+00:00,95.16876428940205,96.9040093630881,94.02870296237572,95.0146720597194,114.36045234747785,13604.650000608362,2543
2026-01-09T11:40:00+00:00,2026-01-09T11:44:59.999000+00:00,95.0146720597194,97.59153882184185,93.66529924269369,96.34709654046024,145.35388961041224,13246.285253121243,2544
2026-01-09T11:45:00+00:00,2026-01-09T11:49:59.999000+00:00,96.34709654046024,97.78021888631515,95.30941994038692,96.66093079441904,103.39306088259164,13226.723124768214,2545
2026-01-09T11:50:00+00:00,2026-01-09T11:54:59.999000+00:00,96.66093079441904,97.79269887098765,94.92738916861278,96.7102323435188,135.72269542025413,13806.944667075988,2546
2026-01-09T11:55:00+00:00,2026-01-09T11:59:59.999000+00:00,96.7102323435188,97.63954218352275,95.21770178582163,95.86901990298185,143.36034740531971,10609.990492830617,2547
2026-01-09T12:00:00+00:00,2026-01-09T12:04:59.999000+00:00,95.86901990298185,96.83734833397806,92.95613879967092,94.54383649927603,110.87621007888895,13920.206919539422,2548
2026-01-09T12:05:00+00:00,2026-01-09T12:09:59.999000+00:00,94.54383649927603,96.13491578933446,93.09909116311253,93.98067836240544,136.27528582923816,13016.673724788005,2549
2026-01-09T12:10:00+00:00,2026-01-09T12:14:59.999000+00:00,93.98067836240544,95.09438381597357,92.76217119847051,93.7556276831811,139.58044365876137,10684.360913502127,2550
2026-01-09T12:15:00+00:00,2026-01-09T12:19:59.999000+00:00,93.7556276831811,95.33767228833509,91.49688604617427,92.12194117967933,143.05830392706451,11328.924427967831,2551
2026-01-09T12:20:00+00:00,2026-01-09T12:24:59.999000+00:00,92.12194117967933,93.01040149047343,90.26042059055018,90.89155653513613,140.33759815591455,10464.873005976036,2552
2026-01-09T12:25:00+00:00,2026-01-09T12:29:59.999000+00:00,90.89155653513613,92.68800391009869,89.49027565585523,91.09707705976562,142.54438454619137,9331.27034378709,2553
2026-01-09T12:30:00+00:00,2026-01-09T12:34:59.999000+00:00,91.09707705976562,91.70331504308764,88.86572981776419,90.04273113896247,104.90537132007653,9277.246880592966,2554
2026-01-09T12:35:00+00:00,2026-01-09T12:39:59.999000+00:00,90.04273113896247,91.34262830430792,88.02020686269532,89.79778332195818,136.2465771065889,12919.429155458936,2555
2026-01-09T12:40:00+00:00,2026-01-09T12:44:59.999000+00:00,89.79778332195818,91.51126875103375,89.25239532884109,90.98629091655945,142.92394105908485,10931.918133754776,2556
2026-01-09T12:45:00+00:00,2026-01-09T12:49:59.999000+00:00,90.98629091655945,92.95847264414938,89.51067460948077,92.155270068741,136.15477494315834,11294.899915606731,2557
2026-01-09T12:50:00+00:00,2026-01-09T12:54:59.999000+00:00,92.155270068741,94.26036361592763,91.25017552644617,93.72460701053846,111.81153142356891,13148.269060770692,2558
2026-01-09T12:55:00+00:00,2026-01-09T12:59:59.999000+00:00,93.72460701053846,95.74590968639885,93.04735851447765,95.12749021320117,117.39772233677459,12689.200351553738,2559
2026-01-09T13:00:00+00:00,2026-01-09T13:04:59.999000+00:00,95.12749021320117,98.96989745877967,94.19022638025224,97.70850887204638,127.61720729549214,13719.55219057349,2560
2026-01-09T13:05:00+00:00,2026-01-09T13:09:59.999000+00:00,97.70850887204638,100.39718652160307,96.24708237704155,98.94898941835577,126.56297834793199,10036.186546217039,2561
2026-01-09T13:10:00+00:00,2026-01-09T13:14:59.999000+00:00,98.94898941835577,102.80196656600272,97.85913098870775,101.43783963353326,122.82462541784355,13064.365490318878,2562
2026-01-09T13:15:00+00:00,2026-01-09T13:19:59.999000+00:00,101.43783963353326,104.02149226872054,99.83634215018022,102.94485716558349,147.58022430786184,10363.476748357145,2563
2026-01-09T13:20:00+00:00,2026-01-09T13:24:59.999000+00:00,102.94485716558349,106.17351383294947,102.01366526034508,104.439641507559,141.3433888538344,12702.90005397223,2564
2026-01-09T13:25:00+00:00,2026-01-09T13:29:59.999000+00:00,104.439641507559,106.18514241950814,103.47752574371482,105.38379142863785,141.00304921075337,14605.245126617114,2565
2026-01-09T13:30:00+00:00,2026-01-09T13:34:59.999000+00:00,105.38379142863785,105.96485363866712,103.43541659334838,105.1758978086555,113.2625575455061,11444.543769224367,2566
2026-01-09T13:35:00+00:00,2026-01-09T13:39:59.999000+00:00,105.1758978086555,106.80631789008122,103.70550013428964,104.78351723977048,137.70888232782897,13565.923556099187,2567
2026-01-09T13:40:00+00:00,2026-01-09T13:44:59.999000+00:00,104.78351723977048,107.37441299528375,103.81832853016819,105.85673012023801,102.1445231680388,11315.63078047615,2568
2026-01-09T13:45:00+00:00,2026-01-09T13:49:59.999000+00:00,105.85673012023801,106.4634181258855,104.21656405496181,105.20678019180332,144.5091882770975,15089.867070325015,2569
2026-01-09T13:50:00+00:00,2026-01-09T13:54:59.999000+00:00,105.20678019180332,106.08588326025284,103.1760820557035,104.55570544853398,106.50435177303258,15189.185002560409,2570
2026-01-09T13:55:00+00:00,2026-01-09T13:59:59.999000+00:00,104.55570544853398,105.09725962876762,102.23123013601005,103.46646055878037,115.29441827489151,12916.409585256743,2571
2026-01-09T14:00:00+00:00,2026-01-09T14:04:59.999000+00:00,103.46646055878037,104.79956674762984,101.81288876737983,104.05305781970861,117.02262749845582,12257.89058862476,2572
2026-01-09T14:05:00+00:00,2026-01-09T14:09:59.999000+00:00,104.05305781970861,105.56947674021204,102.5992531138968,104.55674802373493,143.27543733517064,15358.201498968165,2573
2026-01-09T14:10:00+00:00,2026-01-09T14:14:59.999000+00:00,104.55674802373493,105.54633306559296,103.53101366647228,104.87459612390013,112.28592100647347,15340.360115136395,2574
2026-01-09T14:15:00+00:00,2026-01-09T14:19:59.999000+00:00,104.87459612390013,107.08261122795261,103.82865714777212,105.3530466726073,140.88028905347196,14691.12549644191,2575
2026-01-09T14:20:00+00:00,2026-01-09T14:24:59.999000+00:00,105.3530466726073,108.10421004247121,103.9205089534709,107.5692005080373,111.55456908104975,12964.840725570208,2576
2026-01-09T14:25:00+00:00,2026-01-09T14:29:59.999000+00:00,107.5692005080373,110.20091893609661,106.23674773895594,108.55013025390191,119.97413141699573,14918.09403914447,2577
2026-01-09T14:30:00+00:00,2026-01-09T14:34:59.999000+00:00,108.55013025390191,109.88976367865689,107.12821601084377,108.1424425646934,107.44364720874286,12027.501609647172,2578
2026-01-09T14:35:00+00:00,2026-01-09T14:39:59.999000+00:00,108.1424425646934,111.1678793196046,106.87712284710875,109.70742185516502,131.34002421319224,14724.587667987538,2579
2026-01-09T14:40:00+00:00,2026-01-09T14:44:59.999000+00:00,109.70742185516502,111.12556615665208,108.98590378951519,109.73429279882501,146.3589549983268,11985.255370282544,2580
2026-01-09T14:45:00+00:00,2026-01-09T14:49:59.999000+00:00,109.73429279882501,111.39078133317334,107.99065816274717,109.4649174786129,136.29116457001214,14992.835047270375,2581
2026-01-09T14:50:00+00:00,2026-01-09T14:54:59.999000+00:00,109.4649174786129,110.72707780136626,106.71734407391368,107.8198728703674,103.39885553757958,14823.416561389608,2582
2026-01-09T14:55:00+00:00,2026-01-09T14:59:59.999000+00:00,107.8198728703674,109.16791009818488,106.33423227065762,107.3989842632201,132.60486317214455,11378.995240710688,2583
2026-01-09T15:00:00+00:00,2026-01-09T15:04:59.999000+00:00,107.3989842632201,108.99600012505469,105.46373112455677,106.14488297841126,135.86709469624276,14530.974590099104,2584
2026-01-09T15:05:00+00:00,2026-01-09T15:09:59.999000+00:00,106.14488297841126,106.73778219175045,102.19424525556211,103.22331428283294,111.51667633710282,11636.802901073546,2585
2026-01-09T15:10:00+00:00,2026-01-09T15:14:59.999000+00:00,103.22331428283294,103.92992931104612,100.49964139087491,101.35031918717262,129.0912798764527,12256.809483596879,2586
2026-01-09T15:15:00+00:00,2026-01-09T15:19:59.999000+00:00,101.35031918717262,101.91361046224436,99.055548013823,100.14016878769253,133.32612103345875,11934.283174524406,2587
2026-01-09T15:20:00+00:00,2026-01-09T15:24:59.999000+00:00,100.14016878769253,101.4081591525229,97.31992680420105,98.273869958909,123.64374459544052,11418.296789031885,2588
2026-01-09T15:25:00+00:00,2026-01-09T15:29:59.999000+00:00,98.273869958909,98.9501215999476,95.4589879463706,96.1146526994656,135.67929619591376,12902.566952765703,2589
2026-01-09T15:30:00+00:00,2026-01-09T15:34:59.999000+00:00,96.1146526994656,97.81264053129651,93.78438125205362,94.95578385102465,106.08955776007566,11158.798051101496,2590
2026-01-09T15:35:00+00:00,2026-01-09T15:39:59.999000+00:00,94.95578385102465,95.60489388375838,92.37874243529345,94.06230911824814,128.25129605543304,12504.229043396146,2591
2026-01-09T15:40:00+00:00,2026-01-09T15:44:59.999000+00:00,94.06230911824814,96.25513562555594,92.887918426462,95.04755590942773,129.96634802347012,13757.951654552828,2592
2026-01-09T15:45:00+00:00,2026-01-09T15:49:59.999000+00:00,95.04755590942773,96.23352660253532,93.58559479517918,94.86546039341177,131.79297503949596,9598.489582861053,2593
2026-01-09T15:50:00+00:00,2026-01-09T15:54:59.999000+00:00,94.86546039341177,96.06148458479188,93.27949535367493,95.38665430627309,123.28237991751367,10441.636286978019,2594
2026-01-09T15:55:00+00:00,2026-01-09T15:59:59.999000+00:00,95.38665430627309,96.4813778480153,93.66464062239334,94.93396845230976,118.76280349746497,13301.669452350685,2595
2026-01-09T16:00:00+00:00,2026-01-09T16:04:59.999000+00:00,94.93396845230976,97.41597320717685,93.4741070444233,95.68923084222892,118.62664031017015,12811.14559938309,2596
2026-01-09T16:05:00+00:00,2026-01-09T16:09:59.999000+00:00,95.68923084222892,97.15427758158076,94.52320683729198,95.16652129510824,116.08648012328297,14166.351163345553,2597
2026-01-09T16:10:00+00:00,2026-01-09T16:14:59.999000+00:00,95.16652129510824,96.87956344731582,94.62051408970476,95.28223837208961,100.94814250211549,10645.059860230462,2598
2026-01-09T16:15:00+00:00,2026-01-09T16:19:59.999000+00:00,95.28223837208961,95.8254935462874,93.24317592794107,94.62558270241148,101.77899524270742,10699.813881149064,2599
2026-01-09T16:20:00+00:00,2026-01-09T16:24:59.999000+00:00,94.62558270241148,95.7376514345453,92.90134262819971,94.7807944773252,144.1698527376607,10234.101958030158,2600
2026-01-09T16:25:00+00:00,2026-01-09T16:29:59.999000+00:00,94.7807944773252,96.37789650123739,92.61769824475243,93.35172007264994,105.01103977291989,10523.404614408782,2601
2026-01-09T16:30:00+00:00,2026-01-09T16:34:59.999000+00:00,93.35172007264994,94.38689367973515,90.98012102935431,92.06816109008635,117.70371963070055,13307.582945978906,2602
2026-01-09T16:35:00+00:00,2026-01-09T16:39:59.999000+00:00,92.06816109008635,93.23293533754149,90.46922150438105,91.42325143243828,121.90422912420554,12957.930441810506,2603
2026-01-09T16:40:00+00:00,2026-01-09T16:44:59.999000+00:00,91.42325143243828,92.38909721470138,89.60997238834486,91.16512055181578,129.38002571696322,10032.18780878613,2604
2026-01-09T16:45:00+00:00,2026-01-09T16:49:59.999000+00:00,91.16512055181578,91.89435292966589,89.43584276289275,90.12581968076964,109.84458557496951,10172.941219192033,2605
2026-01-09T16:50:00+00:00,2026-01-09T16:54:59.999000+00:00,90.12581968076964,91.05462242401914,88.63759524006669,90.52363211823099,104.3950277943608,10131.135494651167,2606
2026-01-09T16:55:00+00:00,2026-01-09T16:59:59.999000+00:00,90.52363211823099,93.10327644384242,89.28260714235752,91.74212637049602,126.7116883195205,10827.740255419767,2607
2026-01-09T17:00:00+00:00,2026-01-09T17:04:59.999000+00:00,91.74212637049602,94.75693537216027,91.20246631248884,93.26031079433385,125.33362069779521,13924.37651507349,2608
2026-01-09T17:05:00+00:00,2026-01-09T17:09:59.999000+00:00,93.26031079433385,94.39513480925638,92.68871217895021,93.43233589271387,102.72654334734709,9555.668369025683,2609
2026-01-09T17:10:00+00:00,2026-01-09T17:14:59.999000+00:00,93.43233589271387,96.9753577443675,91.83636489424458,95.85755705505359,118.92145727413865,13413.377681809156,2610
2026-01-09T17:15:00+00:00,2026-01-09T17:19:59.999000+00:00,95.85755705505359,99.86882785490054,94.2950141947686,98.23350231466144,104.89980853369782,12581.132930495107,2611
2026-01-09T17:20:00+00:00,2026-01-09T17:24:59.999000+00:00,98.23350231466144,100.71321424581345,97.70562885009751,99.8012710723924,124.02028666087527,13658.795725195847,2612
2026-01-09T17:25:00+00:00,2026-01-09T17:29:59.999000+00:00,99.8012710723924,103.21240931228601,98.85838358569683,101.4925844331141,114.57897446212854,10547.796896800977,2613
2026-01-09T17:30:00+00:00,2026-01-09T17:34:59.999000+00:00,101.4925844331141,104.95038055558761,100.11219784700185,103.71905739920201,136.38341815009977,13620.088007609917,2614
2026-01-09T17:35:00+00:00,2026-01-09T17:39:59.999000+00:00,103.71905739920201,105.61769704420568,102.00016582825027,105.0810754667725,143.83311222976405,13053.088776511084,2615
2026-01-09T17:40:00+00:00,2026-01-09T17:44:59.999000+00:00,105.0810754667725,107.05518737448992,103.97303241789136,106.18644119520621,107.34328498823939,15643.083823619829,2616
2026-01-09T17:45:00+00:00,2026-01-09T17:49:59.999000+00:00,106.18644119520621,108.3542178617094,105.59596575827089,106.58329257747084,140.4552329724391,12283.572255578905,2617
2026-01-09T17:50:00+00:00,2026-01-09T17:54:59.999000+00:00,106.58329257747084,107.34220660008083,103.60184981345249,105.20112253547497,119.58382281293001,11113.250061127013,2618
2026-01-09T17:55:00+00:00,2026-01-09T17:59:59.999000+00:00,105.20112253547497,106.33982095400059,103.55293770138664,104.86915610262172,139.55035167556906,14497.43443052124,2619
2026-01-09T18:00:00+00:00,2026-01-09T18:04:59.999000+00:00,104.86915610262172,106.57957395446546,104.08751522043721,104.80982160511168,116.25257834085286,11200.901839985974,2620
2026-01-09T18:05:00+00:00,2026-01-09T18:09:59.999000+00:00,104.80982160511168,105.65039187716347,103.24475655259998,105.00240749837357,130.08600212821398,13704.801758317326,2621
2026-01-09T18:10:00+00:00,2026-01-09T18:14:59.999000+00:00,105.00240749837357,106.47727590570526,104.0803849999653,104.73681786683369,127.22785911567229,15520.323751586135,2622
2026-01-09T18:15:00+00:00,2026-01-09T18:19:59.999000+00:00,104.73681786683369,106.89790142544,104.23467037754216,105.28477858276963,111.59725434094149,14625.01792661146,2623
2026-01-09T18:20:00+00:00,2026-01-09T18:24:59.999000+00:00,105.28477858276963,106.26519497592042,103.18667085461459,104.80959301405909,142.13736600425182,13577.982626285064,2624
2026-01-09T18:25:00+00:00,2026-01-09T18:29:59.999000+00:00,104.80959301405909,106.5933392427717,104.27376591934873,105.06167792492738,141.51678320563198,10880.155810707294,2625
2026-01-09T18:30:00+00:00,2026-01-09T18:34:59.999000+00:00,105.06167792492738,106.72546601887161,103.37229858587376,105.48064353926402,127.08521514758094,12420.047830004483,2626
2026-01-09T18:35:00+00:00,2026-01-09T18:39:59.999000+00:00,105.48064353926402,108.05082127876537,104.4561129120914,106.98347856606605,138.4203898299208,11439.984472441132,2627
2026-01-09T18:40:00+00:00,2026-01-09T18:44:59.999000+00:00,106.98347856606605,108.94556516308182,106.05065292873977,108.16088235515703,108.47009344640018,13778.10817367647,2628
2026-01-09T18:45:00+00:00,2026-01-09T18:49:59.999000+00:00,108.16088235515703,110.7446790010726,107.57088427756098,109.2252368235631,134.71324871974093,13341.065770066121,2629
2026-01-09T18:50:00+00:00,2026-01-09T18:54:59.999000+00:00,109.2252368235631,110.93013363789335,107.78029073603497,108.74999209793646,124.48409250218069,16191.341832502138,2630
2026-01-09T18:55:00+00:00,2026-01-09T18:59:59.999000+00:00,108.74999209793646,110.32907543310482,107.70838577272372,108.80931659009345,138.39617981319768,15235.77993793347,2631
2026-01-09T19:00:00+00:00,2026-01-09T19:04:59.999000+00:00,108.80931659009345,109.7236378740866,107.64527536958737,108.17642123494295,118.36550905815562,13098.282569646024,2632
2026-01-09T19:05:00+00:00,2026-01-09T19:09:59.999000+00:00,108.17642123494295,109.87735006173129,106.36501098163153,108.11469376327692,106.38494061314452,12672.197638374442,2633
2026-01-09T19:10:00+00:00,2026-01-09T19:14:59.999000+00:00,108.11469376327692,108.65005836110878,105.23536385337889,106.06420866187842,131.20579735279557,14720.495723308777,2634
2026-01-09T19:15:00+00:00,2026-01-09T19:19:59.999000+00:00,106.06420866187842,107.7180051645248,104.23447013754422,104.9103665402922,101.15752066512854,13713.342994923554,2635
2026-01-09T19:20:00+00:00,2026-01-09T19:24:59.999000+00:00,104.9103665402922,105.84089693807312,101.91278720270365,102.66057588947396,111.58743561106373,13755.313123610158,2636
2026-01-09T19:25:00+00:00,2026-01-09T19:29:59.999000+00:00,102.66057588947396,103.65799115325936,99.6665407216363,101.27601248436379,109.75492306108927,15175.480563820627,2637
2026-01-09T19:30:00+00:00,2026-01-09T19:34:59.999000+00:00,101.27601248436379,102.88454077150462,97.74926839376893,98.63068590625062,124.84452812407315,10411.29507171276,2638
2026-01-09T19:35:00+00:00,2026-01-09T19:39:59.999000+00:00,98.63068590625062,99.7948076630939,95.54290023904838,97.19771340435317,121.58361651999635,13319.211201508013,2639
2026-01-09T19:40:00+00:00,2026-01-09T19:44:59.999000+00:00,97.19771340435317,98.10276972954657,93.96923776138082,95.7528973458471,112.95081092173578,9713.670881337217,2640
2026-01-09T19:45:00+00:00,2026-01-09T19:49:59.999000+00:00,95.7528973458471,96.94172361317784,93.96810528089746,94.77989153995404,139.14875744844932,14104.314603938186,2641
2026-01-09T19:50:00+00:00,2026-01-09T19:54:59.999000+00:00,94.77989153995404,96.45412588339123,92.86756604765405,93.52172026233637,111.4659720462348,9576.23704873137,2642
2026-01-09T19:55:00+00:00,2026-01-09T19:59:59.999000+00:00,93.52172026233637,94.76701656026654,92.23071187660284,93.43406214249237,122.50866878469267,10785.915533496607,2643
2026-01-09T20:00:00+00:00,2026-01-09T20:04:59.999000+00:00,93.43406214249237,94.80953784289946,92.5961992922736,94.20209868739404,129.7832645486405,9506.274407500414,2644
2026-01-09T20:05:00+00:00,2026-01-09T20:09:59.999000+00:00,94.20209868739404,96.68660734044036,93.09438569389148,95.25091551481606,146.37405753986224,12437.940259228357,2645
2026-01-09T20:10:00+00:00,2026-01-09T20:14:59.999000+00:00,95.25091551481606,96.17557473881631,94.71441902759899,95.53881111510432,139.7385597471511,10510.335320642025,2646
2026-01-09T20:15:00+00:00,2026-01-09T20:19:59.999000+00:00,95.53881111510432,96.60983897541087,93.27088695441122,94.67402406600829,122.2579364922008,9637.418137806424,2647
2026-01-09T20:20:00+00:00,2026-01-09T20:24:59.999000+00:00,94.67402406600829,96.0052545698455,93.29341004205527,94.68342326168431,147.03360437954515,14078.989126628201,2648
2026-01-09T20:25:00+00:00,2026-01-09T20:29:59.999000+00:00,94.68342326168431,96.02690362409972,93.5069121594041,95.23880033596393,133.8383933839822,13567.17209177338,2649
2026-01-09T20:30:00+00:00,2026-01-09T20:34:59.999000+00:00,95.23880033596393,95.83013276812191,93.732629077106,94.86602786773477,149.26406628784068,11463.67644712664,2650
2026-01-09T20:35:00+00:00,2026-01-09T20:39:59.999000+00:00,94.86602786773477,96.22461930392777,93.82770205278145,94.40566236662414,109.0354612089515,14006.317923167158,2651
2026-01-09T20:40:00+00:00,2026-01-09T20:44:59.999000+00:00,94.40566236662414,96.15339180555095,92.37804930398948,93.28899466536328,128.99569301421354,9376.59746149082,2652
2026-01-09T20:45:00+00:00,2026-01-09T20:49:59.999000+00:00,93.28899466536328,94.82981819800824,91.2078286541748,92.62984268216715,110.03214498148077,9545.093310246308,2653
2026-01-09T20:50:00+00:00,2026-01-09T20:54:59.999000+00:00,92.62984268216715,94.36178584933884,91.05143701341858,91.80028694096325,147.84681506734762,11824.788692826514,2654
2026-01-09T20:55:00+00:00,2026-01-09T20:59:59.999000+00:00,91.80028694096325,93.3996649931367,90.63023996391813,91.8378731212297,108.00945471330147,12580.224554168472,2655
2026-01-09T21:00:00+00:00,2026-01-09T21:04:59.999000+00:00,91.8378731212297,93.05120738048352,90.28210840243311,91.42374764758748,110.1562917407945,10919.706949703697,2656
2026-01-09T21:05:00+00:00,2026-01-09T21:09:59.999000+00:00,91.42374764758748,92.66578494383536,89.76442852054507,91.87656305167799,109.45248019252291,9999.417748888205,2657
2026-01-09T21:10:00+00:00,2026-01-09T21:14:59.999000+00:00,91.87656305167799,93.75526895117298,90.97779933120506,92.5260565227059,103.7301976685807,13136.488666288056,2658
2026-01-09T21:15:00+00:00,2026-01-09T21:19:59.999000+00:00,92.5260565227059,93.06162385228252,91.45509204363918,92.49798464235795,144.4585647283145,11840.209926622305,2659
2026-01-09T21:20:00+00:00,2026-01-09T21:24:59.999000+00:00,92.49798464235795,95.7503594137372,90.71945174095359,94.57739121275505,133.7718875690079,11720.127183700006,2660
2026-01-09T21:25:00+00:00,2026-01-09T21:29:59.999000+00:00,94.57739121275505,97.95152281823168,93.19242974361488,96.34876443584945,125.05715386840572,12699.520355179364,2661
2026-01-09T21:30:00+00:00,2026-01-09T21:34:59.999000+00:00,96.34876443584945,99.6330085640562,94.67099421931188,98.25528631444085,105.27563544018147,12655.137836981594,2662
2026-01-09T21:35:00+00:00,2026-01-09T21:39:59.999000+00:00,98.25528631444085,102.19290767875162,97.33507957043815,100.77522444708829,143.8674812754998,10174.469981745693,2663
2026-01-09T21:40:00+00:00,2026-01-09T21:44:59.999000+00:00,100.77522444708829,103.58374363274228,100.22104467368756,102.46317069547382,125.43850875562431,10368.972408014482,2664
2026-01-09T21:45:00+00:00,2026-01-09T21:49:59.999000+00:00,102.46317069547382,105.57004507377725,101.03525860319984,104.71903530454004,103.4051719151963,12061.373053368388,2665
2026-01-09T21:50:00+00:00,2026-01-09T21:54:59.999000+00:00,104.71903530454004,106.73897902070526,104.0520514238834,106.00849689562173,130.28107647293476,15324.10454391153,2666
2026-01-09T21:55:00+00:00,2026-01-09T21:59:59.999000+00:00,106.00849689562173,106.8739002798839,104.34973434714887,105.84158950528803,105.55524388346868,15074.664847216802,2667
2026-01-09T22:00:00+00:00,2026-01-09T22:04:59.999000+00:00,105.84158950528803,107.34177606701031,104.39143973709311,105.63213808796961,141.98289439566125,12035.792589197761,2668
2026-01-09T22:05:00+00:00,2026-01-09T22:09:59.999000+00:00,105.63213808796961,107.10281139459363,104.62022448067023,106.59377349469723,129.65361112365875,12447.87133163398,2669
2026-01-09T22:10:00+00:00,2026-01-09T22:14:59.999000+00:00,106.59377349469723,107.56712788437915,103.93831650170497,105.48089225012141,148.84989483835687,12093.855187033536,2670
2026-01-09T22:15:00+00:00,2026-01-09T22:19:59.999000+00:00,105.48089225012141,107.1356889251152,104.85847118192085,106.16347170783114,113.13876542671615,11152.494741878343,2671
2026-01-09T22:20:00+00:00,2026-01-09T22:24:59.999000+00:00,106.16347170783114,107.91083549392363,104.53440605977826,105.4435290412613,103.52241610731951,14231.089182086931,2672
2026-01-09T22:25:00+00:00,2026-01-09T22:29:59.999000+00:00,105.4435290412613,106.42899167764266,103.69214641085973,104.92679560463088,129.25677723089365,13245.887886140028,2673
2026-01-09T22:30:00+00:00,2026-01-09T22:34:59.999000+00:00,104.92679560463088,105.85874912456978,104.30710137311088,105.00672824123899,145.7225596473209,13193.329062998431,2674
2026-01-09T22:35:00+00:00,2026-01-09T22:39:59.999000+00:00,105.00672824123899,105.65963375971904,103.69576027098408,105.13761312843712,102.54984462693051,14411.648826641082,2675
2026-01-09T22:40:00+00:00,2026-01-09T22:44:59.999000+00:00,105.13761312843712,107.37934548893276,103.6695680062402,105.723572008337,103.03211178877798,13918.885889797928,2676
2026-01-09T22:45:00+00:00,2026-01-09T22:49:59.999000+00:00,105.723572008337,107.37056679049022,104.61971674727573,105.95155941198915,140.59881319505305,14369.32638334661,2677
2026-01-09T22:50:00+00:00,2026-01-09T22:54:59.999000+00:00,105.95155941198915,108.3222102982906,104.43275024574035,107.81302538535317,121.95541256736772,15012.019626652576,2678
2026-01-09T22:55:00+00:00,2026-01-09T22:59:59.999000+00:00,107.81302538535317,109.29192455538545,106.5170589843546,107.96516877205613,119.8314262801262,14992.884280509606,2679
2026-01-09T23:00:00+00:00,2026-01-09T23:04:59.999000+00:00,107.96516877205613,110.16614988247126,106.68746188864274,108.45579615595848,107.80601259170477,13033.573568102871,2680
2026-01-09T23:05:00+00:00,2026-01-09T23:09:59.999000+00:00,108.45579615595848,109.07616282475759,107.38484096314356,108.35104969243308,120.15732254432203,13512.495860083147,2681
2026-01-09T23:10:00+00:00,2026-01-09T23:14:59.999000+00:00,108.35104969243308,109.80821073226763,106.41759869898839,108.07532932204356,128.17950988192314,11387.728483833065,2682
2026-01-09T23:15:00+00:00,2026-01-09T23:19:59.999000+00:00,108.07532932204356,109.33514417832932,107.11068217344507,108.32479474696255,122.02439025620268,11411.374007382314,2683
2026-01-09T23:20:00+00:00,2026-01-09T23:24:59.999000+00:00,108.32479474696255,108.91124931529424,105.42844432164544,107.10680670499184,119.70898860671629,14095.66749049489,2684
2026-01-09T23:25:00+00:00,2026-01-09T23:29:59.999000+00:00,107.10680670499184,108.46863238155998,104.71700427514581,105.38916997557823,144.25816749128217,11827.607288617328,2685
2026-01-09T23:30:00+00:00,2026-01-09T23:34:59.999000+00:00,105.38916997557823,106.35732024543209,102.5317257616945,104.25760309697942,123.23269396169226,12113.86527663297,2686
2026-01-09T23:35:00+00:00,2026-01-09T23:39:59.999000+00:00,104.25760309697942,105.45898111591696,100.52212136053473,102.15138836630838,119.92642944384004,15293.113077239175,2687
2026-01-09T23:40:00+00:00,2026-01-09T23:44:59.999000+00:00,102.15138836630838,103.87850916562226,98.87011270823177,100.37420545253218,104.47901712736976,14381.067823506779,2688
2026-01-09T23:45:00+00:00,2026-01-09T23:49:59.999000+00:00,100.37420545253218,101.16564321604349,95.78917998045442,96.94181403687901,144.92211842645705,13161.1382873557,2689
2026-01-09T23:50:00+00:00,2026-01-09T23:54:59.999000+00:00,96.94181403687901,98.38249197916544,95.10125738135727,96.687315361345,104.22484898779378,12576.164982402122,2690
2026-01-09T23:55:00+00:00,2026-01-09T23:59:59.999000+00:00,96.687315361345,98.15340099204936,93.25254226031798,94.44826037913028,123.1486991710976,12266.747566814462,2691
2026-01-10T00:00:00+00:00,2026-01-10T00:04:59.999000+00:00,94.44826037913028,96.10734944999338,93.01679111136893,93.84225988028375,112.49526403600763,13400.813581330318,2692
2026-01-10T00:05:00+00:00,2026-01-10T00:09:59.999000+00:00,93.84225988028375,94.64284604303249,92.2864148908861,92.96061400040021,130.20215144243684,9726.577184997723,2693
2026-01-10T00:10:00+00:00,2026-01-10T00:14:59.999000+00:00,92.96061400040021,93.7579561079254,92.07607280779706,92.641191100157,136.71040988881987,11428.40665799278,2694
2026-01-10T00:15:00+00:00,2026-01-10T00:19:59.999000+00:00,92.641191100157,96.10493145255963,91.59734379338086,94.4365813211494,146.85898706894758,13349.9254210724,2695
2026-01-10T00:20:00+00:00,2026-01-10T00:24:59.999000+00:00,94.4365813211494,96.01199866831276,93.36916293502344,94.0373658132491,100.5907614144148,12799.478163901924,2696
2026-01-10T00:25:00+00:00,2026-01-10T00:29:59.999000+00:00,94.0373658132491,95.51212639125289,93.15455888028644,94.08743571328105,117.98731266152338,13931.301695146738,2697
2026-01-10T00:30:00+00:00,2026-01-10T00:34:59.999000+00:00,94.08743571328105,96.97410030332674,93.05571938406152,95.56658524851387,102.43678038208324,11139.077359132663,2698
2026-01-10T00:35:00+00:00,2026-01-10T00:39:59.999000+00:00,95.56658524851387,96.77391132869394,93.71612673234658,94.63455310538858,134.41981669999024,10575.649978792648,2699
2026-01-10T00:40:00+00:00,2026-01-10T00:44:59.999000+00:00,94.63455310538858,96.15520450669408,93.60046846333287,95.4502084271764,114.3417833882597,11399.289156586428,2700
2026-01-10T00:45:00+00:00,2026-01-10T00:49:59.999000+00:00,95.4502084271764,96.70913332525402,93.13531210154406,94.08780910802088,135.47461175237163,13201.384035819554,2701
2026-01-10T00:50:00+00:00,2026-01-10T00:54:59.999000+00:00,94.08780910802088,95.32718757050951,93.07968372034011,93.652565497003,139.1319663255761,12784.58113344541,2702
2026-01-10T00:55:00+00:00,2026-01-10T00:59:59.999000+00:00,93.652565497003,94.57446268881088,91.69829199562858,93.36352981517973,147.16398084383408,9667.053558554273,2703
2026-01-10T01:00:00+00:00,2026-01-10T01:04:59.999000+00:00,93.36352981517973,95.11258668100602,91.40362619148996,92.69112993926426,125.83130012596895,12363.86712262467,2704
2026-01-10T01:05:00+00:00,2026-01-10T01:09:59.999000+00:00,92.69112993926426,93.22044441888244,90.58047324706368,91.42232036773945,110.90949982515998,11758.68311942505,2705
2026-01-10T01:10:00+00:00,2026-01-10T01:14:59.999000+00:00,91.42232036773945,91.95847188168348,89.81629781092089,91.23725288279051,109.0492079301348,11360.33551138793,2706
2026-01-10T01:15:00+00:00,2026-01-10T01:19:59.999000+00:00,91.23725288279051,93.50242599155463,90.04266451015081,92.09246409332496,143.19751356030014,10206.712281633865,2707
2026-01-10T01:20:00+00:00,2026-01-10T01:24:59.999000+00:00,92.09246409332496,92.62953415175133,90.19760413796955,90.92620498988728,116.39383230650671,11251.143415298184,2708
2026-01-10T01:25:00+00:00,2026-01-10T01:29:59.999000+00:00,90.92620498988728,93.18636447610713,90.36009991505455,92.63995635909407,121.66501740883905,10594.776958487135,2709
2026-01-10T01:30:00+00:00,2026-01-10T01:34:59.999000+00:00,92.63995635909407,95.05734583052063,91.9905759278174,94.15658016657889,130.23906498750594,12749.543759996603,2710
2026-01-10T01:35:00+00:00,2026-01-10T01:39:59.999000+00:00,94.15658016657889,97.15245072949247,93.15838743321397,96.08826719971478,130.6030324880814,12093.823868800833,2711
2026-01-10T01:40:00+00:00,2026-01-10T01:44:59.999000+00:00,96.08826719971478,98.82374526762995,95.41010974504776,97.20670897000133,117.88921012680001,14312.194330111104,2712
2026-01-10T01:45:00+00:00,2026-01-10T01:49:59.999000+00:00,97.20670897000133,100.27821237823726,95.75517900092618,99.65479336905037,134.40024952162221,12142.632782729786,2713
2026-01-10T01:50:00+00:00,2026-01-10T01:54:59.999000+00:00,99.65479336905037,103.57496976098486,98.17044061610542,101.80962244205752,108.04615540843308,14590.595829863814,2714
2026-01-10T01:55:00+00:00,2026-01-10T01:59:59.999000+00:00,101.80962244205752,104.08060535153895,101.17892826650306,102.88643426797661,141.8096055253697,10587.70542559082,2715
2026-01-10T02:00:00+00:00,2026-01-10T02:04:59.999000+00:00,102.88643426797661,104.84435582389342,101.83898502074369,104.248585411817,119.49473489674423,14102.835356976293,2716
2026-01-10T02:05:00+00:00,2026-01-10T02:09:59.999000+00:00,104.248585411817,107.01005233550427,103.34490224930948,106.42685446638421,111.04186794479186,13477.639772380418,2717
2026-01-10T02:10:00+00:00,2026-01-10T02:14:59.999000+00:00,106.42685446638421,109.1557907556781,105.4089637199729,107.48931707450714,118.92195989502022,12892.004216577421,2718
2026-01-10T02:15:00+00:00,2026-01-10T02:19:59.999000+00:00,107.48931707450714,108.8791167830219,106.22143897945949,106.72950144896731,133.06099865862652,15636.25882414793,2719
2026-01-10T02:20:00+00:00,2026-01-10T02:24:59.999000+00:00,106.72950144896731,108.14700875815939,105.77518392159169,106.89828576847559,110.81084249837986,11299.166020179005,2720
2026-01-10T02:25:00+00:00,2026-01-10T02:29:59.999000+00:00,106.89828576847559,107.44753882652647,104.62128595607139,105.84820727691435,137.4464705565918,10806.645550985584,2721
2026-01-10T02:30:00+00:00,2026-01-10T02:34:59.999000+00:00,105.84820727691435,107.72754354524182,104.94176721483024,106.48629068679504,125.51792850038518,15501.346965026702,2722
2026-01-10T02:35:00+00:00,2026-01-10T02:39:59.999000+00:00,106.48629068679504,107.2338896152117,104.88914374817686,105.41369961153235,116.04868058174424,11381.307743524258,2723
2026-01-10T02:40:00+00:00,2026-01-10T02:44:59.999000+00:00,105.41369961153235,106.89175717912754,103.54938822845918,104.39255485441775,114.15198726477438,15525.762056023395,2724
2026-01-10T02:45:00+00:00,2026-01-10T02:49:59.999000+00:00,104.39255485441775,106.71730025577459,103.05597886501823,105.22657881979059,149.61924941382225,12660.322926606665,2725
2026-01-10T02:50:00+00:00,2026-01-10T02:54:59.999000+00:00,105.22657881979059,106.7535552514943,103.61903364172021,105.83127131854468,136.89893434619623,13640.666311392653,2726
2026-01-10T02:55:00+00:00,2026-01-10T02:59:59.999000+00:00,105.83127131854468,106.37409154372291,104.6055314324947,105.12815970321645,130.5050013475992,10610.009425389257,2727
2026-01-10T03:00:00+00:00,2026-01-10T03:04:59.999000+00:00,105.12815970321645,106.82677618159782,104.28822454225258,105.86564841530229,111.39617982268894,15035.065216348152,2728
2026-01-10T03:05:00+00:00,2026-01-10T03:09:59.999000+00:00,105.86564841530229,107.34405243828574,105.29276732777282,106.58160812108467,149.83072344657262,13595.730261916227,2729
2026-01-10T03:10:00+00:00,2026-01-10T03:14:59.999000+00:00,106.58160812108467,109.25533075405514,105.19545254389318,107.77429437571318,121.0893336460387,13877.360802782256,2730
2026-01-10T03:15:00+00:00,2026-01-10T03:19:59.999000+00:00,107.77429437571318,109.51561236802252,107.1996551961605,108.9580516079525,113.51990285700066,12967.93456974088,2731
2026-01-10T03:20:00+00:00,2026-01-10T03:24:59.999000+00:00,108.9580516079525,110.64496669308403,107.61304121042546,108.41777395070848,144.79301080022108,14973.135796189248,2732
2026-01-10T03:25:00+00:00,2026-01-10T03:29:59.999000+00:00,108.41777395070848,109.23471324122572,106.7535609760724,107.55981954423474,117.8358942504292,10831.436863462723,2733
2026-01-10T03:30:00+00:00,2026-01-10T03:34:59.999000+00:00,107.55981954423474,109.20938977163459,106.68647636156263,107.73217021482662,127.26789967450532,11410.419767154966,2734
2026-01-10T03:35:00+00:00,2026-01-10T03:39:59.999000+00:00,107.73217021482662,109.39764059550124,105.14403503433208,105.84032949091372,131.21124893607887,13732.319623272502,2735
2026-01-10T03:40:00+00:00,2026-01-10T03:44:59.999000+00:00,105.84032949091372,107.56179532891879,103.73251499678676,104.42134340297542,103.30623043427991,14515.0631644805,2736
2026-01-10T03:45:00+00:00,2026-01-10T03:49:59.999000+00:00,104.42134340297542,105.2055678294756,101.03754861322089,102.54960620785218,125.77391249973394,10946.273420698319,2737
2026-01-10T03:50:00+00:00,2026-01-10T03:54:59.999000+00:00,102.54960620785218,103.67061588664423,100.72345482890384,101.24472061815499,141.50487601093036,13732.039710571746,2738
2026-01-10T03:55:00+00:00,2026-01-10T03:59:59.999000+00:00,101.24472061815499,102.2796422944727,98.16742294095498,98.9015922833932,128.09623943619926,13871.118100276417,2739
2026-01-10T04:00:00+00:00,2026-01-10T04:04:59.999000+00:00,98.9015922833932,99.50532465071814,96.30141835396857,97.26163414572126,117.34843002147551,14519.842882455678,2740
2026-01-10T04:05:00+00:00,2026-01-10T04:09:59.999000+00:00,97.26163414572126,98.3327509023219,94.62926961210373,95.98641635199273,108.03811927230991,11753.099007624447,2741
2026-01-10T04:10:00+00:00,2026-01-10T04:14:59.999000+00:00,95.98641635199273,97.35568534004919,93.24065312057748,94.14625013274289,128.30258150975624,13333.953891956284,2742
2026-01-10T04:15:00+00:00,2026-01-10T04:19:59.999000+00:00,94.14625013274289,95.88938646132985,91.91125696996401,93.08159360746555,129.41484475593128,10049.119934490678,2743
2026-01-10T04:20:00+00:00,2026-01-10T04:24:59.999000+00:00,93.08159360746555,93.76342630400973,90.93762255692826,92.42918615952729,135.9873592764906,9798.649154372599,2744
2026-01-10T04:25:00+00:00,2026-01-10T04:29:59.999000+00:00,92.42918615952729,95.096830486948,91.86299262881163,93.50509074350283,101.4819882812275,9869.192407863053,2745
2026-01-10T04:30:00+00:00,2026-01-10T04:34:59.999000+00:00,93.50509074350283,95.7369329370852,92.00649592251868,94.06025682418567,120.63634664208075,10328.89813696859,2746
2026-01-10T04:35:00+00:00,2026-01-10T04:39:59.999000+00:00,94.06025682418567,94.9207082135334,93.08972014421855,93.8698214474021,123.68010032908872,12784.711970276523,2747
2026-01-10T04:40:00+00:00,2026-01-10T04:44:59.999000+00:00,93.8698214474021,94.80764918870643,92.18133977240932,94.2437091791819,117.88969783081791,12001.899272912056,2748
2026-01-10T04:45:00+00:00,2026-01-10T04:49:59.999000+00:00,94.2437091791819,96.29675722913181,92.99724806196294,94.60489516444213,130.2744576909493,11184.952432689843,2749
2026-01-10T04:50:00+00:00,2026-01-10T04:54:59.999000+00:00,94.60489516444213,96.6467872534518,93.84745829590638,94.98822166810369,149.99276472241758,9535.459992630484,2750
2026-01-10T04:55:00+00:00,2026-01-10T04:59:59.999000+00:00,94.98822166810369,96.33248256400671,94.1196535066017,95.06124122749453,130.19260936852578,13071.970227146561,2751
2026-01-10T05:00:00+00:00,2026-01-10T05:04:59.999000+00:00,95.06124122749453,96.37578899654319,93.51647014744346,95.29056756897927,146.46840631888685,11550.277802973858,2752
2026-01-10T05:05:00+00:00,2026-01-10T05:09:59.999000+00:00,95.29056756897927,96.53522255461378,93.24537097024078,94.35963526104987,136.4893694578564,11009.03640378129,2753
2026-01-10T05:10:00+00:00,2026-01-10T05:14:59.999000+00:00,94.35963526104987,95.07159866916741,91.51089132355375,93.3098857618993,135.064220494479,11454.86210583676,2754
2026-01-10T05:15:00+00:00,2026-01-10T05:19:59.999000+00:00,93.3098857618993,94.6339955476272,91.45172917766385,92.70261771588952,123.49683610158883,9495.229184442554,2755
2026-01-10T05:20:00+00:00,2026-01-10T05:24:59.999000+00:00,92.70261771588952,94.23900613278029,90.9737868178221,92.17748834902675,107.9707417110087,10565.871334346393,2756
2026-01-10T05:25:00+00:00,2026-01-10T05:29:59.999000+00:00,92.17748834902675,94.19752279893133,91.33549526758935,92.50557515525796,114.77739850885331,10696.78152374831,2757
2026-01-10T05:30:00+00:00,2026-01-10T05:34:59.999000+00:00,92.50557515525796,93.7762466693817,90.46716626505123,91.28619080068195,126.74245958257058,13409.831920680594,2758
2026-01-10T05:35:00+00:00,2026-01-10T05:39:59.999000+00:00,91.28619080068195,94.78458669318755,90.34511551922135,93.03271463647965,105.1186817126383,9642.209807342006,2759
2026-01-10T05:40:00+00:00,2026-01-10T05:44:59.999000+00:00,93.03271463647965,93.55653768590996,91.76137780644031,92.44080771598868,131.7910796000064,11675.170167055769,2760
2026-01-10T05:45:00+00:00,2026-01-10T05:49:59.999000+00:00,92.44080771598868,95.54868229326,90.81807918442395,94.99806830102372,132.12954976425206,13163.120301484338,2761
2026-01-10T05:50:00+00:00,2026-01-10T05:54:59.999000+00:00,94.99806830102372,97.18885239107586,94.3307437301694,96.54530046191128,147.9852401298602,12820.912044058134,2762
2026-01-10T05:55:00+00:00,2026-01-10T05:59:59.999000+00:00,96.54530046191128,99.85023923641671,95.26328007146395,98.9318025465347,104.44708109665318,13923.591631758638,2763
2026-01-10T06:00:00+00:00,2026-01-10T06:04:59.999000+00:00,98.9318025465347,101.49744090964097,97.45786775584747,100.41213711563265,134.23994521645807,14005.750131612725,2764
2026-01-10T06:05:00+00:00,2026-01-10T06:09:59.999000+00:00,100.41213711563265,103.60747467744486,99.06469796607858,102.8028875464625,125.24572527343534,11138.082942260673,2765
2026-01-10T06:10:00+00:00,2026-01-10T06:14:59.999000+00:00,102.8028875464625,105.68913974097673,101.33095636079483,105.13743016956884,118.31271647591204,10935.129079687387,2766
2026-01-10T06:15:00+00:00,2026-01-10T06:19:59.999000+00:00,105.13743016956884,106.28018613037774,103.96034075757034,105.36145136267625,122.92938560242528,13382.47439023407,2767
2026-01-10T06:20:00+00:00,2026-01-10T06:24:59.999000+00:00,105.36145136267625,107.432840548082,103.99007456178936,106.16166796730843,105.4610224520924,11974.001875412956,2768
2026-01-10T06:25:00+00:00,2026-01-10T06:29:59.999000+00:00,106.16166796730843,109.36725354294965,104.468668355207,107.8650425231732,131.62248331413184,14056.001590237438,2769
2026-01-10T06:30:00+00:00,2026-01-10T06:34:59.999000+00:00,107.8650425231732,108.86630866903513,106.17978839409186,106.85166528741212,110.35193949381168,11895.667658817132,2770
2026-01-10T06:35:00+00:00,2026-01-10T06:39:59.999000+00:00,106.85166528741212,108.73422722529732,105.68345313795662,107.07986777124823,102.02656993605247,10907.646925582374,2771
2026-01-10T06:40:00+00:00,2026-01-10T06:44:59.999000+00:00,107.07986777124823,107.97557352838643,106.42258108206555,107.28528163275257,102.49736714437704,12962.165702061899,2772
2026-01-10T06:45:00+00:00,2026-01-10T06:49:59.999000+00:00,107.28528163275257,108.60797942528926,104.74765580292525,106.34104696266287,131.12209322987698,12900.503753311063,2773
2026-01-10T06:50:00+00:00,2026-01-10T06:54:59.999000+00:00,106.34104696266287,107.0377813889971,104.96885874345416,105.7996654246652,136.98485139025556,15169.12265244303,2774
2026-01-10T06:55:00+00:00,2026-01-10T06:59:59.999000+00:00,105.7996654246652,106.44391806988565,103.49378556564041,104.32669987978086,135.97561590825927,12999.343923095072,2775
2026-01-10T07:00:00+00:00,2026-01-10T07:04:59.999000+00:00,104.32669987978086,107.29210639973009,102.85818795125694,105.65888893860627,143.36243413091123,15111.157004728646,2776
2026-01-10T07:05:00+00:00,2026-01-10T07:09:59.999000+00:00,105.65888893860627,106.53184722617101,104.49878706532601,105.89581869722824,133.22269291226607,10756.119698540233,2777
2026-01-10T07:10:00+00:00,2026-01-10T07:14:59.999000+00:00,105.89581869722824,106.63733850794975,105.33877409306955,106.00621354153726,126.62011153187659,12936.159147307933,2778
2026-01-10T07:15:00+00:00,2026-01-10T07:19:59.999000+00:00,106.00621354153726,106.58738540825648,103.96844510583932,105.72029495549498,139.26799904395403,11502.449299679434,2779
2026-01-10T07:20:00+00:00,2026-01-10T07:24:59.999000+00:00,105.72029495549498,107.86447665533402,103.94737576073992,106.2333602937895,138.03883602665456,15233.654138585904,2780
2026-01-10T07:25:00+00:00,2026-01-10T07:29:59.999000+00:00,106.2333602937895,107.33326756788053,105.20501650777581,106.69492128018008,146.91338529812865,10867.625044769291,2781
2026-01-10T07:30:00+00:00,2026-01-10T07:34:59.999000+00:00,106.69492128018008,109.40435290154272,105.66273397666556,108.35097532977322,131.23187105917006,15792.053721943803,2782
2026-01-10T07:35:00+00:00,2026-01-10T07:39:59.999000+00:00,108.35097532977322,109.36278757457652,107.69284263772842,108.27394621886936,128.26745719797637,14851.978668817486,2783
2026-01-10T07:40:00+00:00,2026-01-10T07:44:59.999000+00:00,108.27394621886936,109.67501405616096,106.71188805933845,107.7760979708966,134.04877040550545,11154.636647946742,2784
2026-01-10T07:45:00+00:00,2026-01-10T07:49:59.999000+00:00,107.7760979708966,108.90855272913876,105.53110766346853,106.21350407335517,110.02711289490001,14106.078668771777,2785
2026-01-10T07:50:00+00:00,2026-01-10T07:54:59.999000+00:00,106.21350407335517,106.90978377166401,103.50393408101692,105.19062159599713,103.02556634353999,11894.223432048288,2786
2026-01-10T07:55:00+00:00,2026-01-10T07:59:59.999000+00:00,105.19062159599713,106.91284161254879,103.04201942226466,104.69552822691806,105.4584879153333,12150.324783894925,2787
2026-01-10T08:00:00+00:00,2026-01-10T08:04:59.999000+00:00,104.69552822691806,105.7547929133488,101.52167127307482,102.93458790128983,139.45251135554437,13380.530318764104,2788
2026-01-10T08:05:00+00:00,2026-01-10T08:09:59.999000+00:00,102.93458790128983,104.06940613348934,98.10361889917387,99.55136485984806,128.88645056054565,12973.062269080074,2789
2026-01-10T08:10:00+00:00,2026-01-10T08:14:59.999000+00:00,99.55136485984806,100.63078128751887,98.18167488214398,98.72285704167133,130.5198003832696,10256.01087651432,2790
2026-01-10T08:15:00+00:00,2026-01-10T08:19:59.999000+00:00,98.72285704167133,100.50983518782418,94.72353104153531,96.32990518902193,128.23547773470682,10156.65233165395,2791
2026-01-10T08:20:00+00:00,2026-01-10T08:24:59.999000+00:00,96.32990518902193,97.30370084617806,93.22554583762536,94.284079047355,149.7664926361971,12446.199102165243,2792
2026-01-10T08:25:00+00:00,2026-01-10T08:29:59.999000+00:00,94.284079047355,95.09504036492123,92.28958903780466,93.38763546092316,118.55949295423767,12676.030593859701,2793
2026-01-10T08:30:00+00:00,2026-01-10T08:34:59.999000+00:00,93.38763546092316,93.93599523808774,90.64864354353301,92.17702568570698,147.71730433962273,9371.647214283314,2794
2026-01-10T08:35:00+00:00,2026-01-10T08:39:59.999000+00:00,92.17702568570698,93.74937714299774,90.58204727412372,92.19195592447402,148.4496403582778,12470.672996237956,2795
2026-01-10T08:40:00+00:00,2026-01-10T08:44:59.999000+00:00,92.19195592447402,94.2636414624145,90.61531641409202,92.70196238679057,118.3926643633498,12124.742227363698,2796
2026-01-10T08:45:00+00:00,2026-01-10T08:49:59.999000+00:00,92.70196238679057,93.2904662135254,90.93861252479084,92.52115948305085,114.74886114803803,10469.947576850707,2797
2026-01-10T08:50:00+00:00,2026-01-10T08:54:59.999000+00:00,92.52115948305085,93.4682526089147,91.82975548364693,92.91650730586665,123.80518556076828,11561.890333663709,2798
2026-01-10T08:55:00+00:00,2026-01-10T08:59:59.999000+00:00,92.91650730586665,94.27661666138019,91.43123985439817,93.69684907603215,113.64951446347581,10445.79955822149,2799
2026-01-10T09:00:00+00:00,2026-01-10T09:04:59.999000+00:00,93.69684907603215,96.57460927492718,92.46844719346787,94.9411301238629,146.37945155600733,13062.342534297277,2800
2026-01-10T09:05:00+00:00,2026-01-10T09:09:59.999000+00:00,94.9411301238629,95.92532363293685,94.41057514680355,95.23493804464349,131.44805428650696,13853.644138416148,2801
2026-01-10T09:10:00+00:00,2026-01-10T09:14:59.999000+00:00,95.23493804464349,95.81204471259693,93.88105750838473,95.29067510577462,100.92032352966686,12512.755124011692,2802
2026-01-10T09:15:00+00:00,2026-01-10T09:19:59.999000+00:00,95.29067510577462,96.13394722220248,92.73783153531583,94.22082795581662,123.02542556274054,12857.0265654513,2803
2026-01-10T09:20:00+00:00,2026-01-10T09:24:59.999000+00:00,94.22082795581662,96.30807908750472,93.36193953638752,94.71495962717925,104.76663842037591,13009.09745688136,2804
2026-01-10T09:25:00+00:00,2026-01-10T09:29:59.999000+00:00,94.71495962717925,95.47702158199942,92.55268837112659,93.8666773970299,141.68670510458333,9932.196754582625,2805
2026-01-10T09:30:00+00:00,2026-01-10T09:34:59.999000+00:00,93.8666773970299,94.69042188155461,92.26817461753433,93.22907250559966,119.2424834368187,9966.261633696815,2806
2026-01-10T09:35:00+00:00,2026-01-10T09:39:59.999000+00:00,93.22907250559966,94.49545739303518,91.86975435587416,92.67908460132011,115.26098948404369,11759.07139505586,2807
2026-01-10T09:40:00+00:00,2026-01-10T09:44:59.999000+00:00,92.67908460132011,93.97914868263283,91.20358756995185,92.17015858448205,103.10385681243793,10963.233043139,2808
2026-01-10T09:45:00+00:00,2026-01-10T09:49:59.999000+00:00,92.17015858448205,92.82479485201728,91.24881162065361,91.85673162243869,129.42854904049767,9328.049099862048,2809
2026-01-10T09:50:00+00:00,2026-01-10T09:54:59.999000+00:00,91.85673162243869,94.50955233261847,91.27861854312853,93.3851887792593,140.99978412883235,9382.48328787028,2810
2026-01-10T09:55:00+00:00,2026-01-10T09:59:59.999000+00:00,93.3851887792593,95.28671771375858,92.17003932242113,94.45539767882843,121.82100295135396,13964.43114368869,2811
2026-01-10T10:00:00+00:00,2026-01-10T10:04:59.999000+00:00,94.45539767882843,97.38317941699378,93.62864422035388,95.59327903916135,105.84814894249627,13749.413009817124,2812
2026-01-10T10:05:00+00:00,2026-01-10T10:09:59.999000+00:00,95.59327903916135,99.26902811813505,94.22700620100235,97.74725794770539,110.04850070495743,10995.370320576369,2813
2026-01-10T10:10:00+00:00,2026-01-10T10:14:59.999000+00:00,97.74725794770539,101.49511726067936,96.94117810893174,99.87046534034454,113.92667555610902,13823.032330461265,2814
2026-01-10T10:15:00+00:00,2026-01-10T10:19:59.999000+00:00,99.87046534034454,103.07404870217306,99.26285506754778,101.52490937276778,106.27185807856777,11141.816931762214,2815
2026-01-10T10:20:00+00:00,2026-01-10T10:24:59.999000+00:00,101.52490937276778,105.60227466560413,99.78458326163427,104.15917069751553,120.57886726592265,10836.513252368228,2816
2026-01-10T10:25:00+00:00,2026-01-10T10:29:59.999000+00:00,104.15917069751553,106.43305639523919,102.72972768225053,105.24529896357976,123.31597090677298,12994.422921197725,2817
2026-01-10T10:30:00+00:00,2026-01-10T10:34:59.999000+00:00,105.24529896357976,107.72183944828537,104.47476475817403,107.03373489166411,118.20278836508989,15117.530344721985,2818
2026-01-10T10:35:00+00:00,2026-01-10T10:39:59.999000+00:00,107.03373489166411,109.09223802691976,105.67015905185953,107.89179404517425,108.37183305409819,14840.15018275739,2819
2026-01-10T10:40:00+00:00,2026-01-10T10:44:59.999000+00:00,107.89179404517425,108.48615288464774,106.01060533384991,107.6762734366169,102.75094466573184,11676.207057601505,2820
2026-01-10T10:45:00+00:00,2026-01-10T10:49:59.999000+00:00,107.6762734366169,109.13320911771959,105.85700876905807,107.42341376620315,116.34009734649936,12588.840251264592,2821
2026-01-10T10:50:00+00:00,2026-01-10T10:54:59.999000+00:00,107.42341376620315,108.8805781904547,106.3486687492685,107.48999444393999,115.17147512545935,12883.618010379865,2822
2026-01-10T10:55:00+00:00,2026-01-10T10:59:59.999000+00:00,107.48999444393999,109.00493169846881,105.67847089340432,106.64737057531525,142.94679371001214,14304.180427750338,2823
2026-01-10T11:00:00+00:00,2026-01-10T11:04:59.999000+00:00,106.64737057531525,107.73191245492063,104.90964812895453,106.24184351484038,132.46039365147823,11799.66563286222,2824
2026-01-10T11:05:00+00:00,2026-01-10T11:09:59.999000+00:00,106.24184351484038,107.17473591191931,105.24937854074467,105.75377665693593,122.98488941293468,13290.635067540401,2825
2026-01-10T11:10:00+00:00,2026-01-10T11:14:59.999000+00:00,105.75377665693593,106.8387580267422,104.01906481148288,105.41818167894974,106.67919092422655,15399.350667860093,2826
2026-01-10T11:15:00+00:00,2026-01-10T11:19:59.999000+00:00,105.41818167894974,106.92021367328282,103.61808056342495,105.10162542710057,108.82802769558953,11286.515519296829,2827
2026-01-10T11:20:00+00:00,2026-01-10T11:24:59.999000+00:00,105.10162542710057,106.65538289149261,103.11683542869008,104.49540315006718,122.59436225111278,11780.740501444363,2828
2026-01-10T11:25:00+00:00,2026-01-10T11:29:59.999000+00:00,104.49540315006718,106.86244456144067,103.59135090866917,105.9942418449583,119.77740206909564,12164.276972024401,2829
2026-01-10T11:30:00+00:00,2026-01-10T11:34:59.999000+00:00,105.9942418449583,106.8866688170067,103.85960608698495,105.4965353221803,124.25768308044943,14967.062920670634,2830
2026-01-10T11:35:00+00:00,2026-01-10T11:39:59.999000+00:00,105.4965353221803,108.65679463945352,104.66744839104234,107.07610639460712,116.73893749281383,13940.613580604617,2831
2026-01-10T11:40:00+00:00,2026-01-10T11:44:59.999000+00:00,107.07610639460712,108.91056197896836,106.53528237862284,107.21665170733169,140.7039439561053,12156.708703897191,2832
2026-01-10T11:45:00+00:00,2026-01-10T11:49:59.999000+00:00,107.21665170733169,108.27046732786184,106.0925037435446,106.7928117988922,113.08319065873646,10682.557491073705,2833
2026-01-10T11:50:00+00:00,2026-01-10T11:54:59.999000+00:00,106.7928117988922,107.5156749167218,105.3032168394552,106.91218728104175,100.24840462370828,12045.876404505509,2834
2026-01-10T11:55:00+00:00,2026-01-10T11:59:59.999000+00:00,106.91218728104175,108.54622512853513,105.762919002002,106.68224821581695,143.1955073364903,11063.033240185201,2835
2026-01-10T12:00:00+00:00,2026-01-10T12:04:59.999000+00:00,106.68224821581695,107.58081852836871,104.88422497940971,106.9976365533762,106.27219315207533,11679.35413154049,2836
2026-01-10T12:05:00+00:00,2026-01-10T12:09:59.999000+00:00,106.9976365533762,108.55853635143599,104.58664854227985,105.71624234473707,113.65711839574298,14278.971147474069,2837
2026-01-10T12:10:00+00:00,2026-01-10T12:14:59.999000+00:00,105.71624234473707,107.26883383520598,102.67173230314317,103.9359372047402,141.29478894149963,12563.1676436861,2838
2026-01-10T12:15:00+00:00,2026-01-10T12:19:59.999000+00:00,103.9359372047402,104.95860380505147,100.5687905937172,101.21880734573158,120.11110599673279,12419.202104320962,2839
2026-01-10T12:20:00+00:00,2026-01-10T12:24:59.999000+00:00,101.21880734573158,101.77914924494841,97.37944068253532,98.54062468821012,113.76454321302481,14647.81286221531,2840
2026-01-10T12:25:00+00:00,2026-01-10T12:29:59.999000+00:00,98.54062468821012,99.24203913299627,95.23869395091295,96.69168477485493,110.60524206781838,13366.589358215813,2841
2026-01-10T12:30:00+00:00,2026-01-10T12:34:59.999000+00:00,96.69168477485493,97.4729133146161,93.44373443362508,94.63686168376822,114.51370541277879,12743.47092579522,2842
2026-01-10T12:35:00+00:00,2026-01-10T12:39:59.999000+00:00,94.63686168376822,95.26842100920128,92.55226018243185,94.27111374450845,127.15038880128822,11976.633611022995,2843
2026-01-10T12:40:00+00:00,2026-01-10T12:44:59.999000+00:00,94.27111374450845,95.83620350617232,90.99655517615263,92.12758989995021,118.99477790873777,10414.122243059282,2844
2026-01-10T12:45:00+00:00,2026-01-10T12:49:59.999000+00:00,92.12758989995021,93.91334002228179,91.02332179317935,92.06701710208965,140.48580200557137,12246.954708420224,2845
2026-01-10T12:50:00+00:00,2026-01-10T12:54:59.999000+00:00,92.06701710208965,93.84665027121737,91.089862010331,92.10010011354132,105.58614395665123,13747.189563456071,2846
2026-01-10T12:55:00+00:00,2026-01-10T12:59:59.999000+00:00,92.10010011354132,92.90805061835857,90.53510183145576,91.6983872194492,129.69008685865464,12906.913716487577,2847
2026-01-10T13:00:00+00:00,2026-01-10T13:04:59.999000+00:00,91.6983872194492,93.34827583307795,89.96549396857695,92.36325554435601,119.56336055778368,12214.485126464742,2848
2026-01-10T13:05:00+00:00,2026-01-10T13:09:59.999000+00:00,92.36325554435601,95.4273069137019,91.35664144643009,94.06399956546018,105.74916862613776,12727.149529328562,2849
2026-01-10T13:10:00+00:00,2026-01-10T13:14:59.999000+00:00,94.06399956546018,94.58212134120826,93.17877822243709,94.05162102191125,119.51156992872903,10303.613970890341,2850
2026-01-10T13:15:00+00:00,2026-01-10T13:19:59.999000+00:00,94.05162102191125,94.58463001854395,92.9473234104455,93.90797034314585,101.03298420145799,13667.1513064095,2851
2026-01-10T13:20:00+00:00,2026-01-10T13:24:59.999000+00:00,93.90797034314585,97.03011985046636,93.14328836091876,95.40334973416071,119.46844062055636,12705.739023519245,2852
2026-01-10T13:25:00+00:00,2026-01-10T13:29:59.999000+00:00,95.40334973416071,97.1147589384621,93.75406050781527,95.03198977876046,101.13121554749895,11491.230999677884,2853
2026-01-10T13:30:00+00:00,2026-01-10T13:34:59.999000+00:00,95.03198977876046,95.84239742486551,93.78155263658309,94.7104188474916,145.14864795532668,13918.059785147683,2854
2026-01-10T13:35:00+00:00,2026-01-10T13:39:59.999000+00:00,94.7104188474916,96.27103285874213,92.13206873581134,93.63131284364395,142.4423113118649,9682.302812628008,2855
2026-01-10T13:40:00+00:00,2026-01-10T13:44:59.999000+00:00,93.63131284364395,94.97706885442192,91.9937700361406,93.68244435757457,138.92164680065827,9706.63603210463,2856
2026-01-10T13:45:00+00:00,2026-01-10T13:49:59.999000+00:00,93.68244435757457,94.2248672047404,91.84613433761959,93.08917758648828,113.83380979424552,10179.02443237784,2857
2026-01-10T13:50:00+00:00,2026-01-10T13:54:59.999000+00:00,93.08917758648828,93.80370587991978,90.82630802465685,92.37023585177727,143.7558963715444,12954.79616614829,2858
2026-01-10T13:55:00+00:00,2026-01-10T13:59:59.999000+00:00,92.37023585177727,92.87063766456785,90.65641040516253,91.82625593890845,123.25029628770568,9457.409191732966,2859
2026-01-10T14:00:00+00:00,2026-01-10T14:04:59.999000+00:00,91.82625593890845,94.17581894607076,90.75342585181845,92.7685624164737,108.0822651670669,13803.277712911278,2860
2026-01-10T14:05:00+00:00,2026-01-10T14:09:59.999000+00:00,92.7685624164737,94.37881953918397,92.14439053239943,92.79375986411442,107.00196967165085,10202.386105349035,2861
2026-01-10T14:10:00+00:00,2026-01-10T14:14:59.999000+00:00,92.79375986411442,96.18780505089553,91.32794020493478,94.4158562832985,124.93585654845153,13556.429441497412,2862
2026-01-10T14:15:00+00:00,2026-01-10T14:19:59.999000+00:00,94.4158562832985,97.66449002703223,93.60985407861689,96.52819367054317,131.47489523293953,11598.724902068614,2863
2026-01-10T14:20:00+00:00,2026-01-10T14:24:59.999000+00:00,96.52819367054317,99.03231508257537,95.03347585754707,97.79393128114037,121.81745884167478,12714.740635718143,2864
2026-01-10T14:25:00+00:00,2026-01-10T14:29:59.999000+00:00,97.79393128114037,101.45217644503839,96.19265131085803,100.67226752793248,135.67569156663487,14304.034610281962,2865
2026-01-10T14:30:00+00:00,2026-01-10T14:34:59.999000+00:00,100.67226752793248,104.11641966882848,99.0635399040879,102.66332556170917,100.83384589043618,13669.228535095584,2866
2026-01-10T14:35:00+00:00,2026-01-10T14:39:59.999000+00:00,102.66332556170917,105.25101421775055,101.6077359434484,104.69640810824818,109.5298090485651,14164.597087810456,2867
2026-01-10T14:40:00+00:00,2026-01-10T14:44:59.999000+00:00,104.69640810824818,106.89148388706306,103.7760202725169,106.05821264332562,141.56446653821644,11949.164422026124,2868
2026-01-10T14:45:00+00:00,2026-01-10T14:49:59.999000+00:00,106.05821264332562,107.54527243956315,105.34679831981921,106.82538811759117,145.61048466730657,14181.198290431206,2869
2026-01-10T14:50:00+00:00,2026-01-10T14:54:59.999000+00:00,106.82538811759117,108.8011614961395,105.31351461898105,107.95525169159826,122.39090184237233,11089.468646724386,2870
2026-01-10T14:55:00+00:00,2026-01-10T14:59:59.999000+00:00,107.95525169159826,108.91355187983551,106.5632490548172,107.67284475405495,124.15602611335649,16047.81587194245,2871
2026-01-10T15:00:00+00:00,2026-01-10T15:04:59.999000+00:00,107.67284475405495,108.93539911507504,106.15901186124789,107.53853157721306,147.9309146079604,11768.526178727305,2872
2026-01-10T15:05:00+00:00,2026-01-10T15:09:59.999000+00:00,107.53853157721306,109.5189143505226,106.16033282591171,108.26825212966982,102.56209296142964,13610.35667346599,2873
2026-01-10T15:10:00+00:00,2026-01-10T15:14:59.999000+00:00,108.26825212966982,109.66997340839787,106.12961471872784,107.3176153474802,123.5555028711153,12080.442631905693,2874
2026-01-10T15:15:00+00:00,2026-01-10T15:19:59.999000+00:00,107.3176153474802,107.99402643999461,104.59695792137745,105.79884029180043,124.73871516131669,14457.050151484696,2875
2026-01-10T15:20:00+00:00,2026-01-10T15:24:59.999000+00:00,105.79884029180043,107.77866301036855,104.03377633886778,106.01573251162628,134.61413711243307,12596.426713224095,2876
2026-01-10T15:25:00+00:00,2026-01-10T15:29:59.999000+00:00,106.01573251162628,107.57359671832968,105.19083814700956,105.75692094211786,105.44491762686427,14920.908332883699,2877
2026-01-10T15:30:00+00:00,2026-01-10T15:34:59.999000+00:00,105.75692094211786,107.17772781404209,104.61250759275048,105.742509114972,116.75947019898618,13807.9103259699,2878
2026-01-10T15:35:00+00:00,2026-01-10T15:39:59.999000+00:00,105.742509114972,107.46866013703689,104.11031847709236,104.94670530610198,145.41456892123188,12622.370776261985,2879
2026-01-10T15:40:00+00:00,2026-01-10T15:44:59.999000+00:00,104.94670530610198,106.8970037260097,104.39097206490091,105.58231582339693,129.32871204932738,13371.642932273888,2880
2026-01-10T15:45:00+00:00,2026-01-10T15:49:59.999000+00:00,105.58231582339693,107.12739849858842,104.85853242889702,105.59675097243283,111.35850096852879,13328.113170867195,2881
2026-01-10T15:50:00+00:00,2026-01-10T15:54:59.999000+00:00,105.59675097243283,108.41824265636846,104.24113742982794,106.91394377679401,117.24257412788936,12694.789896642196,2882
2026-01-10T15:55:00+00:00,2026-01-10T15:59:59.999000+00:00,106.91394377679401,109.0391279694683,105.11939241528648,107.53297344803563,124.69566238013455,13612.142287745972,2883
2026-01-10T16:00:00+00:00,2026-01-10T16:04:59.999000+00:00,107.53297344803563,108.2853221431803,106.15948940844528,107.28431803843095,129.47458363091067,15629.994496919659,2884
2026-01-10T16:05:00+00:00,2026-01-10T16:09:59.999000+00:00,107.28431803843095,109.10177645081613,105.89550868119163,107.72101088064663,129.52281233763796,11435.43854879923,2885
2026-01-10T16:10:00+00:00,2026-01-10T16:14:59.999000+00:00,107.72101088064663,109.50645689740139,105.42278515600533,107.20866673110531,138.87769341683563,14222.091993277027,2886
2026-01-10T16:15:00+00:00,2026-01-10T16:19:59.999000+00:00,107.20866673110531,108.73319714161455,103.32932814833285,105.00072321925477,109.37945630671518,12495.356531065356,2887
2026-01-10T16:20:00+00:00,2026-01-10T16:24:59.999000+00:00,105.00072321925477,105.89642057337711,103.10365070580622,104.33469661958043,118.35781543355444,11770.183142950167,2888
2026-01-10T16:25:00+00:00,2026-01-10T16:29:59.999000+00:00,104.33469661958043,105.41265186314206,101.78348532146691,103.1956079616823,103.07188140451663,11688.773204736057,2889
2026-01-10T16:30:00+00:00,2026-01-10T16:34:59.999000+00:00,103.1956079616823,104.89467489086412,99.22062675838842,99.90718524111452,138.47514608600258,11657.054947509334,2890
2026-01-10T16:35:00+00:00,2026-01-10T16:39:59.999000+00:00,99.90718524111452,101.57348083208217,97.32871677212412,98.35199068469802,100.07879679472825,12422.371525922843,2891
2026-01-10T16:40:00+00:00,2026-01-10T16:44:59.999000+00:00,98.35199068469802,99.28975624527479,94.67012025749226,96.25057129938605,115.0596315126716,11308.52722596823,2892
2026-01-10T16:45:00+00:00,2026-01-10T16:49:59.999000+00:00,96.25057129938605,97.89589989714621,92.17500014363411,93.85955349085384,117.4149928336214,10012.329627615134,2893
2026-01-10T16:50:00+00:00,2026-01-10T16:54:59.999000+00:00,93.85955349085384,94.88589253599847,92.20844287389409,93.20235720933827,105.31070406962903,11871.889971374354,2894
2026-01-10T16:55:00+00:00,2026-01-10T16:59:59.999000+00:00,93.20235720933827,93.81710206514444,90.91991076704038,92.49440238598167,115.97527189807762,12529.089525393461,2895
2026-01-10T17:00:00+00:00,2026-01-10T17:04:59.999000+00:00,92.49440238598167,94.17561821674603,90.49771661811148,91.00297725520142,143.22056839002525,11579.784036018953,2896
2026-01-10T17:05:00+00:00,2026-01-10T17:09:59.999000+00:00,91.00297725520142,92.73732821066046,89.93071143917967,90.87440772262862,146.92491350039734,9455.99033117801,2897
2026-01-10T17:10:00+00:00,2026-01-10T17:14:59.999000+00:00,90.87440772262862,94.05096555216471,90.36101899580795,92.58162224457872,105.55855866942639,9569.283362881153,2898
2026-01-10T17:15:00+00:00,2026-01-10T17:19:59.999000+00:00,92.58162224457872,94.60534333646052,91.18283806190932,93.26013388937403,145.28128854818283,13558.826346414899,2899
2026-01-10T17:20:00+00:00,2026-01-10T17:24:59.999000+00:00,93.26013388937403,94.61071073867363,92.27456276327257,93.87699591261496,124.6060898294616,9886.71751515066,2900
2026-01-10T17:25:00+00:00,2026-01-10T17:29:59.999000+00:00,93.87699591261496,96.03192610963991,93.31443676707303,94.52980843993097,110.469358880078,12160.842051707803,2901
2026-01-10T17:30:00+00:00,2026-01-10T17:34:59.999000+00:00,94.52980843993097,95.49055977582955,92.57432728111549,93.9728582823706,125.90962689850228,12573.333044389528,2902
2026-01-10T17:35:00+00:00,2026-01-10T17:39:59.999000+00:00,93.9728582823706,95.66696357523078,93.43528031896335,94.83339437484075,146.81082558999634,9693.482446066895,2903
2026-01-10T17:40:00+00:00,2026-01-10T17:44:59.999000+00:00,94.83339437484075,95.86252034446962,93.18495648482886,95.32306057823796,103.77368419277599,10090.66538054082,2904
2026-01-10T17:45:00+00:00,2026-01-10T17:49:59.999000+00:00,95.32306057823796,96.12691847015681,93.54603367151256,94.83452367393534,135.6563934057729,14059.15296223331,2905
2026-01-10T17:50:00+00:00,2026-01-10T17:54:59.999000+00:00,94.83452367393534,95.47180752831655,92.79290705579471,94.06180673895517,123.74687721834368,12691.544267661315,2906
2026-01-10T17:55:00+00:00,2026-01-10T17:59:59.999000+00:00,94.06180673895517,95.70487955179226,93.16176292910797,94.3559165838818,116.34948493779058,11428.550410135224,2907
2026-01-10T18:00:00+00:00,2026-01-10T18:04:59.999000+00:00,94.3559165838818,95.2611674276481,92.1822174225381,93.24157214097407,121.39687567210538,12295.581137507848,2908
2026-01-10T18:05:00+00:00,2026-01-10T18:09:59.999000+00:00,93.24157214097407,94.24331936376107,91.67533629971659,92.82154901315508,104.94635241865265,11000.858400310179,2909
2026-01-10T18:10:00+00:00,2026-01-10T18:14:59.999000+00:00,92.82154901315508,94.24586777768158,91.06679154339383,93.64152630120067,116.95400382013547,9733.626317815511,2910
2026-01-10T18:15:00+00:00,2026-01-10T18:19:59.999000+00:00,93.64152630120067,94.87461526578015,91.68437989742309,92.7715232282079,128.26101796771007,9735.52173978352,2911
2026-01-10T18:20:00+00:00,2026-01-10T18:24:59.999000+00:00,92.7715232282079,95.61581045710449,91.51584553397201,94.46259860261284,105.19209840199026,13923.281086757854,2912
2026-01-10T18:25:00+00:00,2026-01-10T18:29:59.999000+00:00,94.46259860261284,97.07170416533111,92.91707522765923,96.10174546510775,140.979314745644,9707.598839447663,2913
2026-01-10T18:30:00+00:00,2026-01-10T18:34:59.999000+00:00,96.10174546510775,98.92970675600719,95.01484737560693,97.24049260471395,100.17795553732627,11939.178119246808,2914
2026-01-10T18:35:00+00:00,2026-01-10T18:39:59.999000+00:00,97.24049260471395,101.21726678567414,95.83850696325183,99.46990246766828,127.57647862669653,10214.73942499625,2915
2026-01-10T18:40:00+00:00,2026-01-10T18:44:59.999000+00:00,99.46990246766828,101.83132543562434,98.07466627630734,100.27912083317624,126.42715021942051,10963.543825390041,2916
2026-01-10T18:45:00+00:00,2026-01-10T18:49:59.999000+00:00,100.27912083317624,104.28054372607248,99.68977081435476,102.54720012919496,139.15963764812346,10979.544079470978,2917
2026-01-10T18:50:00+00:00,2026-01-10T18:54:59.999000+00:00,102.54720012919496,106.79403152916939,101.60652701295747,105.48600814591562,114.47617201963126,13567.078606152183,2918
2026-01-10T18:55:00+00:00,2026-01-10T18:59:59.999000+00:00,105.48600814591562,108.293798337674,103.81081632261534,107.16507363688326,124.72597021620167,13496.988710646006,2919
2026-01-10T19:00:00+00:00,2026-01-10T19:04:59.999000+00:00,107.16507363688326,108.98215670706685,106.24164511076035,108.06559915056353,141.3743377929614,15595.2905322181,2920
2026-01-10T19:05:00+00:00,2026-01-10T19:09:59.999000+00:00,108.06559915056353,108.91644849424866,106.36215949348275,107.9856016974848,144.498642321572,12534.465374000702,2921
2026-01-10T19:10:00+00:00,2026-01-10T19:14:59.999000+00:00,107.9856016974848,109.77917297687263,107.05865976365092,108.74137980727268,136.7764548363758,14549.689587705692,2922
2026-01-10T19:15:00+00:00,2026-01-10T19:19:59.999000+00:00,108.74137980727268,110.44167949374186,106.92089355547918,108.17196730427423,100.3503960681431,12787.781920434943,2923
2026-01-10T19:20:00+00:00,2026-01-10T19:24:59.999000+00:00,108.17196730427423,109.58182793193711,107.42150728113792,108.62382053057483,140.10622151993587,13042.023842749702,2924
2026-01-10T19:25:00+00:00,2026-01-10T19:29:59.999000+00:00,108.62382053057483,109.93320867159085,106.42597332254796,107.93551076262247,134.15560601450085,13604.93505478789,2925
2026-01-10T19:30:00+00:00,2026-01-10T19:34:59.999000+00:00,107.93551076262247,108.9722860634072,105.3807435643819,106.80971557761372,140.31390551563544,13842.13267823406,2926
2026-01-10T19:35:00+00:00,2026-01-10T19:39:59.999000+00:00,106.80971557761372,108.53215843015295,104.78286782815769,105.30257692015664,100.09217512447134,14600.35046566931,2927
2026-01-10T19:40:00+00:00,2026-01-10T19:44:59.999000+00:00,105.30257692015664,106.7151848942117,104.6801500016037,105.3371496881284,138.2687033093311,11914.087731269003,2928
2026-01-10T19:45:00+00:00,2026-01-10T19:49:59.999000+00:00,105.3371496881284,105.97301249256344,103.97323231049832,105.35980761628291,111.46304504311267,13523.339164836962,2929
2026-01-10T19:50:00+00:00,2026-01-10T19:54:59.999000+00:00,105.35980761628291,106.64403813763143,103.06391335988278,104.86311991499522,125.33300715610619,14356.424991901764,2930
2026-01-10T19:55:00+00:00,2026-01-10T19:59:59.999000+00:00,104.86311991499522,106.85784235547435,103.07847323172312,105.45763885237913,118.38152089700637,10717.190519713557,2931
2026-01-10T20:00:00+00:00,2026-01-10T20:04:59.999000+00:00,105.45763885237913,106.49040050907138,104.93930951593833,105.86327150402603,145.20369314739253,12049.451439984567,2932
2026-01-10T20:05:00+00:00,2026-01-10T20:09:59.999000+00:00,105.86327150402603,108.15723605621328,104.10509976994287,106.83566807367148,132.57087855109725,14999.057028262969,2933
2026-01-10T20:10:00+00:00,2026-01-10T20:14:59.999000+00:00,106.83566807367148,108.32452199137086,104.74871842107284,105.71945209254868,123.78294837320071,12947.18803433538,2934
2026-01-10T20:15:00+00:00,2026-01-10T20:19:59.999000+00:00,105.71945209254868,106.87156816761537,104.7836139608348,106.17720488737572,122.51000909982139,11316.544388986531,2935
2026-01-10T20:20:00+00:00,2026-01-10T20:24:59.999000+00:00,106.17720488737572,107.36588531154538,104.50841413964214,105.81296739913641,139.95832849950767,11973.248439939896,2936
2026-01-10T20:25:00+00:00,2026-01-10T20:29:59.999000+00:00,105.81296739913641,106.63597205583525,103.66041190244827,105.41398623882368,120.85745721351407,11122.328193940071,2937
2026-01-10T20:30:00+00:00,2026-01-10T20:34:59.999000+00:00,105.41398623882368,107.15078522297063,102.99526775967108,104.40846959559796,134.6552298426202,13078.923323909296,2938
2026-01-10T20:35:00+00:00,2026-01-10T20:39:59.999000+00:00,104.40846959559796,105.04851087260707,102.61750009838262,103.81974533546699,111.8376081762385,11015.281880977915,2939
2026-01-10T20:40:00+00:00,2026-01-10T20:44:59.999000+00:00,103.81974533546699,105.22385810451532,101.03253273831321,101.67946733174338,119.33927612567649,14306.434152961596,2940
2026-01-10T20:45:00+00:00,2026-01-10T20:49:59.999000+00:00,101.67946733174338,102.2084261823006,99.0388400795395,99.55178857971843,123.00157715304317,13465.891667244618,2941
2026-01-10T20:50:00+00:00,2026-01-10T20:54:59.999000+00:00,99.55178857971843,100.45874201001224,96.68439316355845,97.99813742610834,124.49282034928869,12594.579327818286,2942
2026-01-10T20:55:00+00:00,2026-01-10T20:59:59.999000+00:00,97.99813742610834,99.4680586376102,93.48743916516482,95.00481177448196,110.96456698510633,11990.10403889216,2943
2026-01-10T21:00:00+00:00,2026-01-10T21:04:59.999000+00:00,95.00481177448196,96.28605500952304,93.1548365318107,94.30151033730341,146.62085013360308,10431.490803131383,2944
2026-01-10T21:05:00+00:00,2026-01-10T21:09:59.999000+00:00,94.30151033730341,96.06170229147322,92.26097221056182,93.13368123591255,135.42201500437645,13642.962691549506,2945
2026-01-10T21:10:00+00:00,2026-01-10T21:14:59.999000+00:00,93.13368123591255,93.6390577768356,91.37086693432116,91.98766415607417,110.41454971070937,11233.384708486728,2946
2026-01-10T21:15:00+00:00,2026-01-10T21:19:59.999000+00:00,91.98766415607417,93.70308109339169,89.78965727311068,91.55038869051377,138.01336606175403,12718.968231228628,2947
2026-01-10T21:20:00+00:00,2026-01-10T21:24:59.999000+00:00,91.55038869051377,92.80642399543946,90.16363299357538,91.9651595765261,114.22962228093937,10299.976849882903,2948
2026-01-10T21:25:00+00:00,2026-01-10T21:29:59.999000+00:00,91.9651595765261,93.49431331585363,90.5800835987495,91.20615791680447,105.68132877989387,9286.873279777705,2949
2026-01-10T21:30:00+00:00,2026-01-10T21:34:59.999000+00:00,91.20615791680447,93.02747059166188,89.86094793222885,91.90578267839462,102.0855987667709,9222.160312334581,2950
2026-01-10T21:35:00+00:00,2026-01-10T21:39:59.999000+00:00,91.90578267839462,94.52951338295016,90.37146909735556,93.27938628266267,109.13221270159356,12346.285585942689,2951
2026-01-10T21:40:00+00:00,2026-01-10T21:44:59.999000+00:00,93.27938628266267,95.21152628816976,92.38633014366948,94.51663754853048,138.89954477314535,13392.826770543568,2952
2026-01-10T21:45:00+00:00,2026-01-10T21:49:59.999000+00:00,94.51663754853048,95.04233258182377,92.87551486801691,94.29508788928477,114.65829075173237,13168.773859494682,2953
2026-01-10T21:50:00+00:00,2026-01-10T21:54:59.999000+00:00,94.29508788928477,96.45644532694526,92.66045025445888,94.95243562634718,101.98641889298544,10999.020770998335,2954
2026-01-10T21:55:00+00:00,2026-01-10T21:59:59.999000+00:00,94.95243562634718,95.86899056225111,93.89304233709021,95.11681811057821,131.81754227313576,9730.327500512562,2955
2026-01-10T22:00:00+00:00,2026-01-10T22:04:59.999000+00:00,95.11681811057821,96.45020053497848,93.93533895288202,95.74254549156785,104.96033136494897,9840.486776842701,2956
2026-01-10T22:05:00+00:00,2026-01-10T22:09:59.999000+00:00,95.74254549156785,97.13593325037685,94.53299519077265,95.53063525581763,120.89341060685246,10896.208305536175,2957
2026-01-10T22:10:00+00:00,2026-01-10T22:14:59.999000+00:00,95.53063525581763,96.28289850443838,92.28450255363323,94.0241911440841,138.34609101095413,12387.888590372802,2958
2026-01-10T22:15:00+00:00,2026-01-10T22:19:59.999000+00:00,94.0241911440841,95.45360023154406,92.35901864418975,94.54036884446587,102.72926259211665,13056.427915032602,2959
2026-01-10T22:20:00+00:00,2026-01-10T22:24:59.999000+00:00,94.54036884446587,95.16325605591773,91.789501275869,93.13357423022643,115.90583440426664,10639.23574368339,2960
2026-01-10T22:25:00+00:00,2026-01-10T22:29:59.999000+00:00,93.13357423022643,94.15798598102826,92.4779192624323,93.60673411320845,130.7184736999609,13584.794430976097,2961
2026-01-10T22:30:00+00:00,2026-01-10T22:34:59.999000+00:00,93.60673411320845,95.86078485574798,91.87228324723061,94.65148911165146,102.41445903153219,10917.425219379315,2962
2026-01-10T22:35:00+00:00,2026-01-10T22:39:59.999000+00:00,94.65148911165146,97.04376407220074,93.26735001210119,95.60475742441822,119.98469789535821,14318.267019326493,2963
2026-01-10T22:40:00+00:00,2026-01-10T22:44:59.999000+00:00,95.60475742441822,97.7653063321921,95.00914529716314,96.90857625565903,121.21913017695579,11822.960157387823,2964
2026-01-10T22:45:00+00:00,2026-01-10T22:49:59.999000+00:00,96.90857625565903,98.94822637749179,95.17338042916897,98.40910839046961,143.3459438057569,9979.076838632618,2965
2026-01-10T22:50:00+00:00,2026-01-10T22:54:59.999000+00:00,98.40910839046961,101.16643374965659,97.64254609653013,100.46986188833924,137.66380123323052,11605.608217535964,2966
2026-01-10T22:55:00+00:00,2026-01-10T22:59:59.999000+00:00,100.46986188833924,102.02238971281002,98.74512587130862,101.28012671918066,120.89872690461105,14390.80711532448,2967
2026-01-10T23:00:00+00:00,2026-01-10T23:04:59.999000+00:00,101.28012671918066,105.1912776541109,99.62411858006793,103.55748688576024,142.67795651656644,14930.607280868404,2968
2026-01-10T23:05:00+00:00,2026-01-10T23:09:59.999000+00:00,103.55748688576024,106.34585320053618,102.90008303871618,105.35680206966236,133.52499771023932,12469.702475777263,2969
2026-01-10T23:10:00+00:00,2026-01-10T23:14:59.999000+00:00,105.35680206966236,109.1749873478846,104.8174359070681,108.03944394527143,113.37448023091504,16114.735951197918,2970
2026-01-10T23:15:00+00:00,2026-01-10T23:19:59.999000+00:00,108.03944394527143,110.66095256404448,106.26532864821937,108.89815540316381,131.99736924502076,14631.554346406852,2971
2026-01-10T23:20:00+00:00,2026-01-10T23:24:59.999000+00:00,108.89815540316381,111.1956857733655,107.19550989189939,109.44892153119908,148.3127149762456,13329.850552773498,2972
2026-01-10T23:25:00+00:00,2026-01-10T23:29:59.999000+00:00,109.44892153119908,111.34127538063434,108.47886267206755,109.67401781177485,109.50241238699009,11913.182771532209,2973
2026-01-10T23:30:00+00:00,2026-01-10T23:34:59.999000+00:00,109.67401781177485,110.6840552242925,108.31981023821969,109.52506333014489,129.48696208627246,16122.905165167593,2974
2026-01-10T23:35:00+00:00,2026-01-10T23:39:59.999000+00:00,109.52506333014489,110.176287898379,106.90223251710114,108.17656861477866,124.83495716071376,14136.364686173676,2975
2026-01-10T23:40:00+00:00,2026-01-10T23:44:59.999000+00:00,108.17656861477866,109.22612810416533,106.2459790654449,107.58315284697878,108.78791677964904,13105.311565875703,2976
2026-01-10T23:45:00+00:00,2026-01-10T23:49:59.999000+00:00,107.58315284697878,109.3316813166127,104.65189584747556,106.06226804833089,130.57848630847812,15450.919402735808,2977
2026-01-10T23:50:00+00:00,2026-01-10T23:54:59.999000+00:00,106.06226804833089,107.74915294076372,104.55290658023613,105.36339233020813,135.8094384793465,11416.173059082936,2978
2026-01-10T23:55:00+00:00,2026-01-10T23:59:59.999000+00:00,105.36339233020813,107.10533632547356,103.4224339741499,105.03655919677063,122.98977793659819,14990.485450677996,2979
2026-01-11T00:00:00+00:00,2026-01-11T00:04:59.999000+00:00,105.03655919677063,106.52187761134968,103.4325536057101,104.13088754173447,141.20603157948744,10642.804760032475,2980
2026-01-11T00:05:00+00:00,2026-01-11T00:09:59.999000+00:00,104.13088754173447,105.7283963605194,103.35418416661317,104.77897356448344,127.99339637848853,14269.25624290508,2981
2026-01-11T00:10:00+00:00,2026-01-11T00:14:59.999000+00:00,104.77897356448344,105.62075159275322,103.98751522063817,104.86879876104746,100.87347133153179,12355.584285541277,2982
2026-01-11T00:15:00+00:00,2026-01-11T00:19:59.999000+00:00,104.86879876104746,106.56481133386688,103.72168439095537,104.55976093681235,122.26672716434314,15284.03086183801,2983
2026-01-11T00:20:00+00:00,2026-01-11T00:24:59.999000+00:00,104.55976093681235,106.87321374639706,103.72951610846384,105.90315371368872,137.06783103972748,13991.047708722588,2984
2026-01-11T00:25:00+00:00,2026-01-11T00:29:59.999000+00:00,105.90315371368872,107.9701381280046,104.1925016976219,106.26904484701942,118.49731928598257,14624.578762817457,2985
2026-01-11T00:30:00+00:00,2026-01-11T00:34:59.999000+00:00,106.26904484701942,107.78874964799961,105.22633862808964,106.36610370471381,128.18716886881768,15924.526429214118,2986
2026-01-11T00:35:00+00:00,2026-01-11T00:39:59.999000+00:00,106.36610370471381,107.30953411631361,104.87889491082304,106.61165021634876,104.28866212052125,11689.525782072236,2987
2026-01-11T00:40:00+00:00,2026-01-11T00:44:59.999000+00:00,106.61165021634876,108.01363203467486,103.9273742588931,105.44060919330822,133.4877819519615,14233.554209762004,2988
2026-01-11T00:45:00+00:00,2026-01-11T00:49:59.999000+00:00,105.44060919330822,106.4086488816555,103.0434223994991,103.88091678855362,103.3568038591606,12561.791591988966,2989
2026-01-11T00:50:00+00:00,2026-01-11T00:54:59.999000+00:00,103.88091678855362,105.37894346708163,101.65965506650636,102.33059630654317,121.16782685700576,10549.951600153261,2990
2026-01-11T00:55:00+00:00,2026-01-11T00:59:59.999000+00:00,102.33059630654317,103.6116131863372,98.89990906095193,100.45577587299346,128.06841908998354,14887.980215225565,2991
2026-01-11T01:00:00+00:00,2026-01-11T01:04:59.999000+00:00,100.45577587299346,101.93867177267379,96.82365753875216,98.54674230299514,141.1453248451004,14130.270430536191,2992
2026-01-11T01:05:00+00:00,2026-01-11T01:09:59.999000+00:00,98.54674230299514,99.1633930340808,95.38679782141692,96.15599531007794,119.98574984077162,13542.753583654176,2993
2026-01-11T01:10:00+00:00,2026-01-11T01:14:59.999000+00:00,96.15599531007794,97.89397016040094,93.45270787873689,94.42247497122715,102.49904020201492,13732.112657131178,2994
2026-01-11T01:15:00+00:00,2026-01-11T01:19:59.999000+00:00,94.42247497122715,96.1357843755789,92.30728842235948,93.54783408879099,107.94735981598912,11887.757907302872,2995
2026-01-11T01:20:00+00:00,2026-01-11T01:24:59.999000+00:00,93.54783408879099,94.8287984780254,90.9844750149964,92.35767966688175,111.28255648681142,13513.799962079425,2996
2026-01-11T01:25:00+00:00,2026-01-11T01:29:59.999000+00:00,92.35767966688175,93.01721626232982,89.80123950676116,91.0962053925215,142.86547508939515,11861.544154842066,2997
2026-01-11T01:30:00+00:00,2026-01-11T01:34:59.999000+00:00,91.0962053925215,92.12368922952734,89.51264637972312,90.68447342393046,121.24214482974219,9514.671241397064,2998
2026-01-11T01:35:00+00:00,2026-01-11T01:39:59.999000+00:00,90.68447342393046,92.61660220317393,89.37563517638253,90.96872965831896,138.06290104385937,13315.758922493043,2999
2026-01-11T01:40:00+00:00,2026-01-11T01:44:59.999000+00:00,90.96872965831896,92.03028529037377,89.58512642002034,91.06016889406428,120.59160045819274,9197.208303521531,3000
2026-01-11T01:45:00+00:00,2026-01-11T01:49:59.999000+00:00,91.06016889406428,93.81393589189642,90.44236064782048,92.07331890027781,133.18046504947984,12020.428254406941,3001
2026-01-11T01:50:00+00:00,2026-01-11T01:54:59.999000+00:00,92.07331890027781,94.4167450529897,91.3377333972985,92.76877160162093,138.07035006330545,11523.038863854745,3002
2026-01-11T01:55:00+00:00,2026-01-11T01:59:59.999000+00:00,92.76877160162093,94.32854968010895,91.7412911911539,93.31783807591037,106.82954774333024,11717.950065306855,3003
2026-01-11T02:00:00+00:00,2026-01-11T02:04:59.999000+00:00,93.31783807591037,96.07653319533293,92.5952215167241,95.46913124306731,140.75915006319119,13096.471020939724,3004
2026-01-11T02:05:00+00:00,2026-01-11T02:09:59.999000+00:00,95.46913124306731,97.1150735873325,93.80978977981701,95.76278232829344,110.33848018556975,12052.007220183272,3005
2026-01-11T02:10:00+00:00,2026-01-11T02:14:59.999000+00:00,95.76278232829344,96.7796101116207,93.57402201308625,95.18490170989648,147.10646659403852,13730.9853794954,3006
2026-01-11T02:15:00+00:00,2026-01-11T02:19:59.999000+00:00,95.18490170989648,95.84944934008658,94.1547120048819,95.19290770732889,125.66140637182558,11043.833594946722,3007
2026-01-11T02:20:00+00:00,2026-01-11T02:24:59.999000+00:00,95.19290770732889,96.89614247914628,93.21526682553372,94.58721371119998,148.4427851371047,11293.825723892433,3008
2026-01-11T02:25:00+00:00,2026-01-11T02:29:59.999000+00:00,94.58721371119998,95.73500529133187,93.60269459508655,95.07549490021061,111.68820955467775,13343.453145593547,3009
2026-01-11T02:30:00+00:00,2026-01-11T02:34:59.999000+00:00,95.07549490021061,95.98505602211142,93.62597596567684,95.06525095482311,101.39637375289335,14038.125162674363,3010
2026-01-11T02:35:00+00:00,2026-01-11T02:39:59.999000+00:00,95.06525095482311,95.78055678951964,92.29136044238847,93.91621219586429,146.66066046073848,10481.074465542442,3011
2026-01-11T02:40:00+00:00,2026-01-11T02:44:59.999000+00:00,93.91621219586429,95.58605327325817,92.97747192694793,94.77956028654155,126.63231292030297,12654.223349258542,3012
2026-01-11T02:45:00+00:00,2026-01-11T02:49:59.999000+00:00,94.77956028654155,95.50454543501444,92.79858401188491,94.338742080032,117.14581848955788,13973.366347315474,3013
2026-01-11T02:50:00+00:00,2026-01-11T02:54:59.999000+00:00,94.338742080032,96.41101187973906,93.01565948726096,95.0109108678574,110.54146780350081,14016.418177596815,3014
2026-01-11T02:55:00+00:00,2026-01-11T02:59:59.999000+00:00,95.0109108678574,97.90988144361549,93.28102400481073,96.84129130317459,141.6560788548977,11541.349284293417,3015
2026-01-11T03:00:00+00:00,2026-01-11T03:04:59.999000+00:00,96.84129130317459,100.9664116568589,95.30458798881978,99.2774242307008,137.35165305733844,10427.285331742758,3016
2026-01-11T03:05:00+00:00,2026-01-11T03:09:59.999000+00:00,99.2774242307008,101.82152424987399,97.84573567220697,100.95999906654797,104.56666271748921,14086.686087451137,3017
2026-01-11T03:10:00+00:00,2026-01-11T03:14:59.999000+00:00,100.95999906654797,103.73527340606906,99.33563828973226,102.74710545546809,122.58095245577454,10733.70193573499,3018
2026-01-11T03:15:00+00:00,2026-01-11T03:19:59.999000+00:00,102.74710545546809,105.47060986016035,101.12912516484279,104.1380237587835,117.83605198423972,13276.843991215457,3019
2026-01-11T03:20:00+00:00,2026-01-11T03:24:59.999000+00:00,104.1380237587835,107.76345886837265,102.52016635586084,106.90884668616107,121.81630847526313,11190.765766939558,3020
2026-01-11T03:25:00+00:00,2026-01-11T03:29:59.999000+00:00,106.90884668616107,108.4652073712117,106.23317985286859,107.38480352634929,116.04993637792029,14197.690218629867,3021
2026-01-11T03:30:00+00:00,2026-01-11T03:34:59.999000+00:00,107.38480352634929,109.78509143787439,106.52834359930883,108.93048557410707,137.3469159264816,14154.480378024058,3022
2026-01-11T03:35:00+00:00,2026-01-11T03:39:59.999000+00:00,108.93048557410707,111.55808245222487,107.15689731174209,109.80305237399214,134.16669922124944,11582.716921435993,3023
2026-01-11T03:40:00+00:00,2026-01-11T03:44:59.999000+00:00,109.80305237399214,111.4404354382737,108.10349896470265,109.00935925376326,130.33929386956953,15699.832858888934,3024
2026-01-11T03:45:00+00:00,2026-01-11T03:49:59.999000+00:00,109.00935925376326,109.54152972916228,107.73916711235968,108.44208418689662,128.45309592487538,13081.242272813624,3025
2026-01-11T03:50:00+00:00,2026-01-11T03:54:59.999000+00:00,108.44208418689662,110.280504965662,107.3640782407905,108.7864350447735,145.41675803113804,12052.039603607014,3026
2026-01-11T03:55:00+00:00,2026-01-11T03:59:59.999000+00:00,108.7864350447735,109.9478576104247,106.02121753678978,107.61948247558809,122.7622944179025,15960.897185366004,3027
2026-01-11T04:00:00+00:00,2026-01-11T04:04:59.999000+00:00,107.61948247558809,108.39049527425153,104.70462310715875,105.84957899294298,127.63239605987192,12047.295740418906,3028
2026-01-11T04:05:00+00:00,2026-01-11T04:09:59.999000+00:00,105.84957899294298,107.07282120407501,103.89147136513927,105.32268623121996,141.56680175224707,15341.768306932481,3029
2026-01-11T04:10:00+00:00,2026-01-11T04:14:59.999000+00:00,105.32268623121996,106.25051752057095,104.45201343659954,104.96304045602203,125.0254752045135,12638.681751283615,3030
2026-01-11T04:15:00+00:00,2026-01-11T04:19:59.999000+00:00,104.96304045602203,106.29670148418253,103.28741402924726,104.80239188475387,115.180568039692,11531.094632422106,3031
2026-01-11T04:20:00+00:00,2026-01-11T04:24:59.999000+00:00,104.80239188475387,106.48761281740305,102.17382043928545,103.77113106487394,116.64591264191716,13824.361229833938,3032
2026-01-11T04:25:00+00:00,2026-01-11T04:29:59.999000+00:00,103.77113106487394,105.66170072116451,102.94903309718262,105.1107787047631,103.00348864268412,10923.145615057567,3033
2026-01-11T04:30:00+00:00,2026-01-11T04:34:59.999000+00:00,105.1107787047631,106.36733614174682,104.05314585836894,105.38899352446656,133.47497385773084,13117.932074624096,3034
2026-01-11T04:35:00+00:00,2026-01-11T04:39:59.999000+00:00,105.38899352446656,106.42243481208217,104.32500473092092,104.9135384994535,123.67937837850548,14177.182330439377,3035
2026-01-11T04:40:00+00:00,2026-01-11T04:44:59.999000+00:00,104.9135384994535,105.62289677721468,103.9140064863918,104.97331700770837,123.82537266216185,15221.94657233486,3036
2026-01-11T04:45:00+00:00,2026-01-11T04:49:59.999000+00:00,104.97331700770837,106.86895542156654,104.44730208069528,106.04313731642718,115.31451708060973,14873.581577727919,3037
2026-01-11T04:50:00+00:00,2026-01-11T04:54:59.999000+00:00,106.04313731642718,107.44299830478577,104.46864682253414,105.63135982879535,144.50844742663827,15282.377786320987,3038
2026-01-11T04:55:00+00:00,2026-01-11T04:59:59.999000+00:00,105.63135982879535,107.18340681771234,103.45842699814665,104.34686842862772,116.75768031526002,12107.014515292161,3039
2026-01-11T05:00:00+00:00,2026-01-11T05:04:59.999000+00:00,104.34686842862772,105.58025184299548,102.39082311704338,103.72809863729327,128.83061314364477,12941.300177621044,3040
2026-01-11T05:05:00+00:00,2026-01-11T05:09:59.999000+00:00,103.72809863729327,104.98469853218498,100.69908015207152,101.80716903376201,145.42929379421844,13704.79790935193,3041
2026-01-11T05:10:00+00:00,2026-01-11T05:14:59.999000+00:00,101.80716903376201,103.33106007619482,98.69447146347208,99.3911593143806,135.2448356973814,14469.872860117655,3042
2026-01-11T05:15:00+00:00,2026-01-11T05:19:59.999000+00:00,99.3911593143806,100.2596293122344,97.7688699599573,98.56687267854578,117.15448939544112,12387.626344832926,3043
2026-01-11T05:20:00+00:00,2026-01-11T05:24:59.999000+00:00,98.56687267854578,99.93913719613883,93.99769865237631,95.71156947076892,101.30837000800656,11383.759013706194,3044
2026-01-11T05:25:00+00:00,2026-01-11T05:29:59.999000+00:00,95.71156947076892,96.2722547489898,92.72722771026541,93.38581574323165,103.08722685061086,11315.92784616768,3045
2026-01-11T05:30:00+00:00,2026-01-11T05:34:59.999000+00:00,93.38581574323165,93.91993994158027,92.10568361711515,92.8022764855389,124.64949568616211,13310.468364443703,3046
2026-01-11T05:35:00+00:00,2026-01-11T05:39:59.999000+00:00,92.8022764855389,93.6714748736716,89.58448741856608,90.84563018406767,120.17142991770531,12169.673305748858,3047
2026-01-11T05:40:00+00:00,2026-01-11T05:44:59.999000+00:00,90.84563018406767,91.61959082892791,89.37756612789399,91.05321571619673,146.8451069582987,13621.035084355339,3048
2026-01-11T05:45:00+00:00,2026-01-11T05:49:59.999000+00:00,91.05321571619673,91.74899407099049,88.88369282789009,89.87645402341356,127.10317768662303,9474.10236893692,3049
2026-01-11T05:50:00+00:00,2026-01-11T05:54:59.999000+00:00,89.87645402341356,92.60553418148558,88.22927230323205,91.24962650551024,132.62985368364428,9682.54333013922,3050
2026-01-11T05:55:00+00:00,2026-01-11T05:59:59.999000+00:00,91.24962650551024,92.29894252427181,90.48354818864416,91.60427044452962,108.19958486431511,12976.575397612653,3051
2026-01-11T06:00:00+00:00,2026-01-11T06:04:59.999000+00:00,91.60427044452962,93.00561490049583,90.78572426090408,92.40361433418713,131.75202120769174,9767.840144847083,3052
2026-01-11T06:05:00+00:00,2026-01-11T06:09:59.999000+00:00,92.40361433418713,94.09644031932606,91.56803265214758,92.64865462262203,108.27240866574455,12652.523036890863,3053
2026-01-11T06:10:00+00:00,2026-01-11T06:14:59.999000+00:00,92.64865462262203,95.68874826978735,91.18580381306487,94.21513448731177,132.93665268957687,11208.19714974551,3054
2026-01-11T06:15:00+00:00,2026-01-11T06:19:59.999000+00:00,94.21513448731177,95.2503285010796,92.56702255705203,94.36825388460201,124.1723142455643,11338.750940187276,3055
2026-01-11T06:20:00+00:00,2026-01-11T06:24:59.999000+00:00,94.36825388460201,96.27791550770475,92.79591903775297,94.89311025045687,102.29174056627721,10435.877798618043,3056
2026-01-11T06:25:00+00:00,2026-01-11T06:29:59.999000+00:00,94.89311025045687,96.58491868742692,93.2860834589903,95.6532207590484,129.26426516591357,9794.976032579127,3057
2026-01-11T06:30:00+00:00,2026-01-11T06:34:59.999000+00:00,95.6532207590484,97.86677485639565,93.86705048737072,96.13221520423772,122.67324637171197,10266.043993865587,3058
2026-01-11T06:35:00+00:00,2026-01-11T06:39:59.999000+00:00,96.13221520423772,97.20367864295127,93.81998680663014,95.54118261419822,132.5634656908985,13421.149982079492,3059
2026-01-11T06:40:00+00:00,2026-01-11T06:44:59.999000+00:00,95.54118261419822,96.6429879146861,93.4419528915342,94.45101063274134,101.72897803623539,10280.726980272026,3060
2026-01-11T06:45:00+00:00,2026-01-11T06:49:59.999000+00:00,94.45101063274134,95.22899123511893,93.31179447065142,94.15790363392226,129.01268081807285,12975.159668277323,3061
2026-01-11T06:50:00+00:00,2026-01-11T06:54:59.999000+00:00,94.15790363392226,95.9352113241356,93.65167579722475,95.09178630022154,106.28201990061976,13538.486735630811,3062
2026-01-11T06:55:00+00:00,2026-01-11T06:59:59.999000+00:00,95.09178630022154,95.81898642803779,93.38686839437692,94.77863161020059,123.73109902962345,11698.987301275969,3063
2026-01-11T07:00:00+00:00,2026-01-11T07:04:59.999000+00:00,94.77863161020059,96.74160014882128,93.98837840519184,95.98889314070324,141.47460595707355,11818.511691671201,3064
2026-01-11T07:05:00+00:00,2026-01-11T07:09:59.999000+00:00,95.98889314070324,96.68579809042785,94.90079555323356,95.72093046287675,126.14965209813893,9929.158108270041,3065
2026-01-11T07:10:00+00:00,2026-01-11T07:14:59.999000+00:00,95.72093046287675,97.8378757169535,95.01660347596614,96.9878285088633,141.4916826172315,9950.72735139533,3066
2026-01-11T07:15:00+00:00,2026-01-11T07:19:59.999000+00:00,96.9878285088633,100.7782387432185,96.38417903911214,99.54538606706426,123.5522540665431,12027.25408897913,3067
2026-01-11T07:20:00+00:00,2026-01-11T07:24:59.999000+00:00,99.54538606706426,103.40018811218717,98.67757146064612,101.8574840665697,146.0187157085111,10316.534661025496,3068
2026-01-11T07:25:00+00:00,2026-01-11T07:29:59.999000+00:00,101.8574840665697,103.60285560747744,100.10129316219547,102.89010950773942,113.97758605500896,13537.20975594783,3069
2026-01-11T07:30:00+00:00,2026-01-11T07:34:59.999000+00:00,102.89010950773942,106.87678263665224,101.89854890877018,105.94340232987716,113.93698695792217,15062.95684896144,3070
2026-01-11T07:35:00+00:00,2026-01-11T07:39:59.999000+00:00,105.94340232987716,108.35731405832468,105.17227072667743,107.8497151230468,115.13187219087614,15400.137120332303,3071
2026-01-11T07:40:00+00:00,2026-01-11T07:44:59.999000+00:00,107.8497151230468,109.89880573322992,106.34321580720015,108.56487280068576,108.52043058709353,12076.52948409804,3072
2026-01-11T07:45:00+00:00,2026-01-11T07:49:59.999000+00:00,108.56487280068576,110.43086809941974,106.86143294257538,108.73087306993197,112.77339632827444,15369.033219518462,3073
2026-01-11T07:50:00+00:00,2026-01-11T07:54:59.999000+00:00,108.73087306993197,110.44966446709596,107.11346167260388,109.64611709813641,132.67531326847381,14608.617262187672,3074
2026-01-11T07:55:00+00:00,2026-01-11T07:59:59.999000+00:00,109.64611709813641,110.54003910558671,108.67749532824634,109.79397658329145,128.94490480717877,12898.126921729568,3075
2026-01-11T08:00:00+00:00,2026-01-11T08:04:59.999000+00:00,109.79397658329145,110.41100937592,108.07677451286804,109.73826511848515,106.30365634965948,11791.296643544385,3076
2026-01-11T08:05:00+00:00,2026-01-11T08:09:59.999000+00:00,109.73826511848515,110.6711428772396,106.52369527645398,108.32252561488384,109.68610925998055,15579.603605876178,3077
2026-01-11T08:10:00+00:00,2026-01-11T08:14:59.999000+00:00,108.32252561488384,109.2812248606465,106.04609598568604,106.62223397502584,119.29092705926368,11525.014408689125,3078
2026-01-11T08:15:00+00:00,2026-01-11T08:19:59.999000+00:00,106.62223397502584,108.30492463396499,103.754057988009,105.39203457356247,136.89353257831095,11773.757482943762,3079
2026-01-11T08:20:00+00:00,2026-01-11T08:24:59.999000+00:00,105.39203457356247,106.49533252935436,103.62617912758054,105.01946368619127,117.13275676741684,14804.205011796812,3080
2026-01-11T08:25:00+00:00,2026-01-11T08:29:59.999000+00:00,105.01946368619127,105.55568169606472,102.51392710838493,104.25177200444269,100.33387567731292,10594.946852984489,3081
2026-01-11T08:30:00+00:00,2026-01-11T08:34:59.999000+00:00,104.25177200444269,105.24379762815991,102.91269866407265,103.44659568729233,103.42289394054518,13717.027742891314,3082
2026-01-11T08:35:00+00:00,2026-01-11T08:39:59.999000+00:00,103.44659568729233,105.18935295774922,101.80404049459206,104.51804162356633,124.67249581460982,12532.376717493442,3083
2026-01-11T08:40:00+00:00,2026-01-11T08:44:59.999000+00:00,104.51804162356633,105.73291218007347,103.8998050262762,104.72031899836489,145.5069833475546,14994.305159466552,3084
2026-01-11T08:45:00+00:00,2026-01-11T08:49:59.999000+00:00,104.72031899836489,105.51210590549212,103.4944485005468,104.91179947616253,126.68723752083547,11717.991885596612,3085
2026-01-11T08:50:00+00:00,2026-01-11T08:54:59.999000+00:00,104.91179947616253,106.29945180694864,103.60180201636469,104.55109229594969,128.5125551470797,12024.918199478796,3086
2026-01-11T08:55:00+00:00,2026-01-11T08:59:59.999000+00:00,104.55109229594969,105.22555335798485,102.70375829989885,104.3129321505706,132.23788141908696,11345.5330946005,3087
2026-01-11T09:00:00+00:00,2026-01-11T09:04:59.999000+00:00,104.3129321505706,106.28568922232103,103.38193510175418,104.94578461987756,149.16412307972337,15045.02913438334,3088
2026-01-11T09:05:00+00:00,2026-01-11T09:09:59.999000+00:00,104.94578461987756,105.82195699874191,103.39924283559712,104.87392498696654,113.54098050424909,10921.758698414611,3089
2026-01-11T09:10:00+00:00,2026-01-11T09:14:59.999000+00:00,104.87392498696654,105.45896657966738,103.73351225281587,104.26040460081909,124.49377259708832,12785.540394896761,3090
2026-01-11T09:15:00+00:00,2026-01-11T09:19:59.999000+00:00,104.26040460081909,105.40172068488542,101.70235791704447,103.28065362344475,133.92787735149224,13918.922320502956,3091
2026-01-11T09:20:00+00:00,2026-01-11T09:24:59.999000+00:00,103.28065362344475,104.88344202494385,100.81779833562183,101.58612420463527,140.89908538794282,13802.131812189848,3092
2026-01-11T09:25:00+00:00,2026-01-11T09:29:59.999000+00:00,101.58612420463527,102.19667653570038,98.5861951315044,99.16495596681332,145.7716808380522,12673.718033814228,3093
2026-01-11T09:30:00+00:00,2026-01-11T09:34:59.999000+00:00,99.16495596681332,100.86455420331949,96.61152230107123,97.35432402043632,120.10905502796051,13546.47292640995,3094
2026-01-11T09:35:00+00:00,2026-01-11T09:39:59.999000+00:00,97.35432402043632,98.81022539792095,93.88144819653549,95.13364034558799,139.2209329979999,12833.877818008265,3095
2026-01-11T09:40:00+00:00,2026-01-11T09:44:59.999000+00:00,95.13364034558799,96.32480513116187,91.51615208558945,93.28232697433175,115.38842754431464,10637.509272996542,3096
2026-01-11T09:45:00+00:00,2026-01-11T09:49:59.999000+00:00,93.28232697433175,93.87288851298439,91.78312036764964,92.38321359045027,102.19257125766856,11174.299586272824,3097
2026-01-11T09:50:00+00:00,2026-01-11T09:54:59.999000+00:00,92.38321359045027,93.59818979673871,89.79878212348446,90.94191703041164,119.1233552642052,13113.784623427275,3098
2026-01-11T09:55:00+00:00,2026-01-11T09:59:59.999000+00:00,90.94191703041164,92.34529753336804,89.35463287588824,90.60491764268367,106.11868029533674,9101.110853611875,3099
2026-01-11T10:00:00+00:00,2026-01-11T10:04:59.999000+00:00,90.60491764268367,91.4266678060038,89.37707359621704,90.37085433901763,113.69237576232848,11967.547353355572,3100
2026-01-11T10:05:00+00:00,2026-01-11T10:09:59.999000+00:00,90.37085433901763,92.11418521627996,88.72993849760542,91.15337199359739,146.57441035313906,11843.747674967297,3101
2026-01-11T10:10:00+00:00,2026-01-11T10:14:59.999000+00:00,91.15337199359739,92.19830572461818,90.40637664530851,91.47964584718848,127.55970408669977,9927.635520253167,3102
2026-01-11T10:15:00+00:00,2026-01-11T10:19:59.999000+00:00,91.47964584718848,93.11572897392986,89.90485627101138,92.04053455697357,107.49354492951515,10015.246792854108,3103
2026-01-11T10:20:00+00:00,2026-01-11T10:24:59.999000+00:00,92.04053455697357,95.20643201555133,91.09128704700287,93.68610346272752,130.74909162428298,12307.649900110842,3104
2026-01-11T10:25:00+00:00,2026-01-11T10:29:59.999000+00:00,93.68610346272752,95.29330436279074,92.8934152962408,94.60400547308504,120.19356409630868,11604.949732598554,3105
2026-01-11T10:30:00+00:00,2026-01-11T10:34:59.999000+00:00,94.60400547308504,95.67426291190077,93.02262666962437,94.88139292476035,113.93951420487997,10893.011369839369,3106
2026-01-11T10:35:00+00:00,2026-01-11T10:39:59.999000+00:00,94.88139292476035,97.44137824864897,93.24509817791936,96.55866402144544,138.13659561120414,10237.96405784008,3107
2026-01-11T10:40:00+00:00,2026-01-11T10:44:59.999000+00:00,96.55866402144544,97.60155296202564,94.52378989787209,95.38252275384654,108.93666980051614,9798.9818841557,3108
2026-01-11T10:45:00+00:00,2026-01-11T10:49:59.999000+00:00,95.38252275384654,96.6763178108555,93.75464599231276,95.8573353577869,127.22500037418736,12145.365096466216,3109
2026-01-11T10:50:00+00:00,2026-01-11T10:54:59.999000+00:00,95.8573353577869,97.60285004169306,94.71320072225382,96.47642208297175,119.18285267398537,13248.13189946316,3110
2026-01-11T10:55:00+00:00,2026-01-11T10:59:59.999000+00:00,96.47642208297175,97.64097051777101,93.95728152362977,95.4236369429449,144.81821640947325,11849.145038949588,3111
2026-01-11T11:00:00+00:00,2026-01-11T11:04:59.999000+00:00,95.4236369429449,97.05360387607698,94.42068704169826,95.8721293351338,122.95159569749853,12665.027308349703,3112
2026-01-11T11:05:00+00:00,2026-01-11T11:09:59.999000+00:00,95.8721293351338,97.28610642408346,93.96815208601387,95.64776362277726,117.37094246469185,10229.699249598429,3113
2026-01-11T11:10:00+00:00,2026-01-11T11:14:59.999000+00:00,95.64776362277726,96.58871766400817,94.02365182829075,95.3204178227301,120.72783587396901,9941.1069777727,3114
2026-01-11T11:15:00+00:00,2026-01-11T11:19:59.999000+00:00,95.3204178227301,96.78053319452044,93.53694728465366,95.34038170409427,133.4591409592919,13177.886224856918,3115
2026-01-11T11:20:00+00:00,2026-01-11T11:24:59.999000+00:00,95.34038170409427,98.03983200043484,94.50086263531156,96.58485612721887,101.09296167156049,11938.092001743797,3116
2026-01-11T11:25:00+00:00,2026-01-11T11:29:59.999000+00:00,96.58485612721887,99.55748301924505,94.9140444415944,98.6830967589214,124.55752190826719,10105.18272638444,3117
2026-01-11T11:30:00+00:00,2026-01-11T11:34:59.999000+00:00,98.6830967589214,101.50911725619464,97.40970643465137,100.09491342609012,117.82817538004355,11029.91898131191,3118
2026-01-11T11:35:00+00:00,2026-01-11T11:39:59.999000+00:00,100.09491342609012,103.26194271551996,99.33052090983574,101.7834090931695,141.20646163428813,12547.03918015889,3119
2026-01-11T11:40:00+00:00,2026-01-11T11:44:59.999000+00:00,101.7834090931695,106.3392457731382,100.8863339505629,104.9583909276849,123.71368698533605,12354.52994439336,3120
2026-01-11T11:45:00+00:00,2026-01-11T11:49:59.999000+00:00,104.9583909276849,107.86489365899489,103.78300422550089,106.16067604115511,107.0632306932517,14046.720118922716,3121
2026-01-11T11:50:00+00:00,2026-01-11T11:54:59.999000+00:00,106.16067604115511,108.85385519206187,105.65170162967975,107.43638102315076,144.07572720381773,14862.413974578807,3122
2026-01-11T11:55:00+00:00,2026-01-11T11:59:59.999000+00:00,107.43638102315076,110.30505020218742,105.85534851470103,108.8925128681469,107.64522925731454,11455.586510075815,3123
2026-01-11T12:00:00+00:00,2026-01-11T12:04:59.999000+00:00,108.8925128681469,109.99521220267991,107.5914979513261,108.99587425786032,141.5319646816677,15915.935941745562,3124
2026-01-11T12:05:00+00:00,2026-01-11T12:09:59.999000+00:00,108.99587425786032,111.21557670486423,108.11062988927718,110.12338438352228,149.61748841926683,13369.505804907367,3125
2026-01-11T12:10:00+00:00,2026-01-11T12:14:59.999000+00:00,110.12338438352228,111.18625140597821,108.38464581666977,108.99764267669067,105.43069276136765,11356.230712780323,3126
2026-01-11T12:15:00+00:00,2026-01-11T12:19:59.999000+00:00,108.99764267669067,110.63292362587565,107.00757282252694,108.67328377389171,137.90057399203718,14050.222391673657,3127
2026-01-11T12:20:00+00:00,2026-01-11T12:24:59.999000+00:00,108.67328377389171,110.39383693864403,107.42327564304392,108.08650032725744,127.95072501454767,12857.947350115626,3128
2026-01-11T12:25:00+00:00,2026-01-11T12:29:59.999000+00:00,108.08650032725744,109.39199241093078,107.1243300790899,107.67289605541548,138.71631122125794,12292.092698094064,3129
2026-01-11T12:30:00+00:00,2026-01-11T12:34:59.999000+00:00,107.67289605541548,108.5443094530522,104.27821362208495,105.8744203200099,101.3195705109131,13540.52984546635,3130
2026-01-11T12:35:00+00:00,2026-01-11T12:39:59.999000+00:00,105.8744203200099,106.81793737485563,103.21449863871433,104.51036346091527,115.29161620754101,12627.37782116777,3131
2026-01-11T12:40:00+00:00,2026-01-11T12:44:59.999000+00:00,104.51036346091527,105.75703541034588,102.81509387966993,104.86835922113403,108.92697712024349,12091.082615197207,3132
2026-01-11T12:45:00+00:00,2026-01-11T12:49:59.999000+00:00,104.86835922113403,105.92400420954868,101.96271112502356,103.1512560356433,125.67453952053333,12506.386580729311,3133
2026-01-11T12:50:00+00:00,2026-01-11T12:54:59.999000+00:00,103.1512560356433,105.8512478332454,101.92821113047142,104.32949580128886,133.9666724795171,12197.251239285068,3134
2026-01-11T12:55:00+00:00,2026-01-11T12:59:59.999000+00:00,104.32949580128886,105.93284760139635,102.26072922139868,103.59216581838986,101.24270934384873,11960.31590538474,3135
2026-01-11T13:00:00+00:00,2026-01-11T13:04:59.999000+00:00,103.59216581838986,104.79770905577263,102.77669084794202,103.37369754362501,111.7921386889244,10530.905146767453,3136
2026-01-11T13:05:00+00:00,2026-01-11T13:09:59.999000+00:00,103.37369754362501,106.26633318415143,102.38099226555423,104.79862496049037,102.98565739880533,10645.366473599379,3137
2026-01-11T13:10:00+00:00,2026-01-11T13:14:59.999000+00:00,104.79862496049037,105.93504245722872,102.35344931641276,103.90386947034858,105.63365652623602,11702.723429341486,3138
2026-01-11T13:15:00+00:00,2026-01-11T13:19:59.999000+00:00,103.90386947034858,105.05639250009982,103.11221295791377,103.86591011742549,129.27238304873893,11262.252882853172,3139
2026-01-11T13:20:00+00:00,2026-01-11T13:24:59.999000+00:00,103.86591011742549,104.62601439503757,102.47616349738311,103.48543068234903,138.49112810762782,15095.128824468931,3140
2026-01-11T13:25:00+00:00,2026-01-11T13:29:59.999000+00:00,103.48543068234903,104.10896005937501,101.81779990197569,103.33441334904013,131.90190677039587,13990.206799926917,3141
2026-01-11T13:30:00+00:00,2026-01-11T13:34:59.999000+00:00,103.33441334904013,104.79945116767206,101.87994232849876,102.3989766302408,113.56661891501533,11543.017911583129,3142
2026-01-11T13:35:00+00:00,2026-01-11T13:39:59.999000+00:00,102.3989766302408,104.07883898822475,99.18417384182271,100.6524675042119,142.252715955489,12989.686799671339,3143
2026-01-11T13:40:00+00:00,2026-01-11T13:44:59.999000+00:00,100.6524675042119,101.39966168377259,97.64717876953725,98.33979668472452,133.56016675400127,12208.806093313933,3144
2026-01-11T13:45:00+00:00,2026-01-11T13:49:59.999000+00:00,98.33979668472452,100.07347169916116,94.97040351131074,96.02224726791738,114.41082150082534,10378.145197333115,3145
2026-01-11T13:50:00+00:00,2026-01-11T13:54:59.999000+00:00,96.02224726791738,96.97277773750503,93.19283586275127,94.72946290570223,108.05170123343571,9517.39710135825,3146
2026-01-11T13:55:00+00:00,2026-01-11T13:59:59.999000+00:00,94.72946290570223,95.82177764437048,91.4600770534251,92.63411239514515,109.49258832232647,13812.522586917297,3147
2026-01-11T14:00:00+00:00,2026-01-11T14:04:59.999000+00:00,92.63411239514515,93.25490040578585,89.57630622719891,90.95219276477638,121.0868157348225,9358.400870230851,3148
2026-01-11T14:05:00+00:00,2026-01-11T14:09:59.999000+00:00,90.95219276477638,91.99299643152435,88.52439331054211,89.57453828444636,138.92165664529958,10505.517613899647,3149
2026-01-11T14:10:00+00:00,2026-01-11T14:14:59.999000+00:00,89.57453828444636,90.4700639755858,88.76724608738753,89.82194278924777,104.75780913237703,11202.047186393063,3150
2026-01-11T14:15:00+00:00,2026-01-11T14:19:59.999000+00:00,89.82194278924777,91.52631977631643,88.18185596948044,90.38093352908766,108.4900094208804,12297.529031431843,3151
2026-01-11T14:20:00+00:00,2026-01-11T14:24:59.999000+00:00,90.38093352908766,91.77576063029939,89.69154760145194,90.86822672443404,149.80596162658796,9607.369866742189,3152
2026-01-11T14:25:00+00:00,2026-01-11T14:29:59.999000+00:00,90.86822672443404,92.17507147564594,89.49041677000137,91.37505522512791,100.5194788177643,11429.438660999274,3153
2026-01-11T14:30:00+00:00,2026-01-11T14:34:59.999000+00:00,91.37505522512791,93.03406508682615,90.36973034131665,92.47198483962532,100.79122457170398,11963.956906730715,3154
2026-01-11T14:35:00+00:00,2026-01-11T14:39:59.999000+00:00,92.47198483962532,94.18083299864153,91.28738393947232,93.08073386774477,120.04390086143437,10364.969665259032,3155
2026-01-11T14:40:00+00:00,2026-01-11T14:44:59.999000+00:00,93.08073386774477,95.74100948959224,91.54115661557934,94.75375576659894,122.99409773877142,11636.218574589891,3156
2026-01-11T14:45:00+00:00,2026-01-11T14:49:59.999000+00:00,94.75375576659894,97.67117905710543,93.69005014067987,96.09861193781582,121.2744256645185,13826.545847506359,3157
2026-01-11T14:50:00+00:00,2026-01-11T14:54:59.999000+00:00,96.09861193781582,96.92599484349907,95.18807289392089,95.72368962218299,110.39137808973132,12388.017295225725,3158
2026-01-11T14:55:00+00:00,2026-01-11T14:59:59.999000+00:00,95.72368962218299,97.83550264154091,94.08572202130497,96.8123792977195,126.74468136664285,12127.824081039254,3159
2026-01-11T15:00:00+00:00,2026-01-11T15:04:59.999000+00:00,96.8123792977195,97.77952151530089,94.61990190593296,95.77349572753796,143.39714274838934,11473.936882760447,3160
2026-01-11T15:05:00+00:00,2026-01-11T15:09:59.999000+00:00,95.77349572753796,97.62218000165157,95.2373096432139,96.8085198269494,110.49639538693134,14077.134757850525,3161
2026-01-11T15:10:00+00:00,2026-01-11T15:14:59.999000+00:00,96.8085198269494,97.49318695761815,95.24851147839333,96.88435868369663,147.2355860359232,13117.036967266447,3162
2026-01-11T15:15:00+00:00,2026-01-11T15:19:59.999000+00:00,96.88435868369663,98.28916991720766,95.51300125607487,96.60791679318007,123.95543063745882,13006.836583507478,3163
2026-01-11T15:20:00+00:00,2026-01-11T15:24:59.999000+00:00,96.60791679318007,97.28095267460989,94.43495584595806,95.13620843168867,136.00646382210294,10665.880322121127,3164
2026-01-11T15:25:00+00:00,2026-01-11T15:29:59.999000+00:00,95.13620843168867,97.39878516196929,94.14057864856106,96.61258174324182,142.46153790793466,12292.70303668152,3165
2026-01-11T15:30:00+00:00,2026-01-11T15:34:59.999000+00:00,96.61258174324182,98.26469988438329,94.63297535268956,96.1483490227838,120.4813050694596,12812.853880831633,3166
2026-01-11T15:35:00+00:00,2026-01-11T15:39:59.999000+00:00,96.1483490227838,98.24724030742331,95.05499095088996,97.14460158724847,130.86264630438086,13209.69520560474,3167
2026-01-11T15:40:00+00:00,2026-01-11T15:44:59.999000+00:00,97.14460158724847,101.45343933901023,95.7715853414564,99.91456502894981,129.1159936983232,11867.185441949361,3168
2026-01-11T15:45:00+00:00,2026-01-11T15:49:59.999000+00:00,99.91456502894981,102.30443286024463,99.14989458396613,101.1503038833175,119.10504484207223,15063.01008809183,3169
2026-01-11T15:50:00+00:00,2026-01-11T15:54:59.999000+00:00,101.1503038833175,104.18047841687049,100.63133575131201,102.83628185746774,121.23632131920257,12364.978750888376,3170
2026-01-11T15:55:00+00:00,2026-01-11T15:59:59.999000+00:00,102.83628185746774,106.78902781454178,101.54469658388533,105.61890123003485,139.70671897637098,11318.240294066187,3171
2026-01-11T16:00:00+00:00,2026-01-11T16:04:59.999000+00:00,105.61890123003485,107.39094457914548,104.78210385604477,106.49236936207018,148.778297477643,11351.647764132464,3172
2026-01-11T16:05:00+00:00,2026-01-11T16:09:59.999000+00:00,106.49236936207018,109.44242575174906,105.51275804272584,108.30213221041893,134.76709373458954,12163.59417876996,3173
2026-01-11T16:10:00+00:00,2026-01-11T16:14:59.999000+00:00,108.30213221041893,111.35451476693041,107.0140813173729,110.27270026940074,141.36425530291018,15508.752510348066,3174
2026-01-11T16:15:00+00:00,2026-01-11T16:19:59.999000+00:00,110.27270026940074,111.25475013963059,108.89730023663107,110.35703781620552,120.45807861397299,13946.13756375992,3175
2026-01-11T16:20:00+00:00,2026-01-11T16:24:59.999000+00:00,110.35703781620552,111.6639922293209,109.7991538681614,110.50441016432761,120.61579978665003,13105.290795585372,3176
2026-01-11T16:25:00+00:00,2026-01-11T16:29:59.999000+00:00,110.50441016432761,111.99146658364309,108.16018578176825,109.51437085507261,136.92305737125815,14330.169969589087,3177
2026-01-11T16:30:00+00:00,2026-01-11T16:34:59.999000+00:00,109.51437085507261,110.26803398457353,107.68313904663692,109.06468479940354,133.08563254985617,14828.265177678262,3178
2026-01-11T16:35:00+00:00,2026-01-11T16:39:59.999000+00:00,109.06468479940354,109.79875843229105,106.54998135963785,107.68161685659538,105.34547373992197,14070.32378008166,3179
2026-01-11T16:40:00+00:00,2026-01-11T16:44:59.999000+00:00,107.68161685659538,109.09644878449028,105.52524092008005,107.31984510294855,141.74440333701253,12691.552086592128,3180
2026-01-11T16:45:00+00:00,2026-01-11T16:49:59.999000+00:00,107.31984510294855,108.25314763667282,104.29799796782964,105.44663535770802,112.18456268056597,10652.476829044406,3181
2026-01-11T16:50:00+00:00,2026-01-11T16:54:59.999000+00:00,105.44663535770802,106.73548211071281,104.16366409751659,104.70532198042227,142.1155125526064,14599.635075130676,3182
2026-01-11T16:55:00+00:00,2026-01-11T16:59:59.999000+00:00,104.70532198042227,106.07961794513216,102.86492973896976,103.52428758202797,146.38515022363958,12557.551393091444,3183
2026-01-11T17:00:00+00:00,2026-01-11T17:04:59.999000+00:00,103.52428758202797,104.10503131783507,102.75555535267613,103.3057092789891,108.84649848520856,15101.785189215796,3184
2026-01-11T17:05:00+00:00,2026-01-11T17:09:59.999000+00:00,103.3057092789891,103.81072803465106,101.21546272466693,102.63619426542648,146.6154614698442,13359.02512340937,3185
2026-01-11T17:10:00+00:00,2026-01-11T17:14:59.999000+00:00,102.63619426542648,104.56704062308991,101.43894808043912,103.57038514276063,110.36590923507731,13580.613757867104,3186
2026-01-11T17:15:00+00:00,2026-01-11T17:19:59.999000+00:00,103.57038514276063,105.26964411271793,102.00130329727598,102.81988560539352,106.49574127625448,13039.797427389425,3187
2026-01-11T17:20:00+00:00,2026-01-11T17:24:59.999000+00:00,102.81988560539352,103.72618633642908,101.38079539981332,103.15414093177955,115.70908782916334,13770.110836873195,3188
2026-01-11T17:25:00+00:00,2026-01-11T17:29:59.999000+00:00,103.15414093177955,105.01382316452046,102.3354669378881,103.4667703603954,130.7287367294293,11554.18556843067,3189
2026-01-11T17:30:00+00:00,2026-01-11T17:34:59.999000+00:00,103.4667703603954,104.48040087823769,102.60809071604973,103.86056492211306,122.69500046512883,13009.471219682311,3190
2026-01-11T17:35:00+00:00,2026-01-11T17:39:59.999000+00:00,103.86056492211306,105.55298982583722,101.98274713847773,103.06230896650911,149.63197661341448,15333.902454298324,3191
2026-01-11T17:40:00+00:00,2026-01-11T17:44:59.999000+00:00,103.06230896650911,104.72683866408482,100.74134101370132,101.52057286284874,118.83228350706169,11717.024789450397,3192
2026-01-11T17:45:00+00:00,2026-01-11T17:49:59.999000+00:00,101.52057286284874,103.00660663355237,99.7252816889056,100.57351424367148,117.22070718899927,11994.075894580925,3193
2026-01-11T17:50:00+00:00,2026-01-11T17:54:59.999000+00:00,100.57351424367148,101.57840800038349,99.25833371431924,99.76347829011101,132.14080656154496,12792.151056786457,3194
2026-01-11T17:55:00+00:00,2026-01-11T17:59:59.999000+00:00,99.76347829011101,101.4433910342892,97.14558159747445,98.26054452895589,110.82348541318626,10881.00919887826,3195
2026-01-11T18:00:00+00:00,2026-01-11T18:04:59.999000+00:00,98.26054452895589,99.73453887881044,93.96401222573895,95.23310232589056,120.37385872467851,13809.617594637491,3196
2026-01-11T18:05:00+00:00,2026-01-11T18:09:59.999000+00:00,95.23310232589056,96.56404630008858,92.87438455516413,93.8806100441833,133.664148687425,13415.740469081615,3197
2026-01-11T18:10:00+00:00,2026-01-11T18:14:59.999000+00:00,93.8806100441833,95.09279171079062,90.34295013824983,91.77393879047845,130.3057612136169,9198.743545415806,3198
2026-01-11T18:15:00+00:00,2026-01-11T18:19:59.999000+00:00,91.77393879047845,93.38740682916473,89.25966173528795,90.02746685286314,144.16683763622814,12577.384733802923,3199
2026-01-11T18:20:00+00:00,2026-01-11T18:24:59.999000+00:00,90.02746685286314,90.84303092939138,89.50922796909327,90.25222711367553,120.60935146644928,10210.122134107294,3200
2026-01-11T18:25:00+00:00,2026-01-11T18:29:59.999000+00:00,90.25222711367553,91.89952253161027,87.7490295629529,89.05010008465737,129.71141015732698,9794.941655327752,3201
2026-01-11T18:30:00+00:00,2026-01-11T18:34:59.999000+00:00,89.05010008465737,91.32073150206402,87.9115298724117,90.3982627656397,119.53699547975316,10715.768136914729,3202
2026-01-11T18:35:00+00:00,2026-01-11T18:39:59.999000+00:00,90.3982627656397,92.26853841922996,88.69544454601932,90.64176163909237,133.69899293406843,9096.771600084121,3203
2026-01-11T18:40:00+00:00,2026-01-11T18:44:59.999000+00:00,90.64176163909237,93.05583709669406,89.4865818996368,92.07153858871682,114.66327649635495,12245.192554425485,3204
2026-01-11T18:45:00+00:00,2026-01-11T18:49:59.999000+00:00,92.07153858871682,92.98424853066506,91.05376740311345,92.05268601862679,117.02874707172927,11568.51719249972,3205
2026-01-11T18:50:00+00:00,2026-01-11T18:54:59.999000+00:00,92.05268601862679,95.4033675532424,91.16627090077179,94.39670029019477,147.89939332338562,10509.61151484877,3206
2026-01-11T18:55:00+00:00,2026-01-11T18:59:59.999000+00:00,94.39670029019477,96.3519862911536,93.3533662948962,95.44812359878154,117.2056438267737,10839.193128408942,3207
2026-01-11T19:00:00+00:00,2026-01-11T19:04:59.999000+00:00,95.44812359878154,96.79977657090129,94.70747639039699,95.89870801161766,130.63156126815483,10370.656637540227,3208
2026-01-11T19:05:00+00:00,2026-01-11T19:09:59.999000+00:00,95.89870801161766,97.9359586735275,95.06609493723344,96.76880967175929,137.09161174784546,13394.130098341822,3209
2026-01-11T19:10:00+00:00,2026-01-11T19:14:59.999000+00:00,96.76880967175929,98.0850347544777,96.14228502611998,97.1031033987058,100.465220743042,12837.500188692396,3210
2026-01-11T19:15:00+00:00,2026-01-11T19:19:59.999000+00:00,97.1031033987058,99.2031504109408,95.70679065164146,97.42164099570743,141.39145398559504,11032.218819151849,3211
2026-01-11T19:20:00+00:00,2026-01-11T19:24:59.999000+00:00,97.42164099570743,98.5757543548202,95.06373248528584,96.76658610371592,109.54922201631283,11379.932235770959,3212
2026-01-11T19:25:00+00:00,2026-01-11T19:29:59.999000+00:00,96.76658610371592,98.05721270428388,95.90741957684149,96.78266886099344,144.33502415577283,12620.405770949748,3213
2026-01-11T19:30:00+00:00,2026-01-11T19:34:59.999000+00:00,96.78266886099344,97.92718543463641,94.74499149606761,96.01762224403959,118.48554527452964,14186.818601439234,3214
2026-01-11T19:35:00+00:00,2026-01-11T19:39:59.999000+00:00,96.01762224403959,97.20428152260699,94.13414049475931,95.76114326902182,134.45222847396138,11416.074374635866,3215
2026-01-11T19:40:00+00:00,2026-01-11T19:44:59.999000+00:00,95.76114326902182,99.02508217199266,94.33404636046556,97.48205181003824,127.19913931450961,14311.31516512413,3216
2026-01-11T19:45:00+00:00,2026-01-11T19:49:59.999000+00:00,97.48205181003824,98.46970941162054,95.03766625636653,96.81286496849668,120.43471416194122,10776.719969948459,3217
2026-01-11T19:50:00+00:00,2026-01-11T19:54:59.999000+00:00,96.81286496849668,100.00821229118431,95.80211618827705,98.44947730181795,112.58209262675528,13036.476402398794,3218
2026-01-11T19:55:00+00:00,2026-01-11T19:59:59.999000+00:00,98.44947730181795,101.52753988323597,97.04695185968171,100.28909830637204,103.2989937259089,10647.478015625002,3219
2026-01-11T20:00:00+00:00,2026-01-11T20:04:59.999000+00:00,100.28909830637204,103.05434247898228,99.77650723230892,101.71610743091082,129.19364642017734,12970.738220044865,3220
2026-01-11T20:05:00+00:00,2026-01-11T20:09:59.999000+00:00,101.71610743091082,104.96337923596455,100.55786245125358,103.24320392511108,107.87692132375622,14898.671854204864,3221
2026-01-11T20:10:00+00:00,2026-01-11T20:14:59.999000+00:00,103.24320392511108,106.38976089074394,102.33153443357969,105.63690740841992,135.926471813823,11458.020704940567,3222
2026-01-11T20:15:00+00:00,2026-01-11T20:19:59.999000+00:00,105.63690740841992,108.44587266055473,104.88584640078373,107.83064815246344,125.49953068505096,15849.555506369668,3223
2026-01-11T20:20:00+00:00,2026-01-11T20:24:59.999000+00:00,107.83064815246344,110.46404787973776,107.1243530176141,108.86345241299445,125.01514280933452,15983.98658304385,3224
2026-01-11T20:25:00+00:00,2026-01-11T20:29:59.999000+00:00,108.86345241299445,111.54188509635811,107.78675508689487,109.79530985738381,100.58410321438802,12397.477769136784,3225
2026-01-11T20:30:00+00:00,2026-01-11T20:34:59.999000+00:00,109.79530985738381,110.43858954255533,108.1260918375643,109.90643338455261,117.44141574318844,12896.791890295492,3226
2026-01-11T20:35:00+00:00,2026-01-11T20:39:59.999000+00:00,109.90643338455261,111.30770194817883,109.1812312782627,109.83285769592663,111.3929324423359,15786.445280570066,3227
2026-01-11T20:40:00+00:00,2026-01-11T20:44:59.999000+00:00,109.83285769592663,111.35986726281517,108.2872903592816,109.90228440262143,104.1027301989601,12173.29723839382,3228
2026-01-11T20:45:00+00:00,2026-01-11T20:49:59.999000+00:00,109.90228440262143,111.07112689880104,106.8297191848746,108.39958665169885,146.9819009556605,12377.00641931563,3229
2026-01-11T20:50:00+00:00,2026-01-11T20:54:59.999000+00:00,108.39958665169885,108.91275618148416,106.86029746396018,107.37220286531273,137.9289993717675,15730.00280657552,3230
2026-01-11T20:55:00+00:00,2026-01-11T20:59:59.999000+00:00,107.37220286531273,108.36723715425205,104.33975639565728,106.1329250949652,107.14740480037493,11487.095105150112,3231
2026-01-11T21:00:00+00:00,2026-01-11T21:04:59.999000+00:00,106.1329250949652,107.54384866882174,105.10080087858721,106.1732479982864,103.68606831499162,15205.769629185392,3232
2026-01-11T21:05:00+00:00,2026-01-11T21:09:59.999000+00:00,106.1732479982864,107.93516706042936,104.22358631286995,104.88088612286661,111.28842077169935,14455.12995902859,3233
2026-01-11T21:10:00+00:00,2026-01-11T21:14:59.999000+00:00,104.88088612286661,106.26038952384869,101.50724240561254,103.1412071590697,119.53226362475496,14534.810599636992,3234
2026-01-11T21:15:00+00:00,2026-01-11T21:19:59.999000+00:00,103.1412071590697,104.62648187010757,101.4940462342205,102.8332259339662,134.34079100972724,15044.936864721383,3235
2026-01-11T21:20:00+00:00,2026-01-11T21:24:59.999000+00:00,102.8332259339662,104.42288763438295,101.89155951271705,103.13974265285411,107.42284978629326,13605.39886490713,3236
2026-01-11T21:25:00+00:00,2026-01-11T21:29:59.999000+00:00,103.13974265285411,104.63391919469535,100.62950302535565,102.14125967902845,107.30858174361194,10841.431683610614,3237
2026-01-11T21:30:00+00:00,2026-01-11T21:34:59.999000+00:00,102.14125967902845,104.08743494199517,100.36497067104708,102.84168103284597,121.32316694736792,11352.886795864995,3238
2026-01-11T21:35:00+00:00,2026-01-11T21:39:59.999000+00:00,102.84168103284597,103.94842435107773,102.0690124853921,103.32761966723118,100.87984989878838,15343.423377806006,3239
2026-01-11T21:40:00+00:00,2026-01-11T21:44:59.999000+00:00,103.32761966723118,103.86295841038911,101.7295323381346,103.09495052695249,104.65350605048924,10744.56363354895,3240
2026-01-11T21:45:00+00:00,2026-01-11T21:49:59.999000+00:00,103.09495052695249,104.6182664713567,101.4120522231542,103.5408252738594,112.11271477852742,11216.838161269996,3241
2026-01-11T21:50:00+00:00,2026-01-11T21:54:59.999000+00:00,103.5408252738594,104.94620784588311,101.48153005736734,102.29628863084386,134.0933720219872,13294.31537875564,3242
2026-01-11T21:55:00+00:00,2026-01-11T21:59:59.999000+00:00,102.29628863084386,103.1951528779886,100.26160946981429,100.99786675679758,106.2367568220438,10113.577970108203,3243
2026-01-11T22:00:00+00:00,2026-01-11T22:04:59.999000+00:00,100.99786675679758,101.79134582946591,98.26640410869291,99.91578737302736,137.8780752396309,11191.023833775052,3244
2026-01-11T22:05:00+00:00,2026-01-11T22:09:59.999000+00:00,99.91578737302736,101.6581002717783,98.00943364875744,99.43175556865832,129.5773157036728,12034.830957957922,3245
2026-01-11T22:10:00+00:00,2026-01-11T22:14:59.999000+00:00,99.43175556865832,99.95038605744114,95.17442185149035,96.40854177884832,149.9684517325655,13563.808986338965,3246
2026-01-11T22:15:00+00:00,2026-01-11T22:19:59.999000+00:00,96.40854177884832,98.11660048539946,93.72981049810244,94.30457751251332,139.7141564619942,12845.080756706442,3247
2026-01-11T22:20:00+00:00,2026-01-11T22:24:59.999000+00:00,94.30457751251332,95.83975469505904,91.94628758022509,93.73310282938354,143.6383058963171,10894.104705309148,3248
2026-01-11T22:25:00+00:00,2026-01-11T22:29:59.999000+00:00,93.73310282938354,95.08779611210377,90.36943714148022,92.13736077812352,118.98009193687831,13512.68926157916,3249
2026-01-11T22:30:00+00:00,2026-01-11T22:34:59.999000+00:00,92.13736077812352,92.66203170994983,89.37774315371908,90.95667234099288,124.21306436047453,9239.813490233115,3250
2026-01-11T22:35:00+00:00,2026-01-11T22:39:59.999000+00:00,90.95667234099288,92.37937904171257,89.05234794379642,90.31712540291103,103.03724911010526,9750.03190776766,3251
2026-01-11T22:40:00+00:00,2026-01-11T22:44:59.999000+00:00,90.31712540291103,91.82697387979466,88.32116239000936,89.6974078951765,145.07049000096202,9999.605691727511,3252
2026-01-11T22:45:00+00:00,2026-01-11T22:49:59.999000+00:00,89.6974078951765,91.46560171311701,87.7742673746027,89.33860389472055,115.82687360893978,11627.804723845942,3253
2026-01-11T22:50:00+00:00,2026-01-11T22:54:59.999000+00:00,89.33860389472055,91.57365360398748,88.61118907527681,90.10940504630663,138.98574455329114,10562.614493598814,3254
2026-01-11T22:55:00+00:00,2026-01-11T22:59:59.999000+00:00,90.10940504630663,93.14971426741462,88.43417561778335,91.94830827405696,139.49306907572472,11743.31073565443,3255
2026-01-11T23:00:00+00:00,2026-01-11T23:04:59.999000+00:00,91.94830827405696,93.18779252031534,90.57898887789538,92.25843424402996,118.33051132641802,10429.176600971217,3256
2026-01-11T23:05:00+00:00,2026-01-11T23:09:59.999000+00:00,92.25843424402996,95.47530074094509,91.45137536615509,94.30389148287948,120.98786270763853,14012.399754881135,3257
2026-01-11T23:10:00+00:00,2026-01-11T23:14:59.999000+00:00,94.30389148287948,96.26103780747086,92.84429918154026,95.26909097674103,121.15666130852046,12178.71128688858,3258
2026-01-11T23:15:00+00:00,2026-01-11T23:19:59.999000+00:00,95.26909097674103,96.99789143009585,94.52126140941449,96.10882079302125,105.8472168462582,10309.473546419798,3259
2026-01-11T23:20:00+00:00,2026-01-11T23:24:59.999000+00:00,96.10882079302125,97.96390417880211,95.55270403050504,96.27729562225328,135.91140754113502,9787.965886453545,3260
2026-01-11T23:25:00+00:00,2026-01-11T23:29:59.999000+00:00,96.27729562225328,99.58155896593769,95.69533225225855,98.10950318857769,118.84397510103472,13267.755852577486,3261
2026-01-11T23:30:00+00:00,2026-01-11T23:34:59.999000+00:00,98.10950318857769,99.56950442236476,96.80269535491573,97.68214741819985,121.61289302868204,11694.032332635466,3262
2026-01-11T23:35:00+00:00,2026-01-11T23:39:59.999000+00:00,97.68214741819985,99.02049562013188,96.04310352395161,97.08133145426008,139.44380986052082,13971.678157788569,3263
2026-01-11T23:40:00+00:00,2026-01-11T23:44:59.999000+00:00,97.08133145426008,98.54521655463869,95.7560674355931,96.74937005661253,130.0839628349,12715.530038239658,3264
2026-01-11T23:45:00+00:00,2026-01-11T23:49:59.999000+00:00,96.74937005661253,97.69510502697055,95.73366437825472,96.4445747636128,127.84861939063407,12169.790688525673,3265
2026-01-11T23:50:00+00:00,2026-01-11T23:54:59.999000+00:00,96.4445747636128,97.99534353076676,95.38120243654637,97.30470922336339,135.11308065781645,11358.660549057862,3266
2026-01-11T23:55:00+00:00,2026-01-11T23:59:59.999000+00:00,97.30470922336339,99.38281575529989,96.78768075739713,98.31719319145013,137.67753528405925,12657.19006207773,3267
2026-01-12T00:00:00+00:00,2026-01-12T00:04:59.999000+00:00,98.31719319145013,99.5420121772045,96.80643122468096,98.39908418052751,139.3931679524896,12532.166626090208,3268
2026-01-12T00:05:00+00:00,2026-01-12T00:09:59.999000+00:00,98.39908418052751,101.85173119444343,96.69269552532296,100.15270526169039,116.85011653606966,11859.387542256134,3269
2026-01-12T00:10:00+00:00,2026-01-12T00:14:59.999000+00:00,100.15270526169039,101.43422702410564,99.2731680794015,100.93036281652304,146.0680722264284,14880.400193884223,3270
2026-01-12T00:15:00+00:00,2026-01-12T00:19:59.999000+00:00,100.93036281652304,102.52699376146288,100.42526391328202,101.9567378852813,112.96891715986554,14487.237439237158,3271
2026-01-12T00:20:00+00:00,2026-01-12T00:24:59.999000+00:00,101.9567378852813,104.96237852257252,101.37189805891255,104.31511775870659,128.38328521502123,10537.164288594491,3272
2026-01-12T00:25:00+00:00,2026-01-12T00:29:59.999000+00:00,104.31511775870659,106.92397794074647,103.37581517870603,105.86610693097138,104.15921517933336,14003.680453669569,3273
2026-01-12T00:30:00+00:00,2026-01-12T00:34:59.999000+00:00,105.86610693097138,109.05025322068573,104.44560065092578,107.72960698472016,129.30863131948237,11213.207161176237,3274
2026-01-12T00:35:00+00:00,2026-01-12T00:39:59.999000+00:00,107.72960698472016,111.47369255683759,105.95936319610267,109.84917273136288,121.9709677748956,13378.600385677593,3275
2026-01-12T00:40:00+00:00,2026-01-12T00:44:59.999000+00:00,109.84917273136288,111.28343518304594,109.11194962166986,109.95662837530818,105.40087322047673,14882.207026754793,3276
2026-01-12T00:45:00+00:00,2026-01-12T00:49:59.999000+00:00,109.95662837530818,111.77254095121238,109.0963507651672,110.29607149499614,125.52153618217481,13403.726006255125,3277
2026-01-12T00:50:00+00:00,2026-01-12T00:54:59.999000+00:00,110.29607149499614,111.23124403731255,109.16707856868442,109.71501325344262,116.56703538342032,15723.215148257184,3278
2026-01-12T00:55:00+00:00,2026-01-12T00:59:59.999000+00:00,109.71501325344262,111.97412925611842,108.553458241672,110.21358309367709,128.52994698227624,13225.485339310524,3279
2026-01-12T01:00:00+00:00,2026-01-12T01:04:59.999000+00:00,110.21358309367709,110.89440348544814,108.89500440449326,109.50447851379617,103.12516313711232,12161.247489328769,3280
2026-01-12T01:05:00+00:00,2026-01-12T01:09:59.999000+00:00,109.50447851379617,111.23061503143025,106.49989001635107,107.2016447072487,138.29133599826204,13812.724362745232,3281
2026-01-12T01:10:00+00:00,2026-01-12T01:14:59.999000+00:00,107.2016447072487,108.4721604199471,104.63219494261547,105.79447003748248,116.02878344552299,11533.020477001959,3282
2026-01-12T01:15:00+00:00,2026-01-12T01:19:59.999000+00:00,105.79447003748248,107.28522344539503,104.13802423636847,105.00879278173832,148.84914065868242,13173.608443474417,3283
2026-01-12T01:20:00+00:00,2026-01-12T01:24:59.999000+00:00,105.00879278173832,106.0277326802969,102.68027172765804,104.40025097568972,116.68480298658528,13854.355505704914,3284
2026-01-12T01:25:00+00:00,2026-01-12T01:29:59.999000+00:00,104.40025097568972,106.10147084549448,100.87119026900646,102.58846979859527,114.29142091543265,14696.954269513426,3285
2026-01-12T01:30:00+00:00,2026-01-12T01:34:59.999000+00:00,102.58846979859527,104.03974909655585,101.55121281546646,103.11749761505106,117.45025748621408,10809.320324492419,3286
2026-01-12T01:35:00+00:00,2026-01-12T01:39:59.999000+00:00,103.11749761505106,103.67398436958872,99.98153590092306,101.6469788059178,133.5041806044164,10958.295013946119,3287
2026-01-12T01:40:00+00:00,2026-01-12T01:44:59.999000+00:00,101.6469788059178,103.63448443408019,100.43258268542006,103.00442140846246,113.1775630876075,12100.185818285434,3288
2026-01-12T01:45:00+00:00,2026-01-12T01:49:59.999000+00:00,103.00442140846246,103.57503590410117,101.95401782639956,103.0464333697731,112.43245260117999,10517.355776612776,3289
2026-01-12T01:50:00+00:00,2026-01-12T01:54:59.999000+00:00,103.0464333697731,103.70048392441123,101.39292920903775,102.87372646264578,132.61806306524477,14220.002826672995,3290
2026-01-12T01:55:00+00:00,2026-01-12T01:59:59.999000+00:00,102.87372646264578,104.41342483104933,102.12489048635885,103.37679066757755,143.3285261289045,13764.977047275272,3291
2026-01-12T02:00:00+00:00,2026-01-12T02:04:59.999000+00:00,103.37679066757755,105.08044873659377,101.87312816483139,102.84291388470682,148.538641900448,13275.850429075375,3292
2026-01-12T02:05:00+00:00,2026-01-12T02:09:59.999000+00:00,102.84291388470682,103.34970154938159,101.24718738833539,102.30072674395737,121.9114456054194,11719.329626214132,3293
2026-01-12T02:10:00+00:00,2026-01-12T02:14:59.999000+00:00,102.30072674395737,102.93587432617551,99.07283642171137,100.16980186305922,120.72386751627454,11310.7489835773,3294
2026-01-12T02:15:00+00:00,2026-01-12T02:19:59.999000+00:00,100.16980186305922,101.75027714441892,97.9444983795336,99.10712556425244,125.12358514715692,13009.768801370708,3295
2026-01-12T02:20:00+00:00,2026-01-12T02:24:59.999000+00:00,99.10712556425244,100.73868111682768,97.7501852335097,98.51786123419568,134.0661870358552,11613.235674216376,3296
2026-01-12T02:25:00+00:00,2026-01-12T02:29:59.999000+00:00,98.51786123419568,99.81650553458373,94.22147043033948,95.8421425784122,124.13841348302756,14088.63929493501,3297
2026-01-12T02:30:00+00:00,2026-01-12T02:34:59.999000+00:00,95.8421425784122,96.49166403659252,92.82761930283135,94.21355119774725,119.89025307779691,11992.394342956504,3298
2026-01-12T02:35:00+00:00,2026-01-12T02:39:59.999000+00:00,94.21355119774725,95.02675430492091,91.24075468936125,92.44703711772587,118.21000710301514,11737.11811897473,3299
2026-01-12T02:40:00+00:00,2026-01-12T02:44:59.999000+00:00,92.44703711772587,93.29646571845181,90.25814907839988,91.80698781496932,102.85767395160076,13262.27800894065,3300
2026-01-12T02:45:00+00:00,2026-01-12T02:49:59.999000+00:00,91.80698781496932,92.80045772441845,88.78892987177719,89.87177013037154,112.56085780229341,12928.669502457178,3301
2026-01-12T02:50:00+00:00,2026-01-12T02:54:59.999000+00:00,89.87177013037154,90.95191523197954,87.50767090244233,89.01542256092668,120.8704327292379,9925.414932449303,3302
2026-01-12T02:55:00+00:00,2026-01-12T02:59:59.999000+00:00,89.01542256092668,90.8112134389998,87.59831057695335,89.14758137362453,147.71046104192519,11808.362366518744,3303
2026-01-12T03:00:00+00:00,2026-01-12T03:04:59.999000+00:00,89.14758137362453,90.66561445381376,87.78683613803153,89.19874972134863,145.547639428992,9442.782526427787,3304
2026-01-12T03:05:00+00:00,2026-01-12T03:09:59.999000+00:00,89.19874972134863,91.18479190968955,88.5323299683768,90.56159185191918,122.13764003766224,10418.675347386272,3305
2026-01-12T03:10:00+00:00,2026-01-12T03:14:59.999000+00:00,90.56159185191918,91.97868530620572,89.49794438505857,91.07762198857705,131.29367708873096,12953.810815148574,3306
2026-01-12T03:15:00+00:00,2026-01-12T03:19:59.999000+00:00,91.07762198857705,94.36797284739595,89.45809158349259,93.15533094765243,147.55849870829266,12090.92373826847,3307
2026-01-12T03:20:00+00:00,2026-01-12T03:24:59.999000+00:00,93.15533094765243,96.077236165207,91.57405504843419,94.37260468590513,136.14772815928734,9839.185768383699,3308
2026-01-12T03:25:00+00:00,2026-01-12T03:29:59.999000+00:00,94.37260468590513,98.21828204518627,92.59193595812994,96.53662786317898,133.89715424384246,12713.97565643467,3309
2026-01-12T03:30:00+00:00,2026-01-12T03:34:59.999000+00:00,96.53662786317898,97.40827584727847,95.87905606978777,96.7051166171536,141.00470873946782,13070.373532069567,3310
2026-01-12T03:35:00+00:00,2026-01-12T03:39:59.999000+00:00,96.7051166171536,98.02067304577899,95.61433844925024,97.44602150753212,147.4925945876061,13448.253690175672,3311
2026-01-12T03:40:00+00:00,2026-01-12T03:44:59.999000+00:00,97.44602150753212,98.48344206698684,96.03372852744576,97.96254011069044,140.84903724101332,12547.611783803995,3312
2026-01-12T03:45:00+00:00,2026-01-12T03:49:59.999000+00:00,97.96254011069044,98.84364652673271,96.82645622132931,98.205926432342,135.4855311335271,12190.747703402136,3313
2026-01-12T03:50:00+00:00,2026-01-12T03:54:59.999000+00:00,98.205926432342,98.96881711687882,97.22160261817722,98.22235927273303,127.07131442949606,10011.038063904287,3314
2026-01-12T03:55:00+00:00,2026-01-12T03:59:59.999000+00:00,98.22235927273303,100.07041586834113,96.78759863298102,98.43140623641722,106.22940168489018,14519.019413146294,3315
2026-01-12T04:00:00+00:00,2026-01-12T04:04:59.999000+00:00,98.43140623641722,99.9055462793809,95.94255606637313,97.2523679320176,148.36699882637527,10479.973527179793,3316
2026-01-12T04:05:00+00:00,2026-01-12T04:09:59.999000+00:00,97.2523679320176,98.64592328273191,96.04837645803686,97.93004650721946,109.60836515156402,13970.367942744455,3317
2026-01-12T04:10:00+00:00,2026-01-12T04:14:59.999000+00:00,97.93004650721946,99.27347615845349,97.12489378765127,98.31646524718607,147.91601068816323,14247.068108696865,3318
2026-01-12T04:15:00+00:00,2026-01-12T04:19:59.999000+00:00,98.31646524718607,100.30269821036472,97.56324923875192,98.8749463176677,100.88581079845778,10625.453791312217,3319
2026-01-12T04:20:00+00:00,2026-01-12T04:24:59.999000+00:00,98.8749463176677,102.027785974669,98.1676574962256,100.83452254793625,144.31666482805792,11508.016901941208,3320
2026-01-12T04:25:00+00:00,2026-01-12T04:29:59.999000+00:00,100.83452254793625,102.41459720205113,99.26710614203826,101.38562468054116,100.72115945508232,13699.936085041774,3321
2026-01-12T04:30:00+00:00,2026-01-12T04:34:59.999000+00:00,101.38562468054116,104.23071634465616,99.72052276457859,103.27754731661474,114.61297523070269,11401.180565125971,3322
2026-01-12T04:35:00+00:00,2026-01-12T04:39:59.999000+00:00,103.27754731661474,106.56034850884829,102.31954774511917,105.86962343500976,139.23568896682667,13911.22206559361,3323
2026-01-12T04:40:00+00:00,2026-01-12T04:44:59.999000+00:00,105.86962343500976,108.10599830317496,105.06709060466295,106.90310435948489,124.5849776783403,14695.873346615726,3324
2026-01-12T04:45:00+00:00,2026-01-12T04:49:59.999000+00:00,106.90310435948489,108.58176861486817,105.86308542802445,107.89220381567492,133.07700563131357,12511.026880152815,3325
2026-01-12T04:50:00+00:00,2026-01-12T04:54:59.999000+00:00,107.89220381567492,111.48268175998477,107.26939741895067,109.95009990356044,140.33648579451017,15358.04241386668,3326
2026-01-12T04:55:00+00:00,2026-01-12T04:59:59.999000+00:00,109.95009990356044,112.28135681792287,108.97134481983515,111.22496075889578,144.35754329082667,16231.90234779458,3327
2026-01-12T05:00:00+00:00,2026-01-12T05:04:59.999000+00:00,111.22496075889578,112.26185800860678,109.65146347135551,110.46542252242057,104.40583928242208,14744.57463184048,3328
2026-01-12T05:05:00+00:00,2026-01-12T05:09:59.999000+00:00,110.46542252242057,111.54218534895777,109.09204756541938,110.2013685574187,116.3116891384827,12586.901277290512,3329
2026-01-12T05:10:00+00:00,2026-01-12T05:14:59.999000+00:00,110.2013685574187,111.95039359881814,108.50026349514728,110.11543728104792,136.13471245062286,15975.822831987072,3330
2026-01-12T05:15:00+00:00,2026-01-12T05:19:59.999000+00:00,110.11543728104792,111.32904426098806,107.47839065717807,109.20117963853913,104.84901611969877,12816.709501613168,3331
2026-01-12T05:20:00+00:00,2026-01-12T05:24:59.999000+00:00,109.20117963853913,109.89685071178742,106.04764808591219,107.58579676225762,136.60551602586358,15860.335570561763,3332
2026-01-12T05:25:00+00:00,2026-01-12T05:29:59.999000+00:00,107.58579676225762,109.16993008192956,104.93461840745316,106.47634265683467,105.3499557059149,12474.087660019324,3333
2026-01-12T05:30:00+00:00,2026-01-12T05:34:59.999000+00:00,106.47634265683467,107.66725130706078,102.91996265002003,103.81465198489255,132.72494485984996,13571.020017753044,3334
2026-01-12T05:35:00+00:00,2026-01-12T05:39:59.999000+00:00,103.81465198489255,104.633661996399,102.2372749340783,103.43342007655372,142.51982025523094,13072.378038522013,3335
2026-01-12T05:40:00+00:00,2026-01-12T05:44:59.999000+00:00,103.43342007655372,104.75905582978659,101.60055511810852,102.89642072466526,106.30941371989996,12907.278506477756,3336
2026-01-12T05:45:00+00:00,2026-01-12T05:49:59.999000+00:00,102.89642072466526,104.441907821533,101.85269738225517,102.40094267821912,149.1524521867904,15193.946179035436,3337
2026-01-12T05:50:00+00:00,2026-01-12T05:54:59.999000+00:00,102.40094267821912,103.1081903823737,99.43393335706982,101.09781628791819,109.97200257779555,13465.325244872854,3338
2026-01-12T05:55:00+00:00,2026-01-12T05:59:59.999000+00:00,101.09781628791819,102.43325651380093,100.40622343916745,101.67319624448629,148.27295166172465,14272.778334577033,3339
2026-01-12T06:00:00+00:00,2026-01-12T06:04:59.999000+00:00,101.67319624448629,102.34180009992018,101.15035720622929,101.81978339217287,121.36546448009096,11215.37440071461,3340
2026-01-12T06:05:00+00:00,2026-01-12T06:09:59.999000+00:00,101.81978339217287,103.11529066286326,101.06362142788232,101.91042372396676,117.20188925721297,13897.914375937937,3341
2026-01-12T06:10:00+00:00,2026-01-12T06:14:59.999000+00:00,101.91042372396676,103.45955017328478,101.30290110587123,101.88625719076897,117.2318791836039,13948.020028347904,3342
2026-01-12T06:15:00+00:00,2026-01-12T06:19:59.999000+00:00,101.88625719076897,103.39121724982645,101.03761811507454,101.6518726457739,147.36813186886303,10287.608750719892,3343
2026-01-12T06:20:00+00:00,2026-01-12T06:24:59.999000+00:00,101.6518726457739,102.6662252031116,100.81765768833223,101.53580124394587,122.4655471748241,10301.82108450637,3344
2026-01-12T06:25:00+00:00,2026-01-12T06:29:59.999000+00:00,101.53580124394587,103.14416913805938,97.91865161824815,99.68809186359204,145.95076963376061,11435.369154523636,3345
2026-01-12T06:30:00+00:00,2026-01-12T06:34:59.999000+00:00,99.68809186359204,100.98173442380485,98.02194539793075,98.72576926536019,122.26063577905131,11573.017063750909,3346
2026-01-12T06:35:00+00:00,2026-01-12T06:39:59.999000+00:00,98.72576926536019,99.40194710759765,96.967699655684,97.70924524369568,134.534707415395,14632.87733389268,3347
2026-01-12T06:40:00+00:00,2026-01-12T06:44:59.999000+00:00,97.70924524369568,99.04249815055368,95.64351094750403,96.1651692522787,141.4459812301321,12188.220177403766,3348
2026-01-12T06:45:00+00:00,2026-01-12T06:49:59.999000+00:00,96.1651692522787,96.81888672122481,92.74846371749759,93.8516619691539,109.45457625825718,13507.82446963867,3349
2026-01-12T06:50:00+00:00,2026-01-12T06:54:59.999000+00:00,93.8516619691539,94.75227743687937,90.67149895773069,92.32992244365087,134.25185246530634,11573.58313492925,3350
2026-01-12T06:55:00+00:00,2026-01-12T06:59:59.999000+00:00,92.32992244365087,92.9835454884365,88.56988953111103,90.28285876939859,110.24569258179953,12844.421812562472,3351
2026-01-12T07:00:00+00:00,2026-01-12T07:04:59.999000+00:00,90.28285876939859,92.07225658453422,88.593150434213,89.87916288983429,114.16689712040989,9456.134037929352,3352
2026-01-12T07:05:00+00:00,2026-01-12T07:09:59.999000+00:00,89.87916288983429,91.00271957020854,87.79183947657852,89.52543785406272,143.72445175062774,9296.642858478417,3353
2026-01-12T07:10:00+00:00,2026-01-12T07:14:59.999000+00:00,89.52543785406272,90.85629465903038,88.15288411555674,89.08774741212383,119.92112513959714,11372.490140489605,3354
2026-01-12T07:15:00+00:00,2026-01-12T07:19:59.999000+00:00,89.08774741212383,92.04980031515794,87.61320100275343,90.56266049376313,125.12753793974392,13135.830459019959,3355
2026-01-12T07:20:00+00:00,2026-01-12T07:24:59.999000+00:00,90.56266049376313,91.81649738085972,88.70774173631968,90.15379246039409,149.370936409996,11162.803749370061,3356
2026-01-12T07:25:00+00:00,2026-01-12T07:29:59.999000+00:00,90.15379246039409,92.79740808165894,89.1001701279426,92.27673857205248,141.66354180516265,12505.242189830076,3357
2026-01-12T07:30:00+00:00,2026-01-12T07:34:59.999000+00:00,92.27673857205248,94.81503530016573,91.31698983443331,93.48830067469369,110.98421943620843,9762.931414930516,3358
2026-01-12T07:35:00+00:00,2026-01-12T07:39:59.999000+00:00,93.48830067469369,95.47924523163901,91.89485524709795,94.75070589624194,136.90037052174588,13522.20501027535,3359
2026-01-12T07:40:00+00:00,2026-01-12T07:44:59.999000+00:00,94.75070589624194,97.16248468261607,93.63476925096454,95.790702061097,112.3377225017405,12596.111504228978,3360
2026-01-12T07:45:00+00:00,2026-01-12T07:49:59.999000+00:00,95.790702061097,98.6363598770964,94.3899442592122,97.60466659198411,116.9984614291254,12982.054411999958,3361
2026-01-12T07:50:00+00:00,2026-01-12T07:54:59.999000+00:00,97.60466659198411,99.38776606992275,97.02633740444331,98.66000315929176,107.1324623366793,11928.019096319154,3362
2026-01-12T07:55:00+00:00,2026-01-12T07:59:59.999000+00:00,98.66000315929176,100.1929755365421,97.43393738146617,99.18876175301307,135.35540793063842,13310.877003627735,3363
2026-01-12T08:00:00+00:00,2026-01-12T08:04:59.999000+00:00,99.18876175301307,100.55023955048381,97.46541802226191,99.06681314417688,123.17967378135803,14355.88535823886,3364
2026-01-12T08:05:00+00:00,2026-01-12T08:09:59.999000+00:00,99.06681314417688,99.87855695836782,98.2535610378932,98.92481847736889,110.75467976575499,14628.160656739597,3365
2026-01-12T08:10:00+00:00,2026-01-12T08:14:59.999000+00:00,98.92481847736889,100.27347535353674,98.37921402269762,99.07935970031832,117.98962766752004,13252.781415654108,3366
2026-01-12T08:15:00+00:00,2026-01-12T08:19:59.999000+00:00,99.07935970031832,100.4508110006359,97.66656099886086,98.3655360268546,111.87345555796054,12169.762641404988,3367
2026-01-12T08:20:00+00:00,2026-01-12T08:24:59.999000+00:00,98.3655360268546,100.1981308925144,96.74044043100214,99.22264688658888,131.57661736548113,13283.21829817605,3368
2026-01-12T08:25:00+00:00,2026-01-12T08:29:59.999000+00:00,99.22264688658888,99.80835161505048,97.36089545714977,98.38134864919023,120.09472053302092,9991.919327289343,3369
2026-01-12T08:30:00+00:00,2026-01-12T08:34:59.999000+00:00,98.38134864919023,101.44571080138873,97.11559256575786,99.98026551918534,103.3494637386859,13225.133728102799,3370
2026-01-12T08:35:00+00:00,2026-01-12T08:39:59.999000+00:00,99.98026551918534,101.45868910224289,98.68389920838148,100.92032498506859,136.95246092200694,15061.405207122341,3371
2026-01-12T08:40:00+00:00,2026-01-12T08:44:59.999000+00:00,100.92032498506859,103.53273497618757,99.60187875950803,102.91083013970987,118.54137365697022,10570.773015709457,3372
2026-01-12T08:45:00+00:00,2026-01-12T08:49:59.999000+00:00,102.91083013970987,105.02583788865756,102.13950030916557,104.017973852613,144.94151764440093,14224.144248001436,3373
2026-01-12T08:50:00+00:00,2026-01-12T08:54:59.999000+00:00,104.017973852613,106.30780608413096,103.39747177112145,105.35157242957034,131.8870579519235,13618.356258389014,3374
2026-01-12T08:55:00+00:00,2026-01-12T08:59:59.999000+00:00,105.35157242957034,109.28058632624351,104.15636821226373,107.55204888988645,147.80465055889093,14141.22209853,3375
2026-01-12T09:00:00+00:00,2026-01-12T09:04:59.999000+00:00,107.55204888988645,109.2978818262925,105.8512206651711,108.30174132710123,132.0660161014719,10939.207604493358,3376
2026-01-12T09:05:00+00:00,2026-01-12T09:09:59.999000+00:00,108.30174132710123,110.78164668957572,106.93556459062954,109.64437450409766,140.81885884562635,13524.268779972337,3377
2026-01-12T09:10:00+00:00,2026-01-12T09:14:59.999000+00:00,109.64437450409766,112.17618289123499,108.61329407431084,110.92329677331696,113.25131360526633,15041.215487967042,3378
2026-01-12T09:15:00+00:00,2026-01-12T09:19:59.999000+00:00,110.92329677331696,112.708175080453,109.2135937154935,110.4618337984237,115.92711569398885,12824.351893743535,3379
2026-01-12T09:20:00+00:00,2026-01-12T09:24:59.999000+00:00,110.4618337984237,112.02642673200397,108.80417337119827,110.4641426332855,122.67925257568217,16509.73646635844,3380
2026-01-12T09:25:00+00:00,2026-01-12T09:29:59.999000+00:00,110.4641426332855,111.22362349591705,108.07776975008694,109.44111214929559,113.05044849188936,13908.85492290994,3381
2026-01-12T09:30:00+00:00,2026-01-12T09:34:59.999000+00:00,109.44111214929559,110.2445877662165,107.59798441415589,108.86622074108257,100.35388884551108,14993.116388008293,3382
2026-01-12T09:35:00+00:00,2026-01-12T09:39:59.999000+00:00,108.86622074108257,110.11846625921707,105.95750208139519,107.68880147719943,135.20326505490672,14622.505804166301,3383
2026-01-12T09:40:00+00:00,2026-01-12T09:44:59.999000+00:00,107.68880147719943,108.1908546940115,104.49829600692998,105.85221817508244,145.66613650904904,14151.46741299612,3384
2026-01-12T09:45:00+00:00,2026-01-12T09:49:59.999000+00:00,105.85221817508244,106.53501664070103,102.95970643766451,104.62403801909646,128.71808296314214,10578.224201664965,3385
2026-01-12T09:50:00+00:00,2026-01-12T09:54:59.999000+00:00,104.62403801909646,105.33513875374565,101.97495865948977,102.94145819921604,108.82497188950771,11349.982500278202,3386
2026-01-12T09:55:00+00:00,2026-01-12T09:59:59.999000+00:00,102.94145819921604,104.54108846541034,99.75013222213808,101.50731771549263,114.64020713023763,14063.04551649276,3387
2026-01-12T10:00:00+00:00,2026-01-12T10:04:59.999000+00:00,101.50731771549263,103.18708103442147,100.31162209486854,102.19227812417428,110.2004179705915,11398.113969354765,3388
2026-01-12T10:05:00+00:00,2026-01-12T10:09:59.999000+00:00,102.19227812417428,103.0747767249728,99.31161287964146,100.54717838010633,139.76559639245207,12537.920369080548,3389
2026-01-12T10:10:00+00:00,2026-01-12T10:14:59.999000+00:00,100.54717838010633,103.0062674081308,99.37236850907293,101.36697891042124,108.6960348260768,11559.570570246664,3390
2026-01-12T10:15:00+00:00,2026-01-12T10:19:59.999000+00:00,101.36697891042124,102.76445705697114,100.66533795964344,101.48221214883016,131.89519894050198,11732.65412007734,3391
2026-01-12T10:20:00+00:00,2026-01-12T10:24:59.999000+00:00,101.48221214883016,102.83753911956322,99.69501933367307,101.80678073010175,132.89309108330042,15209.94705573925,3392
2026-01-12T10:25:00+00:00,2026-01-12T10:29:59.999000+00:00,101.80678073010175,102.64352397085169,99.90373920713186,101.0046323342947,101.29774528816401,14597.480958956017,3393
2026-01-12T10:30:00+00:00,2026-01-12T10:34:59.999000+00:00,101.0046323342947,102.74430852425903,99.05869567929103,100.79875783115725,118.34523308662497,14529.506819295651,3394
2026-01-12T10:35:00+00:00,2026-01-12T10:39:59.999000+00:00,100.79875783115725,101.68429673961295,98.74575925888209,100.24645989424027,101.41574877255222,10248.53353623427,3395
2026-01-12T10:40:00+00:00,2026-01-12T10:44:59.999000+00:00,100.24645989424027,101.23726536564557,97.93514617577732,98.92535668869863,124.65409416609928,12416.946364015574,3396
2026-01-12T10:45:00+00:00,2026-01-12T10:49:59.999000+00:00,98.92535668869863,99.62386328936566,96.70141429862187,98.48494480256497,130.12386945675206,10006.44480078986,3397
2026-01-12T10:50:00+00:00,2026-01-12T10:54:59.999000+00:00,98.48494480256497,99.97498807988669,95.25165899089062,96.01089636411449,130.73732297399386,10703.131160005249,3398
2026-01-12T10:55:00+00:00,2026-01-12T10:59:59.999000+00:00,96.01089636411449,96.52561568824638,93.08221732037595,94.04680613085205,132.61413433248458,11467.630497994562,3399
2026-01-12T11:00:00+00:00,2026-01-12T11:04:59.999000+00:00,94.04680613085205,95.55096974171195,92.66714850504692,93.23296628977363,141.72881551895296,13776.154751253074,3400
2026-01-12T11:05:00+00:00,2026-01-12T11:09:59.999000+00:00,93.23296628977363,94.73929875644555,90.12490651094464,91.26941786352297,144.91411863890278,12112.705369121904,3401
2026-01-12T11:10:00+00:00,2026-01-12T11:14:59.999000+00:00,91.26941786352297,92.7061055759623,89.23018016545902,90.46129669038052,108.1328142771278,11042.083662282052,3402
2026-01-12T11:15:00+00:00,2026-01-12T11:19:59.999000+00:00,90.46129669038052,91.54693345740374,89.18219700901949,89.78439666787828,110.69224735005004,13429.476580642988,3403
2026-01-12T11:20:00+00:00,2026-01-12T11:24:59.999000+00:00,89.78439666787828,91.47325940372235,87.99362032255496,89.1586469104585,143.2887881350484,9582.713782107985,3404
2026-01-12T11:25:00+00:00,2026-01-12T11:29:59.999000+00:00,89.1586469104585,90.55152408001528,87.81802446558825,89.93901075023119,106.35568373767626,10145.31678680188,3405
2026-01-12T11:30:00+00:00,2026-01-12T11:34:59.999000+00:00,89.93901075023119,90.6227027369496,87.91326804054268,89.5267376087857,110.9042012186145,9469.932839720308,3406
2026-01-12T11:35:00+00:00,2026-01-12T11:39:59.999000+00:00,89.5267376087857,92.08940041400143,88.36937008542662,90.97396681892698,112.24044080408005,9868.991437218394,3407
2026-01-12T11:40:00+00:00,2026-01-12T11:44:59.999000+00:00,90.97396681892698,93.58813337561965,89.62827651301245,92.17964734170943,105.36654431116355,10705.313257270032,3408
2026-01-12T11:45:00+00:00,2026-01-12T11:49:59.999000+00:00,92.17964734170943,95.93922667592992,90.71386587300961,94.3746438824547,144.51758426293233,9983.527920251141,3409
2026-01-12T11:50:00+00:00,2026-01-12T11:54:59.999000+00:00,94.3746438824547,96.83771363514408,92.73420741353425,95.67150904214606,102.8781547852975,10454.893380805344,3410
2026-01-12T11:55:00+00:00,2026-01-12T11:59:59.999000+00:00,95.67150904214606,96.74920989610852,94.2204327369808,96.22009688207261,137.61108524647858,10364.604126671135,3411
2026-01-12T12:00:00+00:00,2026-01-12T12:04:59.999000+00:00,96.22009688207261,98.8785921189233,95.45734838971096,97.86266347033128,110.24449875830061,12572.253011120949,3412
2026-01-12T12:05:00+00:00,2026-01-12T12:09:59.999000+00:00,97.86266347033128,100.05923071720251,97.2675984936868,98.31862951144794,101.57783013043867,13564.13773812434,3413
2026-01-12T12:10:00+00:00,2026-01-12T12:14:59.999000+00:00,98.31862951144794,100.17256737155002,96.80459863076396,98.50068858244353,106.93300830327404,10403.919284021626,3414
2026-01-12T12:15:00+00:00,2026-01-12T12:19:59.999000+00:00,98.50068858244353,99.23845989092746,97.34936893875226,98.60468165980576,131.58902905175577,11157.465770574707,3415
2026-01-12T12:20:00+00:00,2026-01-12T12:24:59.999000+00:00,98.60468165980576,99.28752641663839,97.31293921504488,98.47039757621458,139.1545290001323,10896.677166535588,3416
2026-01-12T12:25:00+00:00,2026-01-12T12:29:59.999000+00:00,98.47039757621458,100.19541525419417,96.87327900158961,99.34138719199422,128.50573292305216,14353.273890492748,3417
2026-01-12T12:30:00+00:00,2026-01-12T12:34:59.999000+00:00,99.34138719199422,100.90090042834733,98.6687021250655,99.24587704507104,133.65762049565882,13370.879968442263,3418
2026-01-12T12:35:00+00:00,2026-01-12T12:39:59.999000+00:00,99.24587704507104,101.10431315469272,98.71617146407354,99.91259478708004,121.68997187385935,11101.877145510656,3419
2026-01-12T12:40:00+00:00,2026-01-12T12:44:59.999000+00:00,99.91259478708004,101.16916386626808,98.47024495192537,99.81620956519092,138.46026115174897,12576.560038491516,3420
2026-01-12T12:45:00+00:00,2026-01-12T12:49:59.999000+00:00,99.81620956519092,101.93631214779664,98.28195448603707,100.98013503602324,103.0633054048074,10410.498458962846,3421
2026-01-12T12:50:00+00:00,2026-01-12T12:54:59.999000+00:00,100.98013503602324,102.80605506711782,99.78016073465344,101.06972869089574,104.91036796207217,11793.017192616784,3422
2026-01-12T12:55:00+00:00,2026-01-12T12:59:59.999000+00:00,101.06972869089574,103.87779779771463,100.55772421058603,102.6987293098205,130.78996890969447,15173.226440252949,3423
2026-01-12T13:00:00+00:00,2026-01-12T13:04:59.999000+00:00,102.6987293098205,105.6117628167822,102.0732823078206,104.72105081336974,108.53887701746375,11373.151511544966,3424
2026-01-12T13:05:00+00:00,2026-01-12T13:09:59.999000+00:00,104.72105081336974,107.1800940971923,102.93719431631779,106.08080919012262,128.91163025020828,15776.75982338546,3425
2026-01-12T13:10:00+00:00,2026-01-12T13:14:59.999000+00:00,106.08080919012262,108.90017554378345,104.52983565295011,108.32480821324178,135.94959797584272,16176.435913802354,3426
2026-01-12T13:15:00+00:00,2026-01-12T13:19:59.999000+00:00,108.32480821324178,110.10657749699483,107.68416342610205,109.18095043571623,112.1749156688227,14586.734710256349,3427
2026-01-12T13:20:00+00:00,2026-01-12T13:24:59.999000+00:00,109.18095043571623,112.62543088342137,108.10027116760081,110.85056643104473,107.09320260332942,15222.464701792178,3428
2026-01-12T13:25:00+00:00,2026-01-12T13:29:59.999000+00:00,110.85056643104473,111.4713465791331,109.70565449417767,110.71531350985711,135.3932383953642,14409.903153952446,3429
2026-01-12T13:30:00+00:00,2026-01-12T13:34:59.999000+00:00,110.71531350985711,112.04747634717391,109.27932805468014,111.49531500029454,142.65298224575656,14407.840062799343,3430
2026-01-12T13:35:00+00:00,2026-01-12T13:39:59.999000+00:00,111.49531500029454,112.76249907727353,108.31102279540495,110.02726308916739,137.30683102151434,15553.947604156137,3431
2026-01-12T13:40:00+00:00,2026-01-12T13:44:59.999000+00:00,110.02726308916739,110.53147160530924,109.15384516524897,109.79769038021956,125.07613823564739,16053.869622081083,3432
2026-01-12T13:45:00+00:00,2026-01-12T13:49:59.999000+00:00,109.79769038021956,110.40372823195352,106.49540058273334,107.7620649629808,133.73195319110852,15951.015840685537,3433
2026-01-12T13:50:00+00:00,2026-01-12T13:54:59.999000+00:00,107.7620649629808,108.44165617482092,104.63520177016977,105.81271369701756,116.35233557862881,12292.039064522853,3434
2026-01-12T13:55:00+00:00,2026-01-12T13:59:59.999000+00:00,105.81271369701756,107.52814911552451,103.92954413690283,105.64968472942434,116.94501149248181,11841.486896758155,3435
2026-01-12T14:00:00+00:00,2026-01-12T14:04:59.999000+00:00,105.64968472942434,106.70802686089874,101.4393261227597,103.22966132736612,149.3690231888961,15188.945779426746,3436
2026-01-12T14:05:00+00:00,2026-01-12T14:09:59.999000+00:00,103.22966132736612,104.78003841943197,101.84231897742367,102.66486589681459,102.81064333584705,12150.634063452366,3437
2026-01-12T14:10:00+00:00,2026-01-12T14:14:59.999000+00:00,102.66486589681459,103.46494068294959,100.5935589555201,101.25284022368592,125.0257478712598,12740.786288934929,3438
2026-01-12T14:15:00+00:00,2026-01-12T14:19:59.999000+00:00,101.25284022368592,102.46506089055352,99.92998506508901,100.8937628010783,137.20334884514645,14672.705665696452,3439
2026-01-12T14:20:00+00:00,2026-01-12T14:24:59.999000+00:00,100.8937628010783,101.55469820747278,98.5529016764281,99.77591784661988,112.7486161589949,11820.351160976896,3440
2026-01-12T14:25:00+00:00,2026-01-12T14:29:59.999000+00:00,99.77591784661988,101.79547364951225,98.20894172699344,100.38394419213827,116.16514037397985,14729.50545335778,3441
2026-01-12T14:30:00+00:00,2026-01-12T14:34:59.999000+00:00,100.38394419213827,101.01298777409296,98.95004097108611,100.16225364612114,146.21901369526398,10517.823412800364,3442
2026-01-12T14:35:00+00:00,2026-01-12T14:39:59.999000+00:00,100.16225364612114,101.47168074334141,98.51311464167831,99.95063453188635,121.37768974921303,12600.694038419175,3443
2026-01-12T14:40:00+00:00,2026-01-12T14:44:59.999000+00:00,99.95063453188635,101.01174441345273,98.96406745155475,100.3937502135329,144.8227619683138,12082.718684928745,3444
2026-01-12T14:45:00+00:00,2026-01-12T14:49:59.999000+00:00,100.3937502135329,102.16209825602269,98.94052355171463,99.58494985581038,140.3343737884955,13601.53019807858,3445
2026-01-12T14:50:00+00:00,2026-01-12T14:54:59.999000+00:00,99.58494985581038,100.86497682792229,97.91360627176061,99.28120168378256,101.59005154837024,14624.663767573327,3446
2026-01-12T14:55:00+00:00,2026-01-12T14:59:59.999000+00:00,99.28120168378256,100.08159085688004,97.7347587503786,98.59305605816101,101.1183021257244,13991.12757983621,3447
2026-01-12T15:00:00+00:00,2026-01-12T15:04:59.999000+00:00,98.59305605816101,100.00435217635022,96.55271748030836,97.78470895889402,104.46983168694871,13072.925305077282,3448
2026-01-12T15:05:00+00:00,2026-01-12T15:09:59.999000+00:00,97.78470895889402,98.35420039350156,95.25708490592983,96.3613146442396,106.09934787845836,9842.546673334151,3449
2026-01-12T15:10:00+00:00,2026-01-12T15:14:59.999000+00:00,96.3613146442396,97.36500885939954,93.49992869622207,94.66427838358076,138.58255975476615,11956.216336190853,3450
2026-01-12T15:15:00+00:00,2026-01-12T15:19:59.999000+00:00,94.66427838358076,95.30883459996863,90.5487986866071,92.02517138549166,109.65950443959136,12078.396782078275,3451
2026-01-12T15:20:00+00:00,2026-01-12T15:24:59.999000+00:00,92.02517138549166,93.43079583756688,90.7144797389274,91.72974635277366,119.71343204116029,13109.63963297741,3452
2026-01-12T15:25:00+00:00,2026-01-12T15:29:59.999000+00:00,91.72974635277366,92.27630133335848,87.857591919105,89.52343186145568,115.77707477514244,12326.14206184792,3453
2026-01-12T15:30:00+00:00,2026-01-12T15:34:59.999000+00:00,89.52343186145568,91.295202781534,88.56887735200961,89.72084024496867,132.2232151019246,10972.521478365923,3454
2026-01-12T15:35:00+00:00,2026-01-12T15:39:59.999000+00:00,89.72084024496867,90.30431668528084,87.73458370430642,89.35847987926175,112.53873638065635,9447.031165606464,3455
2026-01-12T15:40:00+00:00,2026-01-12T15:44:59.999000+00:00,89.35847987926175,90.93377276479626,88.18170742397935,89.46315080974531,127.1225997743951,11959.786288248295,3456
2026-01-12T15:45:00+00:00,2026-01-12T15:49:59.999000+00:00,89.46315080974531,91.20918891860981,88.63967253997902,89.6819713108618,113.1263510239627,12637.717680346444,3457
2026-01-12T15:50:00+00:00,2026-01-12T15:54:59.999000+00:00,89.6819713108618,93.4416126690253,88.29049604034105,92.11755742159451,115.6351047137398,10292.187711018827,3458
2026-01-12T15:55:00+00:00,2026-01-12T15:59:59.999000+00:00,92.11755742159451,94.27311319292455,91.35751448847931,92.53820985053947,125.27613658408862,13553.964738989542,3459
2026-01-12T16:00:00+00:00,2026-01-12T16:04:59.999000+00:00,92.53820985053947,94.44043237891438,91.39023362262442,93.83971167261043,135.8043799839627,12663.607340325176,3460
2026-01-12T16:05:00+00:00,2026-01-12T16:09:59.999000+00:00,93.83971167261043,96.74007990701631,92.67086572301072,95.80752830100919,136.76621429542038,13526.402318541446,3461
2026-01-12T16:10:00+00:00,2026-01-12T16:14:59.999000+00:00,95.80752830100919,97.1573173644808,94.95794707257521,96.59779717640772,140.91437772630826,10734.087993797913,3462
2026-01-12T16:15:00+00:00,2026-01-12T16:19:59.999000+00:00,96.59779717640772,99.07048759288047,96.04616745497395,97.91432910858198,107.04745636554077,9841.169053072414,3463
2026-01-12T16:20:00+00:00,2026-01-12T16:24:59.999000+00:00,97.91432910858198,101.6600261894278,96.2482526118184,99.87696250519569,129.58138079206884,12872.136609901101,3464
2026-01-12T16:25:00+00:00,2026-01-12T16:29:59.999000+00:00,99.87696250519569,101.64954235407151,97.92928739922345,99.5568118961495,143.78078894459875,14197.330519628593,3465
2026-01-12T16:30:00+00:00,2026-01-12T16:34:59.999000+00:00,99.5568118961495,100.3458229780553,99.03897677310104,99.6828051425988,106.75637687621565,12150.49370924227,3466
2026-01-12T16:35:00+00:00,2026-01-12T16:39:59.999000+00:00,99.6828051425988,100.6959501582445,98.37714638392461,99.98209732320237,146.49910748483944,13656.920180470064,3467
2026-01-12T16:40:00+00:00,2026-01-12T16:44:59.999000+00:00,99.98209732320237,100.85027983082513,98.1402949368413,99.04638475794745,116.60067201894549,10397.639663244692,3468
2026-01-12T16:45:00+00:00,2026-01-12T16:49:59.999000+00:00,99.04638475794745,100.82808454563414,97.33774067173005,99.28715632605207,133.600432956241,14497.901900422556,3469
2026-01-12T16:50:00+00:00,2026-01-12T16:54:59.999000+00:00,99.28715632605207,101.71732827684129,97.56055640632003,100.05548272974188,115.24030052553104,11931.174330162294,3470
2026-01-12T16:55:00+00:00,2026-01-12T16:59:59.999000+00:00,100.05548272974188,101.3834964574936,99.38574238989824,100.76027181497383,118.16231076686859,10964.890669481643,3471
2026-01-12T17:00:00+00:00,2026-01-12T17:04:59.999000+00:00,100.76027181497383,101.2950049487494,99.19946029684868,100.611300043268,102.35942066680367,12096.71209822617,3472
2026-01-12T17:05:00+00:00,2026-01-12T17:09:59.999000+00:00,100.611300043268,103.75306555009351,99.68611249371058,102.32842394919467,120.56929241627374,11067.29009796362,3473
2026-01-12T17:10:00+00:00,2026-01-12T17:14:59.999000+00:00,102.32842394919467,104.5762128956242,101.51336124194039,103.48613086238082,102.88402446983783,15138.896902321876,3474
2026-01-12T17:15:00+00:00,2026-01-12T17:19:59.999000+00:00,103.48613086238082,106.13165525738277,102.65586289541126,105.46787523500328,118.22387856654433,14862.994680480933,3475
2026-01-12T17:20:00+00:00,2026-01-12T17:24:59.999000+00:00,105.46787523500328,109.27952748408084,103.85302881110775,107.64235263998188,104.92065151710206,12760.410929748474,3476
2026-01-12T17:25:00+00:00,2026-01-12T17:29:59.999000+00:00,107.64235263998188,109.37185746305973,105.93373045504154,108.40358807745703,102.68454654030687,13480.139220466235,3477
2026-01-12T17:30:00+00:00,2026-01-12T17:34:59.999000+00:00,108.40358807745703,110.68352498004026,107.04747049479498,109.5029432095206,116.5738872000824,14158.769437274492,3478
2026-01-12T17:35:00+00:00,2026-01-12T17:39:59.999000+00:00,109.5029432095206,111.62100832819344,107.94453723644574,110.97631091089055,114.73859759616768,14218.2754896677,3479
2026-01-12T17:40:00+00:00,2026-01-12T17:44:59.999000+00:00,110.97631091089055,112.54208388019548,110.3517679459514,111.7714730589355,142.81849085439939,15245.030343555265,3480
2026-01-12T17:45:00+00:00,2026-01-12T17:49:59.999000+00:00,111.7714730589355,113.24944131742232,110.21611786344593,111.15444595345102,146.4271309136289,16405.032171171613,3481
2026-01-12T17:50:00+00:00,2026-01-12T17:54:59.999000+00:00,111.15444595345102,112.02718909135467,108.93496650208219,109.57131102614055,144.6032952046075,12086.388010478646,3482
2026-01-12T17:55:00+00:00,2026-01-12T17:59:59.999000+00:00,109.57131102614055,111.31792379002127,107.89565600102245,108.50313312166135,124.16313794822806,15515.248375404799,3483
2026-01-12T18:00:00+00:00,2026-01-12T18:04:59.999000+00:00,108.50313312166135,109.31942056081044,107.23293905870756,107.81550366792091,119.34264534104318,11231.144412127158,3484
2026-01-12T18:05:00+00:00,2026-01-12T18:09:59.999000+00:00,107.81550366792091,109.06689542907516,105.23720203841026,106.03306844178626,100.96619664097804,15273.521057459753,3485
2026-01-12T18:10:00+00:00,2026-01-12T18:14:59.999000+00:00,106.03306844178626,107.33034450412406,103.0374134162881,104.06742581943658,149.88501426822387,10715.48226738082,3486
2026-01-12T18:15:00+00:00,2026-01-12T18:19:59.999000+00:00,104.06742581943658,104.58085464991092,102.24028774330623,103.71879608151734,149.14362909464631,13782.661370002828,3487
2026-01-12T18:20:00+00:00,2026-01-12T18:24:59.999000+00:00,103.71879608151734,105.37874742476906,100.16667372637924,101.0372838804788,102.46824917743834,14338.181895146361,3488
2026-01-12T18:25:00+00:00,2026-01-12T18:29:59.999000+00:00,101.0372838804788,102.11928821716596,100.10184359718508,101.38958551783485,118.9270577576712,12675.553084941663,3489
2026-01-12T18:30:00+00:00,2026-01-12T18:34:59.999000+00:00,101.38958551783485,102.84699731838607,99.8790857987824,100.79484579077865,123.65595949384806,13678.102063018834,3490
2026-01-12T18:35:00+00:00,2026-01-12T18:39:59.999000+00:00,100.79484579077865,102.54186389647226,98.97363663979233,100.53538155830621,118.50535924814243,10833.925282111803,3491
2026-01-12T18:40:00+00:00,2026-01-12T18:44:59.999000+00:00,100.53538155830621,101.63550764596077,98.95178277972559,100.23346940846169,131.7476456524645,10519.709391472139,3492
2026-01-12T18:45:00+00:00,2026-01-12T18:49:59.999000+00:00,100.23346940846169,101.69765175956212,99.39250840849009,99.9589907975442,121.72327672561687,13971.22513921188,3493
2026-01-12T18:50:00+00:00,2026-01-12T18:54:59.999000+00:00,99.9589907975442,101.39114305453136,98.24931551983937,100.83208336589206,101.40369806014225,14666.774498352514,3494
2026-01-12T18:55:00+00:00,2026-01-12T18:59:59.999000+00:00,100.83208336589206,102.25831144576001,99.01667881192631,100.10100549128697,138.0499112958058,13439.690324908846,3495
2026-01-12T19:00:00+00:00,2026-01-12T19:04:59.999000+00:00,100.10100549128697,101.15338850613558,99.52587969932809,100.51534305631856,141.66204125693864,14397.375376649046,3496
2026-01-12T19:05:00+00:00,2026-01-12T19:09:59.999000+00:00,100.51534305631856,102.06327520041107,98.6815763717556,99.87365434319328,121.08127430254106,14170.106162324575,3497
2026-01-12T19:10:00+00:00,2026-01-12T19:14:59.999000+00:00,99.87365434319328,101.1911386929226,97.29899457610499,98.89797000614814,108.31353490402185,10828.316092087609,3498
2026-01-12T19:15:00+00:00,2026-01-12T19:19:59.999000+00:00,98.89797000614814,99.42989485083574,95.35399422122192,96.30280849516065,116.66489392052854,9771.823188032424,3499
2026-01-12T19:20:00+00:00,2026-01-12T19:24:59.999000+00:00,96.30280849516065,98.09719347686851,94.11384359881305,95.88799006414308,105.1123471820407,9637.1111402246,3500
2026-01-12T19:25:00+00:00,2026-01-12T19:29:59.999000+00:00,95.88799006414308,96.43024459282292,92.98827830680719,94.32356581887402,113.8205900676732,10454.70231624205,3501
2026-01-12T19:30:00+00:00,2026-01-12T19:34:59.999000+00:00,94.32356581887402,95.81063127215904,91.08704942384865,91.74934173663756,105.03479073081064,9527.04711928148,3502
2026-01-12T19:35:00+00:00,2026-01-12T19:39:59.999000+00:00,91.74934173663756,92.6688183492024,88.9144268938191,90.20955651999162,121.89931851738754,12789.674504380882,3503
2026-01-12T19:40:00+00:00,2026-01-12T19:44:59.999000+00:00,90.20955651999162,91.4866027698901,88.69476322571875,89.66240309942,109.95681897733294,11484.072280660364,3504
2026-01-12T19:45:00+00:00,2026-01-12T19:49:59.999000+00:00,89.66240309942,90.98634322260871,87.00406698675793,88.73071306992182,122.02680692022935,10682.904612941455,3505
2026-01-12T19:50:00+00:00,2026-01-12T19:54:59.999000+00:00,88.73071306992182,90.36394218123523,87.48753579156498,88.83925610872622,144.8264822554018,9813.234200760911,3506
2026-01-12T19:55:00+00:00,2026-01-12T19:59:59.999000+00:00,88.83925610872622,90.58617882388646,88.12550888120903,89.81323671809618,107.11706371734883,12212.266450310803,3507
2026-01-12T20:00:00+00:00,2026-01-12T20:04:59.999000+00:00,89.81323671809618,90.70466643070888,88.05730076394816,89.94006546497793,124.37879045973327,9370.720684153848,3508
2026-01-12T20:05:00+00:00,2026-01-12T20:09:59.999000+00:00,89.94006546497793,93.48534814726004,88.89755072727722,91.87855902967586,101.66143986644603,13427.879393742605,3509
2026-01-12T20:10:00+00:00,2026-01-12T20:14:59.999000+00:00,91.87855902967586,94.91256156757785,91.16698657679954,93.14607428226223,123.59816574880126,12404.758884202707,3510
2026-01-12T20:15:00+00:00,2026-01-12T20:19:59.999000+00:00,93.14607428226223,96.56221952844314,91.73000566540982,95.49736699329576,113.53223623124319,10421.688394046041,3511
2026-01-12T20:20:00+00:00,2026-01-12T20:24:59.999000+00:00,95.49736699329576,97.75723593171338,94.1697197840853,96.71433819620293,103.77292590037415,10443.351079562159,3512
2026-01-12T20:25:00+00:00,2026-01-12T20:29:59.999000+00:00,96.71433819620293,99.32183627996119,95.92182683151289,97.93301807872534,131.58424095799145,11526.027553836173,3513
2026-01-12T20:30:00+00:00,2026-01-12T20:34:59.999000+00:00,97.93301807872534,99.8801090615856,96.28235387388816,99.35641991245188,133.4027836974235,11074.897753147925,3514
2026-01-12T20:35:00+00:00,2026-01-12T20:39:59.999000+00:00,99.35641991245188,101.24712148329688,98.33098641160919,99.49810145237153,113.78782836622327,13083.558182583054,3515
2026-01-12T20:40:00+00:00,2026-01-12T20:44:59.999000+00:00,99.49810145237153,100.8871796330104,98.32029519284028,99.78192629372276,109.75680764452503,13369.50882047482,3516
2026-01-12T20:45:00+00:00,2026-01-12T20:49:59.999000+00:00,99.78192629372276,101.34699863877113,99.25212275011249,100.02037499780863,131.89858012527765,11519.876583758813,3517
2026-01-12T20:50:00+00:00,2026-01-12T20:54:59.999000+00:00,100.02037499780863,101.11127450077203,98.46140701926724,99.67941497792373,123.09521173173894,13971.101719117867,3518
2026-01-12T20:55:00+00:00,2026-01-12T20:59:59.999000+00:00,99.67941497792373,100.77932574461806,97.97835972388091,99.93092554282154,107.76597481758387,13958.408890283335,3519
2026-01-12T21:00:00+00:00,2026-01-12T21:04:59.999000+00:00,99.93092554282154,102.16376543774238,98.69561401362921,100.5431820879622,143.1244736912411,12996.395837252383,3520
2026-01-12T21:05:00+00:00,2026-01-12T21:09:59.999000+00:00,100.5431820879622,102.466958583665,99.05976794891627,100.9155766412527,112.22022067484878,12754.954556838347,3521
2026-01-12T21:10:00+00:00,2026-01-12T21:14:59.999000+00:00,100.9155766412527,101.61966999454529,99.71479838176379,100.49193978162016,122.50086414530409,13520.769368258068,3522
2026-01-12T21:15:00+00:00,2026-01-12T21:19:59.999000+00:00,100.49193978162016,101.46653859513907,99.98114055290915,100.95142960320977,121.67569759115486,11700.573909624933,3523
2026-01-12T21:20:00+00:00,2026-01-12T21:24:59.999000+00:00,100.95142960320977,103.51484583627061,99.18426005953867,102.93126990957873,139.37421771564533,13661.348054832717,3524
2026-01-12T21:25:00+00:00,2026-01-12T21:29:59.999000+00:00,102.93126990957873,105.27897120950776,101.49166690088042,103.93770970216026,129.84871541312077,15321.093875157967,3525
2026-01-12T21:30:00+00:00,2026-01-12T21:34:59.999000+00:00,103.93770970216026,107.69898519662073,102.14301353662066,106.1313913317806,140.52060125331147,15475.5685437486,3526
2026-01-12T21:35:00+00:00,2026-01-12T21:39:59.999000+00:00,106.1313913317806,108.80278811944537,105.17117713329112,108.11570712293792,123.49906284243734,15842.647913452589,3527
2026-01-12T21:40:00+00:00,2026-01-12T21:44:59.999000+00:00,108.11570712293792,110.13013979382126,107.28729600001456,109.19596493534884,148.80527126924335,15053.998145054979,3528
2026-01-12T21:45:00+00:00,2026-01-12T21:49:59.999000+00:00,109.19596493534884,111.5505493255463,108.54854908143847,110.42002939915399,138.84865208398406,16169.077896374582,3529
2026-01-12T21:50:00+00:00,2026-01-12T21:54:59.999000+00:00,110.42002939915399,111.22045378419482,109.0925762210803,110.58281294230187,117.86179593975643,15850.102534878519,3530
2026-01-12T21:55:00+00:00,2026-01-12T21:59:59.999000+00:00,110.58281294230187,112.07354554859829,109.74720592027835,110.34404188621282,136.9139830770742,13525.707530779417,3531
2026-01-12T22:00:00+00:00,2026-01-12T22:04:59.999000+00:00,110.34404188621282,113.05854875747569,109.69478305497923,111.46010102263429,105.83157125175808,11261.181668636664,3532
2026-01-12T22:05:00+00:00,2026-01-12T22:09:59.999000+00:00,111.46010102263429,112.24634783931133,108.7025853623176,110.26377853849137,134.15959120853958,15985.648047508776,3533
2026-01-12T22:10:00+00:00,2026-01-12T22:14:59.999000+00:00,110.26377853849137,111.36309130056293,106.61584468183297,108.36600133562864,114.27639131716764,14879.1820388651,3534
2026-01-12T22:15:00+00:00,2026-01-12T22:19:59.999000+00:00,108.36600133562864,109.2374940402437,104.84509499101894,106.42153566130432,137.2305993882744,15548.41181702813,3535
2026-01-12T22:20:00+00:00,2026-01-12T22:24:59.999000+00:00,106.42153566130432,107.76012898291833,104.4841517298508,105.13325754250694,139.54893054702802,11721.871626913244,3536
2026-01-12T22:25:00+00:00,2026-01-12T22:29:59.999000+00:00,105.13325754250694,106.17764439833681,102.69902971682068,103.83479165174721,146.8257276104274,11985.494753832825,3537
2026-01-12T22:30:00+00:00,2026-01-12T22:34:59.999000+00:00,103.83479165174721,104.85162028693661,101.04027433363169,102.09952164578272,131.20958248333332,10241.485277954356,3538
2026-01-12T22:35:00+00:00,2026-01-12T22:39:59.999000+00:00,102.09952164578272,103.72060817376307,99.79453373008565,101.11962904377495,148.53450328611754,13449.130626817901,3539
2026-01-12T22:40:00+00:00,2026-01-12T22:44:59.999000+00:00,101.11962904377495,101.95540252981199,98.88978535381698,100.05773569755522,134.9405857799881,14462.603441660724,3540
2026-01-12T22:45:00+00:00,2026-01-12T22:49:59.999000+00:00,100.05773569755522,101.39861738548234,98.05009492317123,98.78245388760759,124.30651292497534,12091.226663412655,3541
2026-01-12T22:50:00+00:00,2026-01-12T22:54:59.999000+00:00,98.78245388760759,100.83573989487626,97.09835084328843,99.77169328428924,117.63411121171787,12439.996296703524,3542
2026-01-12T22:55:00+00:00,2026-01-12T22:59:59.999000+00:00,99.77169328428924,100.74535849219838,98.82655332568922,99.39288705107782,122.93449872660827,12699.050705981723,3543
2026-01-12T23:00:00+00:00,2026-01-12T23:04:59.999000+00:00,99.39288705107782,100.88901812757818,97.88810867194375,99.37389944273639,125.6049311593435,10026.211885035702,3544
2026-01-12T23:05:00+00:00,2026-01-12T23:09:59.999000+00:00,99.37389944273639,99.93209577405368,98.60616363644577,99.12111135907551,112.39481029502943,12781.738009571334,3545
2026-01-12T23:10:00+00:00,2026-01-12T23:14:59.999000+00:00,99.12111135907551,100.00518638958812,98.06257952234104,99.18135798384681,139.70839729309364,10301.796171649123,3546
2026-01-12T23:15:00+00:00,2026-01-12T23:19:59.999000+00:00,99.18135798384681,101.40932024936353,97.95806608469793,99.85994508968406,149.13631835993272,14561.65698907865,3547
2026-01-12T23:20:00+00:00,2026-01-12T23:24:59.999000+00:00,99.85994508968406,101.00993978098668,96.91712919635344,97.70066264425216,117.05548011527307,13068.051160424058,3548
2026-01-12T23:25:00+00:00,2026-01-12T23:29:59.999000+00:00,97.70066264425216,99.37469489036611,95.0952344277439,96.84824216448166,125.0454492474658,10896.646930759622,3549
2026-01-12T23:30:00+00:00,2026-01-12T23:34:59.999000+00:00,96.84824216448166,98.41437919879745,94.82478081748035,95.71510273101339,102.10158224882875,14293.590081737775,3550
2026-01-12T23:35:00+00:00,2026-01-12T23:39:59.999000+00:00,95.71510273101339,97.38569244318633,94.35192895623865,94.92371031323856,115.0173551096293,9960.706925120743,3551
2026-01-12T23:40:00+00:00,2026-01-12T23:44:59.999000+00:00,94.92371031323856,95.58117445536003,92.00855649514013,92.75046047393589,120.06212909863441,12567.267722885243,3552
2026-01-12T23:45:00+00:00,2026-01-12T23:49:59.999000+00:00,92.75046047393589,93.62424282632799,90.82033579331565,91.68122772410871,118.4514930139785,10271.850322754017,3553
2026-01-12T23:50:00+00:00,2026-01-12T23:54:59.999000+00:00,91.68122772410871,93.34753314616924,89.20326630699971,90.3846671002671,134.4771561461211,11598.648369584345,3554
2026-01-12T23:55:00+00:00,2026-01-12T23:59:59.999000+00:00,90.3846671002671,90.92328721112341,87.08406757742321,88.81429815165298,107.48512525040805,12999.96680777512,3555
2026-01-13T00:00:00+00:00,2026-01-13T00:04:59.999000+00:00,88.81429815165298,90.66197200098348,88.29567413475695,89.50591338295028,146.11028554469664,12789.082107364777,3556
2026-01-13T00:05:00+00:00,2026-01-13T00:09:59.999000+00:00,89.50591338295028,91.03554944092778,88.10841310165434,89.82925889681432,105.76590495784205,12700.011657707282,3557
2026-01-13T00:10:00+00:00,2026-01-13T00:14:59.999000+00:00,89.82925889681432,90.7273947832594,87.79054393182199,89.21776016481014,128.53549923905703,10121.86167619618,3558
2026-01-13T00:15:00+00:00,2026-01-13T00:19:59.999000+00:00,89.21776016481014,91.66114174860283,88.15340742568753,90.02032463308053,139.89397594596988,12882.718953881886,3559
2026-01-13T00:20:00+00:00,2026-01-13T00:24:59.999000+00:00,90.02032463308053,93.20144850417716,88.75599164146603,92.6476629226404,144.12860848996348,13285.407150766578,3560
2026-01-13T00:25:00+00:00,2026-01-13T00:29:59.999000+00:00,92.6476629226404,94.6319070113271,91.01696976785074,93.21926907118869,130.94561359323245,12970.611097966099,3561
2026-01-13T00:30:00+00:00,2026-01-13T00:34:59.999000+00:00,93.21926907118869,97.44811646929779,91.68457777436333,95.96132070442,124.63858629188331,10212.7027211116,3562
2026-01-13T00:35:00+00:00,2026-01-13T00:39:59.999000+00:00,95.96132070442,98.82460713816793,95.44171908295311,97.81594664778184,125.99824683253644,13952.318945379518,3563
2026-01-13T00:40:00+00:00,2026-01-13T00:44:59.999000+00:00,97.81594664778184,100.57238358778845,97.15798737564091,99.33182181335684,114.57936376244601,13621.899691145145,3564
2026-01-13T00:45:00+00:00,2026-01-13T00:49:59.999000+00:00,99.33182181335684,101.2345926680736,98.77085600453238,99.59029040994473,140.52715385888044,11974.44965649209,3565
2026-01-13T00:50:00+00:00,2026-01-13T00:54:59.999000+00:00,99.59029040994473,101.74959244445984,98.58629949194643,100.17004204047012,137.94123600454213,14104.524560334252,3566
2026-01-13T00:55:00+00:00,2026-01-13T00:59:59.999000+00:00,100.17004204047012,101.99311823617879,98.47133891063625,101.17057678304836,113.82134451488471,14656.558653509514,3567
2026-01-13T01:00:00+00:00,2026-01-13T01:04:59.999000+00:00,101.17057678304836,102.08533336954709,99.49624194135124,100.37405165534173,142.17970707812512,13951.222298655643,3568
2026-01-13T01:05:00+00:00,2026-01-13T01:09:59.999000+00:00,100.37405165534173,102.19117191522564,99.25160226818781,100.68210673749176,108.38106020003967,11313.409924290443,3569
2026-01-13T01:10:00+00:00,2026-01-13T01:14:59.999000+00:00,100.68210673749176,102.33172129672339,99.5409901796154,100.59910693986606,100.55728450236465,13189.618338734132,3570
2026-01-13T01:15:00+00:00,2026-01-13T01:19:59.999000+00:00,100.59910693986606,102.31771776736674,98.8316809091414,101.50712256255295,144.75253882790528,14475.585501774956,3571
2026-01-13T01:20:00+00:00,2026-01-13T01:24:59.999000+00:00,101.50712256255295,102.35321624878061,99.30767197791214,100.44996733442886,133.04541557590426,11901.021897351007,3572
2026-01-13T01:25:00+00:00,2026-01-13T01:29:59.999000+00:00,100.44996733442886,101.53930335533109,99.47092103139879,100.99208171413447,139.72691639891627,14875.77039311155,3573
2026-01-13T01:30:00+00:00,2026-01-13T01:34:59.999000+00:00,100.99208171413447,103.53926356763104,100.01805438273753,102.33769938817987,106.68094158752645,14625.490170615381,3574
2026-01-13T01:35:00+00:00,2026-01-13T01:39:59.999000+00:00,102.33769938817987,104.75296519929746,100.65973358311054,103.60579713502445,102.12413908444228,10871.719800568735,3575
2026-01-13T01:40:00+00:00,2026-01-13T01:44:59.999000+00:00,103.60579713502445,107.01941074687007,101.97225613260747,105.49672841151973,145.93713486500474,15621.610704266554,3576
2026-01-13T01:45:00+00:00,2026-01-13T01:49:59.999000+00:00,105.49672841151973,107.36032461911509,104.24983866427722,105.63131941287716,148.04519524844733,12727.068525394678,3577
2026-01-13T01:50:00+00:00,2026-01-13T01:54:59.999000+00:00,105.63131941287716,108.79670759545651,104.02468325614036,107.37429630821303,111.56228826556284,11367.073540244866,3578
2026-01-13T01:55:00+00:00,2026-01-13T01:59:59.999000+00:00,107.37429630821303,110.18612321507504,105.7398145959959,109.00316267722972,129.0768930000819,14102.756347548773,3579
2026-01-13T02:00:00+00:00,2026-01-13T02:04:59.999000+00:00,109.00316267722972,112.20056335525308,107.29568520959269,110.91378755230392,102.34744344207068,12973.758882539069,3580
2026-01-13T02:05:00+00:00,2026-01-13T02:09:59.999000+00:00,110.91378755230392,112.33885732099974,109.34917938523407,110.98916616105598,141.57189216015917,15821.702923041279,3581
2026-01-13T02:10:00+00:00,2026-01-13T02:14:59.999000+00:00,110.98916616105598,112.99136977459291,110.17659174721463,111.55509201715174,146.1941661492392,14376.77752361953,3582
2026-01-13T02:15:00+00:00,2026-01-13T02:19:59.999000+00:00,111.55509201715174,112.28718182513535,109.4330119527007,110.52821811064629,125.78159360972403,11887.516375021232,3583
2026-01-13T02:20:00+00:00,2026-01-13T02:24:59.999000+00:00,110.52821811064629,111.20500503655784,107.8232837712242,109.32679510446714,140.72022410819153,11724.98175745093,3584
2026-01-13T02:25:00+00:00,2026-01-13T02:29:59.999000+00:00,109.32679510446714,111.0957504171389,107.45197946243475,108.5007054614257,117.28837744830402,15495.414258701498,3585
2026-01-13T02:30:00+00:00,2026-01-13T02:34:59.999000+00:00,108.5007054614257,109.03417277473308,105.54915929137222,107.31823198861717,135.32639688825697,10984.24597116884,3586
2026-01-13T02:35:00+00:00,2026-01-13T02:39:59.999000+00:00,107.31823198861717,108.13189728062709,103.15536046315522,104.141152641392,109.13285657468603,12434.154230437916,3587
2026-01-13T02:40:00+00:00,2026-01-13T02:44:59.999000+00:00,104.141152641392,104.65154494886475,101.97885828826972,103.1679383846698,149.8680367158735,11824.010034024705,3588
2026-01-13T02:45:00+00:00,2026-01-13T02:49:59.999000+00:00,103.1679383846698,104.87609127638588,100.23373052577266,101.97216387365135,103.94439865266196,13669.842414449373,3589
2026-01-13T02:50:00+00:00,2026-01-13T02:54:59.999000+00:00,101.97216387365135,103.56227858128207,98.66514701771715,99.62065004607634,108.61873185096762,14939.694163418446,3590
2026-01-13T02:55:00+00:00,2026-01-13T02:59:59.999000+00:00,99.62065004607634,100.69640968959158,97.70882918453101,99.43104277556294,134.48013749901892,10846.27525239797,3591
2026-01-13T03:00:00+00:00,2026-01-13T03:04:59.999000+00:00,99.43104277556294,100.40654433939277,96.96874184148609,98.14839969399449,134.75026357777077,14150.895242160264,3592
2026-01-13T03:05:00+00:00,2026-01-13T03:09:59.999000+00:00,98.14839969399449,100.75179122207163,97.55319995447445,99.22370247471582,125.81727005687021,10600.649858882236,3593
2026-01-13T03:10:00+00:00,2026-01-13T03:14:59.999000+00:00,99.22370247471582,100.40476668308943,97.29666875404685,98.51560519953186,146.4512212624092,13965.448108755396,3594
2026-01-13T03:15:00+00:00,2026-01-13T03:19:59.999000+00:00,98.51560519953186,99.77025722060297,96.85228272917288,98.8124988126186,126.86407641601122,11656.279080662169,3595
2026-01-13T03:20:00+00:00,2026-01-13T03:24:59.999000+00:00,98.8124988126186,100.41729025360583,98.00559783557622,99.05299965274483,133.66926577436345,10474.604105743483,3596
2026-01-13T03:25:00+00:00,2026-01-13T03:29:59.999000+00:00,99.05299965274483,101.15000265843177,97.90862923271564,99.36367789457957,148.90966949011084,12070.46311590547,3597
2026-01-13T03:30:00+00:00,2026-01-13T03:34:59.999000+00:00,99.36367789457957,100.18838885973479,96.9602892131118,98.31322216274302,107.88630143597811,13902.705921735562,3598
2026-01-13T03:35:00+00:00,2026-01-13T03:39:59.999000+00:00,98.31322216274302,99.36562031057038,96.51846122673902,98.37971743576101,126.76528683053323,10307.22978574275,3599
2026-01-13T03:40:00+00:00,2026-01-13T03:44:59.999000+00:00,98.37971743576101,98.99744829192092,96.42730984844115,97.19929070860879,116.84780113413413,10757.561306171114,3600
2026-01-13T03:45:00+00:00,2026-01-13T03:49:59.999000+00:00,97.19929070860879,98.4067053651629,95.56669823669043,96.24181910756464,145.9175198222845,12383.290998053271,3601
2026-01-13T03:50:00+00:00,2026-01-13T03:54:59.999000+00:00,96.24181910756464,97.33538726344703,93.55174221772852,95.0435804992919,134.05235292654248,10415.863376919726,3602
2026-01-13T03:55:00+00:00,2026-01-13T03:59:59.999000+00:00,95.0435804992919,95.84395843454735,90.651746171357,91.98999360131151,109.25195791553371,10993.189974534924,3603
2026-01-13T04:00:00+00:00,2026-01-13T04:04:59.999000+00:00,91.98999360131151,93.49769659265843,90.36994077170804,91.96769266946819,113.37300874087016,12013.7605714898,3604
2026-01-13T04:05:00+00:00,2026-01-13T04:09:59.999000+00:00,91.96769266946819,92.5560573488362,88.59141352802392,89.840341766288,121.41848467766403,10931.249030710307,3605
2026-01-13T04:10:00+00:00,2026-01-13T04:14:59.999000+00:00,89.840341766288,91.74979073426591,89.06681104637877,90.15301442749437,110.80933294017385,9089.44952390947,3606
2026-01-13T04:15:00+00:00,2026-01-13T04:19:59.999000+00:00,90.15301442749437,91.06327876612917,88.60276713495496,89.4710831518543,112.96478222473841,11304.506148259741,3607
2026-01-13T04:20:00+00:00,2026-01-13T04:24:59.999000+00:00,89.4710831518543,90.38933925887508,88.7028817500887,89.73858307878686,139.31932204639207,12037.870136940299,3608
2026-01-13T04:25:00+00:00,2026-01-13T04:29:59.999000+00:00,89.73858307878686,91.51920096013167,88.2281932582825,90.13751893963725,113.46323669124185,13418.948029917714,3609
2026-01-13T04:30:00+00:00,2026-01-13T04:34:59.999000+00:00,90.13751893963725,91.83602816138425,89.08586210480082,90.89111127193854,106.80408780903886,9712.645009015945,3610
2026-01-13T04:35:00+00:00,2026-01-13T04:39:59.999000+00:00,90.89111127193854,94.5528753570379,89.81112976367167,93.20712300393343,117.32697601140438,12603.784231600046,3611
2026-01-13T04:40:00+00:00,2026-01-13T04:44:59.999000+00:00,93.20712300393343,95.53830351760122,92.55344042566408,94.69517041323083,117.6803398815984,11620.660522711622,3612
2026-01-13T04:45:00+00:00,2026-01-13T04:49:59.999000+00:00,94.69517041323083,97.077268984744,93.1877718988437,96.17204382269892,136.69808405645756,12018.476875914988,3613
2026-01-13T04:50:00+00:00,2026-01-13T04:54:59.999000+00:00,96.17204382269892,99.09723126887137,95.1073152125693,97.69791645231285,109.28397764095908,10314.36333607144,3614
2026-01-13T04:55:00+00:00,2026-01-13T04:59:59.999000+00:00,97.69791645231285,99.48090027071076,96.97633515824597,98.71515616659457,128.4259663714468,13503.329992018367,3615
2026-01-13T05:00:00+00:00,2026-01-13T05:04:59.999000+00:00,98.71515616659457,100.72458596950597,97.64105094179497,100.07471468043796,144.8031086152086,11667.750484962551,3616
2026-01-13T05:05:00+00:00,2026-01-13T05:09:59.999000+00:00,100.07471468043796,102.28645671594312,99.17955166308028,100.89866100411825,131.2308993286747,10292.49087718885,3617
2026-01-13T05:10:00+00:00,2026-01-13T05:14:59.999000+00:00,100.89866100411825,102.32169954927909,99.28877072246324,101.03955077181912,128.2815548705484,13127.537016639208,3618
2026-01-13T05:15:00+00:00,2026-01-13T05:19:59.999000+00:00,101.03955077181912,102.1075675619254,99.79054523649033,101.21872885165114,106.63474655932764,12698.24496134407,3619
2026-01-13T05:20:00+00:00,2026-01-13T05:24:59.999000+00:00,101.21872885165114,103.06354571916877,100.47128482666966,101.66463800910839,107.8657647614128,13976.555524609243,3620
2026-01-13T05:25:00+00:00,2026-01-13T05:29:59.999000+00:00,101.66463800910839,102.49406195709889,100.12700229343248,101.99304219165683,148.1712580821748,12221.444595913208,3621
2026-01-13T05:30:00+00:00,2026-01-13T05:34:59.999000+00:00,101.99304219165683,103.03776514990238,100.89488218376707,101.91781994126589,104.86191202135424,15149.982015831536,3622
2026-01-13T05:35:00+00:00,2026-01-13T05:39:59.999000+00:00,101.91781994126589,103.05229291810909,100.30503187115445,101.52221450463855,142.78236335838625,10476.00360916005,3623
2026-01-13T05:40:00+00:00,2026-01-13T05:44:59.999000+00:00,101.52221450463855,102.44396770975722,100.10828756079381,101.83352244683137,102.35140082720753,14538.223592691673,3624
2026-01-13T05:45:00+00:00,2026-01-13T05:49:59.999000+00:00,101.83352244683137,103.56113756569498,101.2770970758118,102.76751774934495,102.26638128703433,12136.791844893845,3625
2026-01-13T05:50:00+00:00,2026-01-13T05:54:59.999000+00:00,102.76751774934495,104.73148935861627,101.97478111542104,103.30328508258513,135.6435253231562,13863.631770439712,3626
2026-01-13T05:55:00+00:00,2026-01-13T05:59:59.999000+00:00,103.30328508258513,107.56442957405841,102.51677773242056,105.87764330700564,105.93320956771076,14801.90739374633,3627
2026-01-13T06:00:00+00:00,2026-01-13T06:04:59.999000+00:00,105.87764330700564,108.39267635231948,104.24944666784357,106.7532259781323,114.19426399367694,12707.923795901212,3628
2026-01-13T06:05:00+00:00,2026-01-13T06:09:59.999000+00:00,106.7532259781323,109.94202534915715,105.63336158633888,108.40529157821774,135.8608096788544,14431.174063731978,3629
2026-01-13T06:10:00+00:00,2026-01-13T06:14:59.999000+00:00,108.40529157821774,109.92966162767553,106.67167077929426,109.22240427222162,117.08434111631408,11206.157382016512,3630
2026-01-13T06:15:00+00:00,2026-01-13T06:19:59.999000+00:00,109.22240427222162,110.94833026579379,107.55722762374037,109.90618034631623,144.71050002051135,13107.935100865248,3631
2026-01-13T06:20:00+00:00,2026-01-13T06:24:59.999000+00:00,109.90618034631623,111.98314099417166,109.00415265893356,111.32039985493684,114.74232082230795,14955.008130329881,3632
2026-01-13T06:25:00+00:00,2026-01-13T06:29:59.999000+00:00,111.32039985493684,113.01246789158424,108.73354248602027,110.41235863244928,122.61015770895887,16196.006521571526,3633
2026-01-13T06:30:00+00:00,2026-01-13T06:34:59.999000+00:00,110.41235863244928,111.52688830472228,109.64366201104627,110.8662539590181,127.22425891789332,13374.91264424636,3634
2026-01-13T06:35:00+00:00,2026-01-13T06:39:59.999000+00:00,110.8662539590181,112.34163451989377,107.20154223425828,108.48475961133383,126.1788648482104,15723.938729441388,3635
2026-01-13T06:40:00+00:00,2026-01-13T06:44:59.999000+00:00,108.48475961133383,110.16658492150276,106.27066014754857,107.5650584915979,113.57471444407126,15135.606576710106,3636
2026-01-13T06:45:00+00:00,2026-01-13T06:49:59.999000+00:00,107.5650584915979,108.79334056247379,104.30232491022706,106.01524847873111,136.03404765324126,13739.00867290087,3637
2026-01-13T06:50:00+00:00,2026-01-13T06:54:59.999000+00:00,106.01524847873111,106.91612918896685,103.69708402959448,104.53433502980675,128.9198053443115,12859.95111317884,3638
2026-01-13T06:55:00+00:00,2026-01-13T06:59:59.999000+00:00,104.53433502980675,105.14294123983846,100.29805755039567,101.87815471367877,133.3124299950735,14620.586910700193,3639
2026-01-13T07:00:00+00:00,2026-01-13T07:04:59.999000+00:00,101.87815471367877,103.57334796742802,100.0202471442727,100.64487333582522,132.0179544532796,11285.650289464675,3640
2026-01-13T07:05:00+00:00,2026-01-13T07:09:59.999000+00:00,100.64487333582522,101.93730314765769,99.38821658161386,100.34616378153525,140.29603924559103,11066.187730206966,3641
2026-01-13T07:10:00+00:00,2026-01-13T07:14:59.999000+00:00,100.34616378153525,102.13145904845207,98.24317840742756,99.10718838937294,121.39867646984985,14590.481644275302,3642
2026-01-13T07:15:00+00:00,2026-01-13T07:19:59.999000+00:00,99.10718838937294,100.9028798259019,96.71130019484664,98.4540466460187,114.4712444445831,12886.357317975371,3643
2026-01-13T07:20:00+00:00,2026-01-13T07:24:59.999000+00:00,98.4540466460187,99.86935622902622,97.03495907442063,97.8462666403115,142.66870967560476,10868.654184043176,3644
2026-01-13T07:25:00+00:00,2026-01-13T07:29:59.999000+00:00,97.8462666403115,99.98914122837199,96.77603516712914,98.66458480513687,114.98315167436941,11084.700980110561,3645
2026-01-13T07:30:00+00:00,2026-01-13T07:34:59.999000+00:00,98.66458480513687,99.86556844284372,96.83225399066114,97.43739069791025,100.13784970987432,13811.60718539771,3646
2026-01-13T07:35:00+00:00,2026-01-13T07:39:59.999000+00:00,97.43739069791025,99.32740962593545,96.15104492155034,98.6102984826142,134.0816794052986,10420.476749234822,3647
2026-01-13T07:40:00+00:00,2026-01-13T07:44:59.999000+00:00,98.6102984826142,99.51355811900241,97.73898899680462,98.80943363759087,113.96235081956516,12964.017763523252,3648
2026-01-13T07:45:00+00:00,2026-01-13T07:49:59.999000+00:00,98.80943363759087,99.50673558949178,96.74506627343608,98.13102297355886,107.56538589702282,12058.913320884438,3649
2026-01-13T07:50:00+00:00,2026-01-13T07:54:59.999000+00:00,98.13102297355886,99.72045392417398,95.5989333344862,96.74752111062917,138.0745222759819,11102.16929136488,3650
2026-01-13T07:55:00+00:00,2026-01-13T07:59:59.999000+00:00,96.74752111062917,97.67374806872255,94.37162564615818,96.10251739852198,143.80699291962077,11450.872723103255,3651
2026-01-13T08:00:00+00:00,2026-01-13T08:04:59.999000+00:00,96.10251739852198,96.87231717632775,94.76697543666629,95.37484001780834,109.08708497147269,12305.247218663586,3652
2026-01-13T08:05:00+00:00,2026-01-13T08:09:59.999000+00:00,95.37484001780834,96.34918272192677,92.55839914368222,94.28769797255937,128.45833637424977,12830.591581025856,3653
2026-01-13T08:10:00+00:00,2026-01-13T08:14:59.999000+00:00,94.28769797255937,95.95908028119592,90.17407073883122,91.66269973976519,141.25232576100274,9579.50723406702,3654
2026-01-13T08:15:00+00:00,2026-01-13T08:19:59.999000+00:00,91.66269973976519,93.27097216056956,90.20834402616582,91.54844412081057,124.26949508762151,10593.800060143567,3655
2026-01-13T08:20:00+00:00,2026-01-13T08:24:59.999000+00:00,91.54844412081057,93.31139215659174,88.13417831512902,89.7316227091086,149.44507774656074,11102.617877781511,3656
2026-01-13T08:25:00+00:00,2026-01-13T08:29:59.999000+00:00,89.7316227091086,91.23495677585831,87.72706086510611,89.24755835847452,147.8636461908257,12970.710224661387,3657
2026-01-13T08:30:00+00:00,2026-01-13T08:34:59.999000+00:00,89.24755835847452,90.68584908048135,88.0342455857518,89.07584890638785,140.74391348390827,11567.561755115934,3658
2026-01-13T08:35:00+00:00,2026-01-13T08:39:59.999000+00:00,89.07584890638785,90.61101821152077,87.3922091936563,88.78260577546394,113.76318689893125,13133.764760176193,3659
2026-01-13T08:40:00+00:00,2026-01-13T08:44:59.999000+00:00,88.78260577546394,91.98142457829121,88.13855201474817,90.4079109542536,129.68094568319077,12349.076410183286,3660
2026-01-13T08:45:00+00:00,2026-01-13T08:49:59.999000+00:00,90.4079109542536,92.76001475494832,88.70399720582355,92.19787986706329,141.92933851487544,10189.779768689863,3661
2026-01-13T08:50:00+00:00,2026-01-13T08:54:59.999000+00:00,92.19787986706329,94.65567068457158,90.7836353169792,93.4397365616713,141.85341612232628,9751.759330376663,3662
2026-01-13T08:55:00+00:00,2026-01-13T08:59:59.999000+00:00,93.4397365616713,94.94123236339908,92.55400285086944,94.34627722063739,131.46541635548766,11113.762780603867,3663
2026-01-13T09:00:00+00:00,2026-01-13T09:04:59.999000+00:00,94.34627722063739,98.04478236328356,93.39723575167328,96.5686919452893,102.78323066709505,11789.99267885177,3664
2026-01-13T09:05:00+00:00,2026-01-13T09:09:59.999000+00:00,96.5686919452893,99.27418314522767,95.04016119841668,98.22779225821971,135.23437411138752,14634.904238880245,3665
2026-01-13T09:10:00+00:00,2026-01-13T09:14:59.999000+00:00,98.22779225821971,101.82849619715395,96.80728890675103,100.68637915604043,139.83140938795034,14517.721684539561,3666
2026-01-13T09:15:00+00:00,2026-01-13T09:19:59.999000+00:00,100.68637915604043,101.4308862995876,99.41503795696485,100.6702902502794,111.2908218210502,12631.976273546077,3667
2026-01-13T09:20:00+00:00,2026-01-13T09:24:59.999000+00:00,100.6702902502794,102.85489075584746,99.36577795411819,101.67977755988619,135.32345011969653,11712.019735108293,3668
2026-01-13T09:25:00+00:00,2026-01-13T09:29:59.999000+00:00,101.67977755988619,103.81728048375997,100.55725265302355,102.83140471389956,123.0605353485147,12303.403912518635,3669
2026-01-13T09:30:00+00:00,2026-01-13T09:34:59.999000+00:00,102.83140471389956,103.96768487754123,101.63498896465637,102.72598960532912,119.41771995731364,10449.24641515113,3670
2026-01-13T09:35:00+00:00,2026-01-13T09:39:59.999000+00:00,102.72598960532912,104.14244244390542,101.38459894807555,102.62293684925734,133.26373335138905,15314.00699316557,3671
2026-01-13T09:40:00+00:00,2026-01-13T09:44:59.999000+00:00,102.62293684925734,103.49185147036877,100.82297021939887,102.57180631695887,102.09712766744816,13997.870336975033,3672
2026-01-13T09:45:00+00:00,2026-01-13T09:49:59.999000+00:00,102.57180631695887,103.62473705436145,100.93850683779432,101.8805865849316,133.34672914818466,14123.368206892013,3673
2026-01-13T09:50:00+00:00,2026-01-13T09:54:59.999000+00:00,101.8805865849316,104.07999107584597,100.13882802708123,102.88733258464482,100.29625449131473,11302.206340729908,3674
2026-01-13T09:55:00+00:00,2026-01-13T09:59:59.999000+00:00,102.88733258464482,104.2492572585704,100.77152935790036,101.9768840692446,102.04506265163037,11121.48016882821,3675
2026-01-13T10:00:00+00:00,2026-01-13T10:04:59.999000+00:00,101.9768840692446,105.31882776198906,100.73872321271271,103.97099050335865,105.94915563921995,10833.387577130492,3676
2026-01-13T10:05:00+00:00,2026-01-13T10:09:59.999000+00:00,103.97099050335865,106.03184919874953,103.01839129557102,104.314171947575,145.53341017574948,10445.539785327215,3677
2026-01-13T10:10:00+00:00,2026-01-13T10:14:59.999000+00:00,104.314171947575,107.53337801892172,103.5060142635382,105.76967016257191,145.16402225742823,11610.272476912447,3678
2026-01-13T10:15:00+00:00,2026-01-13T10:19:59.999000+00:00,105.76967016257191,108.6088281026133,104.49860936391423,107.79289843132224,147.37975160480417,15227.467499480323,3679
2026-01-13T10:20:00+00:00,2026-01-13T10:24:59.999000+00:00,107.79289843132224,110.43934452295352,106.23917113475481,108.7348650736546,111.94061105984207,14909.96814359942,3680
2026-01-13T10:25:00+00:00,2026-01-13T10:29:59.999000+00:00,108.7348650736546,111.62463146369302,107.31096891006814,110.306139551481,144.88783215179288,15068.30083937052,3681
2026-01-13T10:30:00+00:00,2026-01-13T10:34:59.999000+00:00,110.306139551481,112.12411361757023,109.26963586541927,110.48345563341546,119.12204827934426,16328.322332074866,3682
2026-01-13T10:35:00+00:00,2026-01-13T10:39:59.999000+00:00,110.48345563341546,112.01529901144008,108.80916290128351,110.35848808500596,112.24450259955472,11607.150238889004,3683
2026-01-13T10:40:00+00:00,2026-01-13T10:44:59.999000+00:00,110.35848808500596,111.8211512263608,108.92561096290721,110.9753422037332,131.48683547575033,13764.879981291917,3684
2026-01-13T10:45:00+00:00,2026-01-13T10:49:59.999000+00:00,110.9753422037332,111.82654909831865,109.69304515251753,110.65264819765522,134.226610766211,11650.827768444318,3685
2026-01-13T10:50:00+00:00,2026-01-13T10:54:59.999000+00:00,110.65264819765522,111.28129602508626,107.43251373123829,108.88236178788677,111.075313305944,12591.62685291976,3686
2026-01-13T10:55:00+00:00,2026-01-13T10:59:59.999000+00:00,108.88236178788677,110.11660555977895,107.24274393371957,107.86899644581126,148.77120625599014,12863.506460086865,3687
2026-01-13T11:00:00+00:00,2026-01-13T11:04:59.999000+00:00,107.86899644581126,109.65039887034523,103.23969423231476,104.70017661500847,116.72734483187067,13918.412684335595,3688
2026-01-13T11:05:00+00:00,2026-01-13T11:09:59.999000+00:00,104.70017661500847,105.72635431935483,101.71806916890135,102.97966031072133,127.40496248006953,14628.314461843045,3689
2026-01-13T11:10:00+00:00,2026-01-13T11:14:59.999000+00:00,102.97966031072133,104.38620977097051,100.26403679535714,101.38834095370252,123.9546521350822,10757.60394453832,3690
2026-01-13T11:15:00+00:00,2026-01-13T11:19:59.999000+00:00,101.38834095370252,101.9963007827676,99.696543101725,101.02061202408755,144.63091932436538,13378.090806706909,3691
2026-01-13T11:20:00+00:00,2026-01-13T11:24:59.999000+00:00,101.02061202408755,102.72533836155897,97.6739935114889,99.27186944735257,106.43833130701692,14590.280756988886,3692
2026-01-13T11:25:00+00:00,2026-01-13T11:29:59.999000+00:00,99.27186944735257,100.83233526020626,96.29340088617452,97.65412348506817,104.10500670688609,12605.7134169839,3693
2026-01-13T11:30:00+00:00,2026-01-13T11:34:59.999000+00:00,97.65412348506817,99.22021053824594,96.19438601055846,97.8004025815444,123.46304884577462,12390.490829287612,3694
2026-01-13T11:35:00+00:00,2026-01-13T11:39:59.999000+00:00,97.8004025815444,98.7910839453339,96.43789096060304,97.6012826222235,122.01907455474341,13023.03128948413,3695
2026-01-13T11:40:00+00:00,2026-01-13T11:44:59.999000+00:00,97.6012826222235,99.23913045843148,95.87841214713546,98.10766453747358,118.65347423301587,12647.06884602391,3696
2026-01-13T11:45:00+00:00,2026-01-13T11:49:59.999000+00:00,98.10766453747358,99.92305207847204,96.6054058500554,98.12678254449472,147.33627324379611,14621.146055724717,3697
2026-01-13T11:50:00+00:00,2026-01-13T11:54:59.999000+00:00,98.12678254449472,99.9137316762993,95.78877258057652,97.54720032331247,120.48454063285399,12847.482999732958,3698
2026-01-13T11:55:00+00:00,2026-01-13T11:59:59.999000+00:00,97.54720032331247,99.09413910611774,95.73972255837265,97.17103762055049,133.26120326790164,13056.02474960051,3699
2026-01-13T12:00:00+00:00,2026-01-13T12:04:59.999000+00:00,97.17103762055049,99.53099195020265,96.19167103549525,97.79285275877486,106.3195892351768,9820.110183953593,3700
2026-01-13T12:05:00+00:00,2026-01-13T12:09:59.999000+00:00,97.79285275877486,98.44068762161575,96.82371684526419,97.5848858217296,130.56240729814664,11966.855918478543,3701
2026-01-13T12:10:00+00:00,2026-01-13T12:14:59.999000+00:00,97.5848858217296,98.43101823520452,94.20612605830648,95.24655638982183,113.22273332665138,11059.17025789698,3702
2026-01-13T12:15:00+00:00,2026-01-13T12:19:59.999000+00:00,95.24655638982183,96.19736578994859,94.39927171348262,95.0857970509238,120.09375501982652,13355.458505798408,3703
2026-01-13T12:20:00+00:00,2026-01-13T12:24:59.999000+00:00,95.0857970509238,96.2015829072083,91.80770749827029,92.75104872784544,120.36149087528472,13177.653902330963,3704
2026-01-13T12:25:00+00:00,2026-01-13T12:29:59.999000+00:00,92.75104872784544,93.86602358792521,91.04212915215992,92.56225291777119,102.4649879115847,11407.556575041252,3705
2026-01-13T12:30:00+00:00,2026-01-13T12:34:59.999000+00:00,92.56225291777119,93.55060089562724,90.54860202893956,91.09740947768915,131.73019266689752,9559.123998619145,3706
2026-01-13T12:35:00+00:00,2026-01-13T12:39:59.999000+00:00,91.09740947768915,92.09267966524186,88.97696441065888,90.16231385937039,124.43048691643101,11651.096730649897,3707
2026-01-13T12:40:00+00:00,2026-01-13T12:44:59.999000+00:00,90.16231385937039,91.04837814698084,89.08379310949597,89.80916716777016,135.04856273038263,11914.19679110212,3708
2026-01-13T12:45:00+00:00,2026-01-13T12:49:59.999000+00:00,89.80916716777016,90.7479049204554,88.23853760387625,89.5254369228142,103.49371426127588,12949.052087337399,3709
2026-01-13T12:50:00+00:00,2026-01-13T12:54:59.999000+00:00,89.5254369228142,91.41014491635195,88.8458231511444,90.45222159330734,148.9512721061223,11867.681408018963,3710
2026-01-13T12:55:00+00:00,2026-01-13T12:59:59.999000+00:00,90.45222159330734,92.26982357570914,89.76989363079588,91.2614383911132,140.01168012828794,10425.921986382818,3711
2026-01-13T13:00:00+00:00,2026-01-13T13:04:59.999000+00:00,91.2614383911132,94.12523117894565,89.76093853045035,92.66191376582258,142.62950777987248,13738.29312418794,3712
2026-01-13T13:05:00+00:00,2026-01-13T13:09:59.999000+00:00,92.66191376582258,94.71160206729895,91.67608026077643,93.63811045185946,143.71808989171376,10999.54319764599,3713
2026-01-13T13:10:00+00:00,2026-01-13T13:14:59.999000+00:00,93.63811045185946,97.4222255910417,92.24426506360575,96.04015333580816,133.74456987247265,12336.451774150097,3714
2026-01-13T13:15:00+00:00,2026-01-13T13:19:59.999000+00:00,96.04015333580816,98.38088946704713,95.33204972648491,97.40356882129245,115.2747458776676,13126.529272999176,3715
2026-01-13T13:20:00+00:00,2026-01-13T13:24:59.999000+00:00,97.40356882129245,100.14346626966919,96.63810681554064,98.81056978914285,120.16489398281063,12968.198345259407,3716
2026-01-13T13:25:00+00:00,2026-01-13T13:29:59.999000+00:00,98.81056978914285,102.28105360101547,97.71933908677414,100.48619897209785,117.97286647588633,11782.436034303058,3717
2026-01-13T13:30:00+00:00,2026-01-13T13:34:59.999000+00:00,100.48619897209785,102.50190909413044,98.74919996509347,101.27134455959933,123.12026947957953,11423.416846747949,3718
2026-01-13T13:35:00+00:00,2026-01-13T13:39:59.999000+00:00,101.27134455959933,104.00589705551972,100.55196949179464,103.0960011781636,140.60706090543232,13500.912376840563,3719
2026-01-13T13:40:00+00:00,2026-01-13T13:44:59.999000+00:00,103.0960011781636,104.89511148309983,100.98848078070831,102.35315461178237,140.03554489236964,13333.66065458349,3720
2026-01-13T13:45:00+00:00,2026-01-13T13:49:59.999000+00:00,102.35315461178237,104.41175465931518,101.41580258612258,102.94458450936145,142.8827305524382,12188.788638367596,3721
2026-01-13T13:50:00+00:00,2026-01-13T13:54:59.999000+00:00,102.94458450936145,104.00003712997268,101.37743822418501,103.02797556039391,128.96168060182788,15053.570612648507,3722
2026-01-13T13:55:00+00:00,2026-01-13T13:59:59.999000+00:00,103.02797556039391,103.9640797753943,101.2380323486236,102.31070088619315,147.6650754585919,10944.916436393758,3723
2026-01-13T14:00:00+00:00,2026-01-13T14:04:59.999000+00:00,102.31070088619315,104.23632598846488,101.4551157053144,102.55984851440965,112.45206232080162,11733.798798515985,3724
2026-01-13T14:05:00+00:00,2026-01-13T14:09:59.999000+00:00,102.55984851440965,104.22549999452949,100.4847007050182,101.92989878904774,114.83373644399136,13777.787148340763,3725
2026-01-13T14:10:00+00:00,2026-01-13T14:14:59.999000+00:00,101.92989878904774,104.08354406486497,100.85984574215988,103.43366086991117,110.13011240775856,11121.060743247423,3726
2026-01-13T14:15:00+00:00,2026-01-13T14:19:59.999000+00:00,103.43366086991117,104.24711302866588,102.7626237535639,103.55527669721276,105.88740258311711,15258.757649325884,3727
2026-01-13T14:20:00+00:00,2026-01-13T14:24:59.999000+00:00,103.55527669721276,106.41315066075973,102.15303681419877,105.39928405826186,139.29282224914806,11939.434828274072,3728
2026-01-13T14:25:00+00:00,2026-01-13T14:29:59.999000+00:00,105.39928405826186,107.46597320050925,103.99903945109872,105.67275871738231,116.77179340876417,15052.414730109931,3729
2026-01-13T14:30:00+00:00,2026-01-13T14:34:59.999000+00:00,105.67275871738231,108.3707049859218,104.40636790697843,107.67429171910533,118.32052730387113,13659.916862097276,3730
2026-01-13T14:35:00+00:00,2026-01-13T14:39:59.999000+00:00,107.67429171910533,109.78163064643617,107.1216736555665,108.79660655813227,138.1572271655982,14795.934019521645,3731
2026-01-13T14:40:00+00:00,2026-01-13T14:44:59.999000+00:00,108.79660655813227,110.19550620068539,108.03567908216161,109.47961512771998,125.6061894818008,12019.83463506261,3732
2026-01-13T14:45:00+00:00,2026-01-13T14:49:59.999000+00:00,109.47961512771998,111.98429198617512,107.80398108745308,110.32145693207866,118.99953527468024,15255.777763732698,3733
2026-01-13T14:50:00+00:00,2026-01-13T14:54:59.999000+00:00,110.32145693207866,112.44827399322932,109.79671248529398,111.25675985824346,134.03742780230667,11543.796850547144,3734
2026-01-13T14:55:00+00:00,2026-01-13T14:59:59.999000+00:00,111.25675985824346,111.87992602464949,108.42073182113522,110.05647752046542,144.41418839824428,14979.736083256481,3735
2026-01-13T15:00:00+00:00,2026-01-13T15:04:59.999000+00:00,110.05647752046542,111.80062985685774,108.9238425772992,109.70583716100926,104.34923169117248,11969.576143569719,3736
2026-01-13T15:05:00+00:00,2026-01-13T15:09:59.999000+00:00,109.70583716100926,110.72079151616829,107.34805161746654,108.91928167424535,109.90607702032054,16149.815962757364,3737
2026-01-13T15:10:00+00:00,2026-01-13T15:14:59.999000+00:00,108.91928167424535,110.57492835341012,105.76744767604016,106.76065619882628,114.14455721836067,14837.296671523602,3738
2026-01-13T15:15:00+00:00,2026-01-13T15:19:59.999000+00:00,106.76065619882628,107.60650865726487,103.98438961457948,105.29036040261047,118.13550604015424,10536.034181424522,3739
2026-01-13T15:20:00+00:00,2026-01-13T15:24:59.999000+00:00,105.29036040261047,106.60836967377492,102.29384785414818,103.11382944553851,130.7283943776544,12952.565342510561,3740
2026-01-13T15:25:00+00:00,2026-01-13T15:29:59.999000+00:00,103.11382944553851,103.81139990487264,99.79359366178353,100.61066546783098,144.806020835817,10728.412914789345,3741
2026-01-13T15:30:00+00:00,2026-01-13T15:34:59.999000+00:00,100.61066546783098,101.33343475334513,99.16837572371439,100.24460754433439,120.48316270331516,13316.725343259857,3742
2026-01-13T15:35:00+00:00,2026-01-13T15:39:59.999000+00:00,100.24460754433439,101.1886413965745,96.72422978317124,98.34089954723224,114.78872892916444,14112.980648002633,3743
2026-01-13T15:40:00+00:00,2026-01-13T15:44:59.999000+00:00,98.34089954723224,99.87724487189536,96.82442572393013,97.84531916386067,112.30572815472851,13657.876978559429,3744
2026-01-13T15:45:00+00:00,2026-01-13T15:49:59.999000+00:00,97.84531916386067,98.93772602932388,94.7305212981296,96.3013061799083,126.93683439757349,12942.405302173123,3745
2026-01-13T15:50:00+00:00,2026-01-13T15:54:59.999000+00:00,96.3013061799083,97.58248420292134,95.69949604808079,96.96916070812084,144.32097204324182,12717.859852067386,3746
2026-01-13T15:55:00+00:00,2026-01-13T15:59:59.999000+00:00,96.96916070812084,97.54870084112159,95.44956586532513,96.680740476265,129.9820099829102,10666.943714825076,3747
2026-01-13T16:00:00+00:00,2026-01-13T16:04:59.999000+00:00,96.680740476265,98.18376566365191,95.48071682069525,96.75532820514043,103.92451509705545,10264.348185895746,3748
2026-01-13T16:05:00+00:00,2026-01-13T16:09:59.999000+00:00,96.75532820514043,98.36841116729438,96.01328312502628,97.28205056176812,116.44022138092,12937.244188676075,3749
2026-01-13T16:10:00+00:00,2026-01-13T16:14:59.999000+00:00,97.28205056176812,98.25515161008299,96.37262016347142,97.6660090210144,143.1592012073762,11608.220281234597,3750
2026-01-13T16:15:00+00:00,2026-01-13T16:19:59.999000+00:00,97.6660090210144,98.3654120671182,96.0817312034858,97.65600998922433,119.16192719441048,13084.919156182903,3751
2026-01-13T16:20:00+00:00,2026-01-13T16:24:59.999000+00:00,97.65600998922433,98.59321450365216,95.29268925331972,95.8486245482603,105.95350495578876,11898.861414362671,3752
2026-01-13T16:25:00+00:00,2026-01-13T16:29:59.999000+00:00,95.8486245482603,97.24546918852425,93.9933182445089,95.06191523989234,135.6527329000598,13374.540312536607,3753
2026-01-13T16:30:00+00:00,2026-01-13T16:34:59.999000+00:00,95.06191523989234,96.4728060991572,92.97204339943961,94.65583875475903,109.87578125151258,10267.697194317241,3754
2026-01-13T16:35:00+00:00,2026-01-13T16:39:59.999000+00:00,94.65583875475903,95.6964341945669,92.04217705598366,92.66297346088601,144.84251834868803,11451.477492287097,3755
2026-01-13T16:40:00+00:00,2026-01-13T16:44:59.999000+00:00,92.66297346088601,93.33329923434414,91.62699466747056,92.65390065944949,105.57047812801848,12547.297297229285,3756
2026-01-13T16:45:00+00:00,2026-01-13T16:49:59.999000+00:00,92.65390065944949,93.30205824391507,89.16423175350509,90.29627754423477,102.29170997118551,12852.601980339015,3757
2026-01-13T16:50:00+00:00,2026-01-13T16:54:59.999000+00:00,90.29627754423477,91.40061777147658,87.79254955991993,89.43662118188412,132.82444455653575,10938.830416161572,3758
2026-01-13T16:55:00+00:00,2026-01-13T16:59:59.999000+00:00,89.43662118188412,91.37508050221801,87.91888101997354,89.63191797718893,148.67761814255852,10872.698877697458,3759
2026-01-13T17:00:00+00:00,2026-01-13T17:04:59.999000+00:00,89.63191797718893,91.09592477300404,87.84291380050296,88.88499698210398,131.83978017351347,12894.326976348302,3760
2026-01-13T17:05:00+00:00,2026-01-13T17:09:59.999000+00:00,88.88499698210398,90.71534588523011,87.98987059290931,90.1248018736276,114.82994459526657,11486.89646409017,3761
2026-01-13T17:10:00+00:00,2026-01-13T17:14:59.999000+00:00,90.1248018736276,91.97095996888171,89.42440364745455,91.20467506237203,142.72804112465008,12044.421043425167,3762
2026-01-13T17:15:00+00:00,2026-01-13T17:19:59.999000+00:00,91.20467506237203,94.50415348381486,90.08192666101839,93.19675953446499,110.09069533634175,10024.671760208204,3763
2026-01-13T17:20:00+00:00,2026-01-13T17:24:59.999000+00:00,93.19675953446499,95.89755755186083,91.605384206461,95.08062027248465,116.45137518936912,12604.219084283572,3764
2026-01-13T17:25:00+00:00,2026-01-13T17:29:59.999000+00:00,95.08062027248465,96.90043026110625,93.95424211931515,96.21019335292873,139.9958513544152,11186.831712102212,3765
2026-01-13T17:30:00+00:00,2026-01-13T17:34:59.999000+00:00,96.21019335292873,99.24669815678773,95.68983793072913,98.40073338117062,117.56103587676185,13428.839791786262,3766
2026-01-13T17:35:00+00:00,2026-01-13T17:39:59.999000+00:00,98.40073338117062,99.97639958600675,97.21370743073908,99.39626948191996,129.7365946459959,11931.489383270884,3767
2026-01-13T17:40:00+00:00,2026-01-13T17:44:59.999000+00:00,99.39626948191996,102.47155169211099,98.6823594327186,101.68037511531027,115.16661910848721,15139.09059202927,3768
2026-01-13T17:45:00+00:00,2026-01-13T17:49:59.999000+00:00,101.68037511531027,103.64455209232335,100.78676593794378,103.08266597441606,144.00804702385938,11264.773123503122,3769
2026-01-13T17:50:00+00:00,2026-01-13T17:54:59.999000+00:00,103.08266597441606,104.86391233515093,101.72076334503919,102.555777140427,106.83997853647165,11089.78632954435,3770
2026-01-13T17:55:00+00:00,2026-01-13T17:59:59.999000+00:00,102.555777140427,104.57555650999275,101.05981380328772,102.91467026503645,112.53536540961757,13445.07009850562,3771
2026-01-13T18:00:00+00:00,2026-01-13T18:04:59.999000+00:00,102.91467026503645,104.13264383909036,102.32340008876297,103.04606590973171,126.80601699118023,13488.21999462801,3772
2026-01-13T18:05:00+00:00,2026-01-13T18:09:59.999000+00:00,103.04606590973171,104.7165605512707,102.54428861754967,103.44348850906016,102.52589217968114,13033.064000232185,3773
2026-01-13T18:10:00+00:00,2026-01-13T18:14:59.999000+00:00,103.44348850906016,104.26763996463254,101.47223317875869,102.90795734453242,138.96871288634276,11082.958010380326,3774
2026-01-13T18:15:00+00:00,2026-01-13T18:19:59.999000+00:00,102.90795734453242,103.79668204696205,101.76720926914207,103.14603101786025,110.67255992360342,14608.164907642602,3775
2026-01-13T18:20:00+00:00,2026-01-13T18:24:59.999000+00:00,103.14603101786025,104.04273684283865,100.70920128979938,102.33120221757754,117.70469918968548,14811.798318588226,3776
2026-01-13T18:25:00+00:00,2026-01-13T18:29:59.999000+00:00,102.33120221757754,104.33554187138196,101.17850812080697,103.14254251539846,119.77025917138165,12653.875240461506,3777
2026-01-13T18:30:00+00:00,2026-01-13T18:34:59.999000+00:00,103.14254251539846,106.27032891487409,102.08342639761867,104.82455235129075,116.42094207056243,11484.801538369526,3778
2026-01-13T18:35:00+00:00,2026-01-13T18:39:59.999000+00:00,104.82455235129075,106.58061815990105,104.24187690263032,105.72252813349425,129.49028486791812,14298.611496377935,3779
2026-01-13T18:40:00+00:00,2026-01-13T18:44:59.999000+00:00,105.72252813349425,107.60885080257253,105.09676242479787,106.19398156196262,130.59895124738753,15019.354401922974,3780
2026-01-13T18:45:00+00:00,2026-01-13T18:49:59.999000+00:00,106.19398156196262,109.32302353255261,104.72785037715151,107.95040683539392,117.5158743037421,15030.02031369039,3781
2026-01-13T18:50:00+00:00,2026-01-13T18:54:59.999000+00:00,107.95040683539392,109.12344718823441,107.42207858897058,108.43832415439508,125.2581463763511,13823.640806129388,3782
2026-01-13T18:55:00+00:00,2026-01-13T18:59:59.999000+00:00,108.43832415439508,111.59573896135768,107.06423551662135,110.05157219225421,141.18477793285354,16393.038856550826,3783
2026-01-13T19:00:00+00:00,2026-01-13T19:04:59.999000+00:00,110.05157219225421,112.65145456666403,109.54750069035393,110.88115927314516,130.542840289743,16488.028436596043,3784
2026-01-13T19:05:00+00:00,2026-01-13T19:09:59.999000+00:00,110.88115927314516,111.62322369095475,109.74779569011329,110.25156435843529,147.4016125533144,16007.133113079504,3785
2026-01-13T19:10:00+00:00,2026-01-13T19:14:59.999000+00:00,110.25156435843529,111.54579014340862,109.27400575413039,110.2625249113753,119.43775261763196,11657.600087099325,3786
2026-01-13T19:15:00+00:00,2026-01-13T19:19:59.999000+00:00,110.2625249113753,111.08860044679307,108.52762540753119,109.76320525654641,138.75468865344908,14988.43116680463,3787
2026-01-13T19:20:00+00:00,2026-01-13T19:24:59.999000+00:00,109.76320525654641,111.21084176388257,105.9998045645298,107.66379574987103,100.55984456337237,15636.503764091123,3788
2026-01-13T19:25:00+00:00,2026-01-13T19:29:59.999000+00:00,107.66379574987103,108.17809493174796,104.62974295508627,105.35167521639147,103.1487064507257,12573.246182382542,3789
2026-01-13T19:30:00+00:00,2026-01-13T19:34:59.999000+00:00,105.35167521639147,106.34555502531492,102.86794203087938,104.43361963862857,147.8019951860186,13354.34698877951,3790
2026-01-13T19:35:00+00:00,2026-01-13T19:39:59.999000+00:00,104.43361963862857,105.81173755832073,101.82062763185327,102.4804171148202,119.15210836820418,13252.889601976562,3791
2026-01-13T19:40:00+00:00,2026-01-13T19:44:59.999000+00:00,102.4804171148202,103.64778149972108,98.54803422072594,100.15080755649714,143.15438698561027,14867.503478630471,3792
2026-01-13T19:45:00+00:00,2026-01-13T19:49:59.999000+00:00,100.15080755649714,101.94014511112971,98.38835906925681,99.388931982722,128.07289390774366,12062.042531398496,3793
2026-01-13T19:50:00+00:00,2026-01-13T19:54:59.999000+00:00,99.388931982722,100.42836677161168,96.76492038988927,98.03578021158954,142.68232280073482,12569.09522637464,3794
2026-01-13T19:55:00+00:00,2026-01-13T19:59:59.999000+00:00,98.03578021158954,99.11814316598742,94.85225577104939,96.41783006064357,125.61134885346779,10850.607269687469,3795
2026-01-13T20:00:00+00:00,2026-01-13T20:04:59.999000+00:00,96.41783006064357,97.39458598052657,94.77881006555172,96.87497711189805,134.1948146477183,12706.667149706629,3796
2026-01-13T20:05:00+00:00,2026-01-13T20:09:59.999000+00:00,96.87497711189805,98.2307159381734,94.66302572025589,96.0103348785079,132.86083118366236,10002.329528908573,3797
2026-01-13T20:10:00+00:00,2026-01-13T20:14:59.999000+00:00,96.0103348785079,97.76965633667474,94.60653034863762,95.51878755621046,101.91891465940864,13168.909892235084,3798
2026-01-13T20:15:00+00:00,2026-01-13T20:19:59.999000+00:00,95.51878755621046,97.7006314332755,94.68243471017446,96.50346390795278,105.26218370711743,10437.892301868542,3799
2026-01-13T20:20:00+00:00,2026-01-13T20:24:59.999000+00:00,96.50346390795278,97.72431971177488,95.55911638765184,96.51627635016891,110.51043840272001,11756.715212512867,3800
2026-01-13T20:25:00+00:00,2026-01-13T20:29:59.999000+00:00,96.51627635016891,98.11007933705655,94.85462840852021,96.24557413504043,129.51379737488944,10414.530540767346,3801
2026-01-13T20:30:00+00:00,2026-01-13T20:34:59.999000+00:00,96.24557413504043,97.85731430136427,95.55623678913975,97.27259836128123,130.7231958340109,12878.170578062036,3802
2026-01-13T20:35:00+00:00,2026-01-13T20:39:59.999000+00:00,97.27259836128123,98.82291508236524,95.41913364544166,96.55346696190895,135.60914540606365,11428.396302283385,3803
2026-01-13T20:40:00+00:00,2026-01-13T20:44:59.999000+00:00,96.55346696190895,97.49974584441365,93.17627942387101,94.53833711906536,100.68223205937747,11349.345232214977,3804
2026-01-13T20:45:00+00:00,2026-01-13T20:49:59.999000+00:00,94.53833711906536,95.07105264639603,93.43786279020709,94.05091626336997,129.27226880150005,9603.541151942809,3805
2026-01-13T20:50:00+00:00,2026-01-13T20:54:59.999000+00:00,94.05091626336997,95.65855733269683,91.80539346173161,92.51450385305024,139.0265159920884,11646.119890475773,3806
2026-01-13T20:55:00+00:00,2026-01-13T20:59:59.999000+00:00,92.51450385305024,93.90147593524352,90.4402839470697,91.31759517558127,119.11167533053168,10837.554033100896,3807
2026-01-13T21:00:00+00:00,2026-01-13T21:04:59.999000+00:00,91.31759517558127,91.89779017216907,89.23162640024461,90.34069928630346,141.57402329374534,12386.680932348661,3808
2026-01-13T21:05:00+00:00,2026-01-13T21:09:59.999000+00:00,90.34069928630346,90.97890649967891,88.77520287166377,89.62340193165332,100.95218484511054,13053.651627141762,3809
2026-01-13T21:10:00+00:00,2026-01-13T21:14:59.999000+00:00,89.62340193165332,91.72268523301824,87.8284301303528,90.02642481140177,145.08339227672224,12994.96475729589,3810
2026-01-13T21:15:00+00:00,2026-01-13T21:19:59.999000+00:00,90.02642481140177,91.09115479700375,88.26280163519327,90.42955279745956,137.7369734785027,12395.78873826799,3811
2026-01-13T21:20:00+00:00,2026-01-13T21:24:59.999000+00:00,90.42955279745956,93.13913795748341,89.00785782829804,91.37012929774158,107.29459751895885,12100.66379626665,3812
2026-01-13T21:25:00+00:00,2026-01-13T21:29:59.999000+00:00,91.37012929774158,92.18849561531384,90.67185415995931,91.51973910966963,146.10643954581928,13663.212015180128,3813
2026-01-13T21:30:00+00:00,2026-01-13T21:34:59.999000+00:00,91.51973910966963,94.15426575436587,90.62724469801505,93.31999811636923,111.76557405363891,12791.70730092761,3814
2026-01-13T21:35:00+00:00,2026-01-13T21:39:59.999000+00:00,93.31999811636923,96.92260499913473,92.56263354167154,95.81998424645322,105.43735308575938,12044.758953274479,3815
2026-01-13T21:40:00+00:00,2026-01-13T21:44:59.999000+00:00,95.81998424645322,98.09150822549822,94.80523869010415,96.69696487031236,138.41200259245124,11561.936016220228,3816
2026-01-13T21:45:00+00:00,2026-01-13T21:49:59.999000+00:00,96.69696487031236,99.80292643096955,95.51245098412686,99.15654153156991,146.056979797693,11054.050828946636,3817
2026-01-13T21:50:00+00:00,2026-01-13T21:54:59.999000+00:00,99.15654153156991,102.72683936217283,98.49837816967074,101.70657709062245,141.59607469013122,11179.240754134786,3818
2026-01-13T21:55:00+00:00,2026-01-13T21:59:59.999000+00:00,101.70657709062245,104.1231390311668,100.19317498079309,102.60702007835319,140.91857296377225,10356.536216477445,3819
2026-01-13T22:00:00+00:00,2026-01-13T22:04:59.999000+00:00,102.60702007835319,105.15031840841586,101.84312838697824,103.55879480532586,116.48256526314296,15058.229793800601,3820
2026-01-13T22:05:00+00:00,2026-01-13T22:09:59.999000+00:00,103.55879480532586,105.84655799967717,102.84624116922454,104.368278587332,105.83435376594485,14939.777256687094,3821
2026-01-13T22:10:00+00:00,2026-01-13T22:14:59.999000+00:00,104.368278587332,105.72941351358668,102.49261497677543,104.24713821504932,117.31204764749666,12662.742217724177,3822
2026-01-13T22:15:00+00:00,2026-01-13T22:19:59.999000+00:00,104.24713821504932,105.0404161196038,102.2722872367298,103.5949000975616,149.47443601867883,10814.876786326606,3823
2026-01-13T22:20:00+00:00,2026-01-13T22:24:59.999000+00:00,103.5949000975616,106.07390764461955,101.87646925365611,104.61670303651722,116.46804449818774,11762.105249323822,3824
2026-01-13T22:25:00+00:00,2026-01-13T22:29:59.999000+00:00,104.61670303651722,105.54082288202947,101.53192316351807,103.02596700592797,124.81203177023579,14676.751268515214,3825
2026-01-13T22:30:00+00:00,2026-01-13T22:34:59.999000+00:00,103.02596700592797,105.33345942674961,102.24231246981805,103.7074160498804,112.52863235567351,15126.317222187767,3826
2026-01-13T22:35:00+00:00,2026-01-13T22:39:59.999000+00:00,103.7074160498804,105.66932197112554,101.94360490018396,104.10279946079524,116.26795077779012,11546.00887909988,3827
2026-01-13T22:40:00+00:00,2026-01-13T22:44:59.999000+00:00,104.10279946079524,105.43932054165577,102.05355430658885,103.8087393937444,142.05058204718816,13464.487695397846,3828
2026-01-13T22:45:00+00:00,2026-01-13T22:49:59.999000+00:00,103.8087393937444,106.1247636412036,102.90163162282201,104.50835478731713,128.70259831184148,15276.682875034436,3829
2026-01-13T22:50:00+00:00,2026-01-13T22:54:59.999000+00:00,104.50835478731713,107.25093047727714,102.97164752651562,105.6187925876451,123.38544360744979,12236.396167468669,3830
2026-01-13T22:55:00+00:00,2026-01-13T22:59:59.999000+00:00,105.6187925876451,107.87644417120912,104.89962750302317,106.29032061182292,140.62531958632604,10862.109371445635,3831
2026-01-13T23:00:00+00:00,2026-01-13T23:04:59.999000+00:00,106.29032061182292,109.11207024157791,104.75562061628791,108.52725747808033,138.78110239285462,15391.046578431158,3832
2026-01-13T23:05:00+00:00,2026-01-13T23:09:59.999000+00:00,108.52725747808033,111.06099010065105,107.25530666597933,109.41497845504149,106.84010173379487,11939.208054748433,3833
2026-01-13T23:10:00+00:00,2026-01-13T23:14:59.999000+00:00,109.41497845504149,111.01592041621292,108.35469007315861,108.99562510621669,125.14511268995969,12661.262234767795,3834
2026-01-13T23:15:00+00:00,2026-01-13T23:19:59.999000+00:00,108.99562510621669,111.40850540988473,107.53583564963311,109.68218890151348,114.97991819619477,11025.519836280617,3835
2026-01-13T23:20:00+00:00,2026-01-13T23:24:59.999000+00:00,109.68218890151348,111.0094083166043,108.95706862145427,109.97445529231813,112.41211953139648,13296.019394926392,3836
2026-01-13T23:25:00+00:00,2026-01-13T23:29:59.999000+00:00,109.97445529231813,111.33956102917502,109.01805507896229,110.2410862903514,114.61190298286527,16335.13385581676,3837
2026-01-13T23:30:00+00:00,2026-01-13T23:34:59.999000+00:00,110.2410862903514,111.5601514360408,107.89302939464282,109.30516132379039,108.58730477250776,15464.827698837726,3838
2026-01-13T23:35:00+00:00,2026-01-13T23:39:59.999000+00:00,109.30516132379039,110.84304764974434,106.16348613964666,107.40235696923538,109.54697270115203,15597.370942381496,3839
2026-01-13T23:40:00+00:00,2026-01-13T23:44:59.999000+00:00,107.40235696923538,108.13323775491395,103.8022635392431,104.81904544519101,125.23409658865123,15480.774024762844,3840
2026-01-13T23:45:00+00:00,2026-01-13T23:49:59.999000+00:00,104.81904544519101,106.54739958293213,101.86749871343874,103.44873783767002,104.34109140403169,10743.739705137566,3841
2026-01-13T23:50:00+00:00,2026-01-13T23:54:59.999000+00:00,103.44873783767002,105.2000489049509,99.90355735268908,101.18914006061857,146.04063376836478,14001.481366796423,3842
2026-01-13T23:55:00+00:00,2026-01-13T23:59:59.999000+00:00,101.18914006061857,101.78677844045185,98.29073508346686,99.63629385414353,102.98651839398877,14439.827249698033,3843
2026-01-14T00:00:00+00:00,2026-01-14T00:04:59.999000+00:00,99.63629385414353,100.92012151686218,96.31308039333717,97.28039268664386,124.35965065196066,11073.282387067322,3844
2026-01-14T00:05:00+00:00,2026-01-14T00:09:59.999000+00:00,97.28039268664386,97.89313928670433,95.29888204753034,96.28146101910936,127.79128353805018,10145.394964395015,3845
2026-01-14T00:10:00+00:00,2026-01-14T00:14:59.999000+00:00,96.28146101910936,97.58540209424162,95.32037140410752,96.66079049071037,126.09405987186051,9956.041307061103,3846
2026-01-14T00:15:00+00:00,2026-01-14T00:19:59.999000+00:00,96.66079049071037,97.74344732285493,93.83099211244149,95.5990228649731,113.42823251404394,11011.61959439574,3847
2026-01-14T00:20:00+00:00,2026-01-14T00:24:59.999000+00:00,95.5990228649731,96.14506332878217,94.70728723432676,95.36458817647706,124.37859682680784,11418.11103147354,3848
2026-01-14T00:25:00+00:00,2026-01-14T00:29:59.999000+00:00,95.36458817647706,96.68287835551979,94.30205048590878,95.7278391014349,110.95192675788599,10459.798271783528,3849
2026-01-14T00:30:00+00:00,2026-01-14T00:34:59.999000+00:00,95.7278391014349,96.49278932930558,94.53588889721098,95.76196161752785,139.8183443357194,9902.169002721743,3850
2026-01-14T00:35:00+00:00,2026-01-14T00:39:59.999000+00:00,95.76196161752785,98.47693374483715,94.08142664616143,96.70997693870272,126.53886629383308,11994.109098061143,3851
2026-01-14T00:40:00+00:00,2026-01-14T00:44:59.999000+00:00,96.70997693870272,97.93164989780146,94.10431495456727,95.68766168772288,102.69530311407809,11417.021369463739,3852
2026-01-14T00:45:00+00:00,2026-01-14T00:49:59.999000+00:00,95.68766168772288,97.39591123561551,93.94069432994543,95.31564735306765,135.83881429826917,10722.8071806322,3853
2026-01-14T00:50:00+00:00,2026-01-14T00:54:59.999000+00:00,95.31564735306765,97.05416174263465,94.61112568456664,95.71711184903555,138.6211583066121,13162.11061041305,3854
2026-01-14T00:55:00+00:00,2026-01-14T00:59:59.999000+00:00,95.71711184903555,96.70745582545393,93.77837455485864,94.35662001844844,120.1907435940472,9863.60807811893,3855
2026-01-14T01:00:00+00:00,2026-01-14T01:04:59.999000+00:00,94.35662001844844,95.19887726092976,92.71450714700532,93.25787858491186,131.73635023058267,11458.095397846164,3856
2026-01-14T01:05:00+00:00,2026-01-14T01:09:59.999000+00:00,93.25787858491186,94.70941580690638,92.60500360057267,93.44118057958019,132.1292004040012,13039.825922677614,3857
2026-01-14T01:10:00+00:00,2026-01-14T01:14:59.999000+00:00,93.44118057958019,94.65958750589188,91.78081716351228,92.43551228128864,124.9394350623172,12009.64860094323,3858
2026-01-14T01:15:00+00:00,2026-01-14T01:19:59.999000+00:00,92.43551228128864,93.48047120092909,89.77788326364492,91.40803493586189,124.80780150325813,12167.041347033179,3859
2026-01-14T01:20:00+00:00,2026-01-14T01:24:59.999000+00:00,91.40803493586189,92.08871515852475,88.05885500525851,89.67926275610726,147.69927748346558,13439.049611151004,3860
2026-01-14T01:25:00+00:00,2026-01-14T01:29:59.999000+00:00,89.67926275610726,91.13083568768457,88.01630197892277,89.41601524190102,115.33912859493341,11134.604852549335,3861
2026-01-14T01:30:00+00:00,2026-01-14T01:34:59.999000+00:00,89.41601524190102,91.14559135256818,87.98680554508815,89.91904139515415,122.09918945929702,12226.292057283976,3862
2026-01-14T01:35:00+00:00,2026-01-14T01:39:59.999000+00:00,89.91904139515415,91.80715327501268,88.85084936910633,90.77573631554348,106.38907495309496,10898.436716099797,3863
2026-01-14T01:40:00+00:00,2026-01-14T01:44:59.999000+00:00,90.77573631554348,94.31382312180273,89.48804785675364,92.64816271825708,141.0541988202559,12088.615883350596,3864
2026-01-14T01:45:00+00:00,2026-01-14T01:49:59.999000+00:00,92.64816271825708,95.19910344208225,91.44832270159667,94.06441820561818,116.31148306357365,10806.448084356756,3865
2026-01-14T01:50:00+00:00,2026-01-14T01:54:59.999000+00:00,94.06441820561818,97.27545822420136,93.28128943929553,96.23179692295142,113.07409567093542,12929.565752197079,3866
2026-01-14T01:55:00+00:00,2026-01-14T01:59:59.999000+00:00,96.23179692295142,99.36836951272282,95.3146282826118,97.88379497028632,108.76326650255695,14339.962986408249,3867
2026-01-14T02:00:00+00:00,2026-01-14T02:04:59.999000+00:00,97.88379497028632,100.48607465196942,96.21380832750351,99.28645058910563,115.86389752344658,14792.326137431757,3868
2026-01-14T02:05:00+00:00,2026-01-14T02:09:59.999000+00:00,99.28645058910563,102.69647514274202,98.28682478125207,101.14908996768577,118.75150639277417,14831.348899680159,3869
2026-01-14T02:10:00+00:00,2026-01-14T02:14:59.999000+00:00,101.14908996768577,104.47014274814404,99.55463204679752,103.529913881739,138.19495635251545,13685.391943732191,3870
2026-01-14T02:15:00+00:00,2026-01-14T02:19:59.999000+00:00,103.529913881739,105.95464141948767,102.71588876789264,104.55562593125002,115.26181098804913,11029.968167666988,3871
2026-01-14T02:20:00+00:00,2026-01-14T02:24:59.999000+00:00,104.55562593125002,105.49457771576924,102.70554131732585,104.01186715441487,136.95070693749997,12678.40753100133,3872
2026-01-14T02:25:00+00:00,2026-01-14T02:29:59.999000+00:00,104.01186715441487,105.17290434384218,103.03092237024411,104.65388208922926,126.17045093553872,13423.245871975763,3873
2026-01-14T02:30:00+00:00,2026-01-14T02:34:59.999000+00:00,104.65388208922926,105.3116876110518,104.01085102621727,104.6338923903517,101.80620302797468,14060.01437684577,3874
2026-01-14T02:35:00+00:00,2026-01-14T02:39:59.999000+00:00,104.6338923903517,106.24129519557007,103.12385147570991,104.70448301755854,145.88578523142647,13966.380311179179,3875
2026-01-14T02:40:00+00:00,2026-01-14T02:44:59.999000+00:00,104.70448301755854,106.44971676340384,103.74582087004713,104.26624258693651,127.81190862987948,13364.097757567835,3876
2026-01-14T02:45:00+00:00,2026-01-14T02:49:59.999000+00:00,104.26624258693651,104.88777395449765,103.23475124585345,104.14139540905056,126.10422219238247,14608.077124027106,3877
2026-01-14T02:50:00+00:00,2026-01-14T02:54:59.999000+00:00,104.14139540905056,105.74007041173353,102.93613880813938,103.63943758228004,137.28612272005148,14020.746233846401,3878
2026-01-14T02:55:00+00:00,2026-01-14T02:59:59.999000+00:00,103.63943758228004,105.557339940058,102.0588046045556,104.85672641026271,137.03203458747382,12095.759023105109,3879
2026-01-14T03:00:00+00:00,2026-01-14T03:04:59.999000+00:00,104.85672641026271,105.86060859311661,103.59598417167096,104.74638674557485,123.392362332698,10953.866856783803,3880
2026-01-14T03:05:00+00:00,2026-01-14T03:09:59.999000+00:00,104.74638674557485,106.74774236532923,103.08370592356238,105.59138565500783,145.10827533541126,13762.763029252294,3881
2026-01-14T03:10:00+00:00,2026-01-14T03:14:59.999000+00:00,105.59138565500783,107.99081457224968,104.44531038786916,107.02017264499212,118.72222421870242,15095.010321611764,3882
2026-01-14T03:15:00+00:00,2026-01-14T03:19:59.999000+00:00,107.02017264499212,109.36684136353313,106.29654899619568,108.46310346125463,136.2952107778564,11365.152669312702,3883
2026-01-14T03:20:00+00:00,2026-01-14T03:24:59.999000+00:00,108.46310346125463,110.98500369432878,107.43462348250385,109.36386239740919,104.76913695164279,14643.684056571004,3884
2026-01-14T03:25:00+00:00,2026-01-14T03:29:59.999000+00:00,109.36386239740919,111.21345675011607,108.68235030473245,109.97145146975478,105.76618642613684,13968.406492963875,3885
2026-01-14T03:30:00+00:00,2026-01-14T03:34:59.999000+00:00,109.97145146975478,111.11266883564997,109.04046314925435,110.45600834503631,129.16287331571903,15401.671192847993,3886
2026-01-14T03:35:00+00:00,2026-01-14T03:39:59.999000+00:00,110.45600834503631,111.18538965972593,108.51056203764088,109.87929284421642,101.14699379310709,13520.50156492057,3887
2026-01-14T03:40:00+00:00,2026-01-14T03:44:59.999000+00:00,109.87929284421642,111.09066193554762,106.97823005673699,108.44212989736259,123.11016476510567,13736.121995903344,3888
2026-01-14T03:45:00+00:00,2026-01-14T03:49:59.999000+00:00,108.44212989736259,109.07012735144308,106.39466933467767,107.28863174158067,103.98533858899545,12972.956305948524,3889
2026-01-14T03:50:00+00:00,2026-01-14T03:54:59.999000+00:00,107.28863174158067,107.87265104080943,105.32455349737972,105.87481904528205,144.48244458617313,10998.149775718726,3890
2026-01-14T03:55:00+00:00,2026-01-14T03:59:59.999000+00:00,105.87481904528205,107.30933470577091,103.62626311682622,104.33931710248673,101.68794904702413,15498.981844117347,3891
2026-01-14T04:00:00+00:00,2026-01-14T04:04:59.999000+00:00,104.33931710248673,105.56531631948356,102.51473121926189,103.1516509397395,127.13032051627232,12079.448884031137,3892
2026-01-14T04:05:00+00:00,2026-01-14T04:09:59.999000+00:00,103.1516509397395,104.04621582529258,99.12510415006801,100.35862141855681,129.29825470372867,10530.417937955592,3893
2026-01-14T04:10:00+00:00,2026-01-14T04:14:59.999000+00:00,100.35862141855681,101.46770602586794,97.69204396739336,99.03889407282455,139.20754980566653,12377.153421041276,3894
2026-01-14T04:15:00+00:00,2026-01-14T04:19:59.999000+00:00,99.03889407282455,100.09197733002881,95.7886886274182,96.99152431963186,104.71946240535408,14507.619267381397,3895
2026-01-14T04:20:00+00:00,2026-01-14T04:24:59.999000+00:00,96.99152431963186,97.60650940404003,94.44043269090423,95.36399491297635,110.73269046253324,12699.279966629885,3896
2026-01-14T04:25:00+00:00,2026-01-14T04:29:59.999000+00:00,95.36399491297635,96.31903984997095,93.90812330882707,95.70644609958768,126.89778302772955,11640.977167501786,3897
2026-01-14T04:30:00+00:00,2026-01-14T04:34:59.999000+00:00,95.70644609958768,96.91230465331316,92.65974126424008,94.42979975930861,110.7628769378257,10809.552403896929,3898
2026-01-14T04:35:00+00:00,2026-01-14T04:39:59.999000+00:00,94.42979975930861,96.71707013549324,93.17278055974096,95.76604555756144,123.16527453655951,12409.408910017353,3899
2026-01-14T04:40:00+00:00,2026-01-14T04:44:59.999000+00:00,95.76604555756144,97.53368671662842,94.34923404844162,95.47419352522599,136.00291039739304,14195.936323172213,3900
2026-01-14T04:45:00+00:00,2026-01-14T04:49:59.999000+00:00,95.47419352522599,96.64363154588169,93.50060226627214,94.84832720094094,105.11654057026078,12634.886296154706,3901
2026-01-14T04:50:00+00:00,2026-01-14T04:54:59.999000+00:00,94.84832720094094,96.84002075444347,94.09770079090617,95.36166181171852,102.07685323510783,10113.98071181152,3902
2026-01-14T04:55:00+00:00,2026-01-14T04:59:59.999000+00:00,95.36166181171852,97.44328935689312,94.23245542861625,96.01926314358776,123.75201175550765,12159.358029418965,3903
2026-01-14T05:00:00+00:00,2026-01-14T05:04:59.999000+00:00,96.01926314358776,96.94225593735874,94.0957137366064,95.82891710831512,136.52697727252325,11940.270143278101,3904
2026-01-14T05:05:00+00:00,2026-01-14T05:09:59.999000+00:00,95.82891710831512,96.64718724973181,93.78979573365537,94.5420206423859,129.08057383591478,12308.841646750325,3905
2026-01-14T05:10:00+00:00,2026-01-14T05:14:59.999000+00:00,94.5420206423859,96.42608803268234,93.56499837538641,95.09463345420433,107.94646047199876,11698.260511516908,3906
2026-01-14T05:15:00+00:00,2026-01-14T05:19:59.999000+00:00,95.09463345420433,95.68180612060128,92.68803486497687,93.92641147289044,122.40294967666989,10438.312570145077,3907
2026-01-14T05:20:00+00:00,2026-01-14T05:24:59.999000+00:00,93.92641147289044,94.99827626647387,91.54803365522655,93.08744438122008,122.97506578178533,10121.791896318451,3908
2026-01-14T05:25:00+00:00,2026-01-14T05:29:59.999000+00:00,93.08744438122008,94.50899228424379,89.63672303711267,90.93559923638607,142.83334144529678,10485.971083566561,3909
2026-01-14T05:30:00+00:00,2026-01-14T05:34:59.999000+00:00,90.93559923638607,92.72137278633943,89.48885013135593,90.43759168006035,117.23914620989495,9871.062815576177,3910
2026-01-14T05:35:00+00:00,2026-01-14T05:39:59.999000+00:00,90.43759168006035,91.09238761515546,89.19633383438469,90.5816157632209,130.3695293138635,10116.464789386615,3911
2026-01-14T05:40:00+00:00,2026-01-14T05:44:59.999000+00:00,90.5816157632209,91.85752966191252,88.35991652123626,89.7893754592672,144.6182225595966,11175.583055656181,3912
2026-01-14T05:45:00+00:00,2026-01-14T05:49:59.999000+00:00,89.7893754592672,92.09106838023831,88.77456262745201,90.47918729515779,121.91315658973748,12667.36055401693,3913
2026-01-14T05:50:00+00:00,2026-01-14T05:54:59.999000+00:00,90.47918729515779,92.48521952657526,89.67746102169849,91.12039651574152,111.85955267634166,9940.18713790706,3914
2026-01-14T05:55:00+00:00,2026-01-14T05:59:59.999000+00:00,91.12039651574152,94.73898484289553,89.64482150011196,93.65840869042101,116.43298939089954,10272.55441090273,3915
2026-01-14T06:00:00+00:00,2026-01-14T06:04:59.999000+00:00,93.65840869042101,95.52702777950783,92.24882435110854,94.70826105305065,142.22328906420753,13296.661316184764,3916
2026-01-14T06:05:00+00:00,2026-01-14T06:09:59.999000+00:00,94.70826105305065,97.83754545385021,93.93051830811277,97.11955198260515,135.21710814339178,11051.843453978552,3917
2026-01-14T06:10:00+00:00,2026-01-14T06:14:59.999000+00:00,97.11955198260515,98.90044620231383,95.96148681971628,98.1678320629731,122.77520167545345,10413.746638166616,3918
2026-01-14T06:15:00+00:00,2026-01-14T06:19:59.999000+00:00,98.1678320629731,101.65625204549647,97.60624662306394,100.63710332433402,140.83101830402776,10285.43444416334,3919
2026-01-14T06:20:00+00:00,2026-01-14T06:24:59.999000+00:00,100.63710332433402,103.65171949234937,99.74453381880024,102.57636710367926,132.39156444435318,11196.313999809645,3920
2026-01-14T06:25:00+00:00,2026-01-14T06:29:59.999000+00:00,102.57636710367926,105.41087781044473,101.13812742589111,103.710928701431,108.66003935348135,14978.103407836265,3921
2026-01-14T06:30:00+00:00,2026-01-14T06:34:59.999000+00:00,103.710928701431,106.19502991102195,102.15202948192425,105.08923528880572,111.78023439870535,11724.483100143867,3922
2026-01-14T06:35:00+00:00,2026-01-14T06:39:59.999000+00:00,105.08923528880572,105.75457169489395,103.40920479131957,104.76937548148588,117.85815825305585,13841.807111466203,3923
2026-01-14T06:40:00+00:00,2026-01-14T06:44:59.999000+00:00,104.76937548148588,107.64599580693486,103.43650241921432,106.02629891464166,126.40654905545023,14343.297356007894,3924
2026-01-14T06:45:00+00:00,2026-01-14T06:49:59.999000+00:00,106.02629891464166,107.77292130709615,102.9708349914627,104.30955721459104,126.49364810798284,11595.149367584661,3925
2026-01-14T06:50:00+00:00,2026-01-14T06:54:59.999000+00:00,104.30955721459104,105.49582011794408,103.56873832963501,104.29377492216487,117.33736498354648,15494.138056817095,3926
2026-01-14T06:55:00+00:00,2026-01-14T06:59:59.999000+00:00,104.29377492216487,105.5141485361761,102.63822610669666,104.13216873330913,130.45208936939684,14264.007682885118,3927
2026-01-14T07:00:00+00:00,2026-01-14T07:04:59.999000+00:00,104.13216873330913,105.09272619473273,103.33354386359596,104.46112978565588,148.8832777381932,13588.284958900114,3928
2026-01-14T07:05:00+00:00,2026-01-14T07:09:59.999000+00:00,104.46112978565588,105.71615025848273,102.98264036886455,104.05900636382202,105.73179682086602,12411.148117116514,3929
2026-01-14T07:10:00+00:00,2026-01-14T07:14:59.999000+00:00,104.05900636382202,106.49947914669622,102.75665213719745,104.78896273159543,106.36554588863535,13466.952361783118,3930
2026-01-14T07:15:00+00:00,2026-01-14T07:19:59.999000+00:00,104.78896273159543,106.20567869809295,102.91756949586267,104.448568040937,111.65644962063595,14946.94177289652,3931
2026-01-14T07:20:00+00:00,2026-01-14T07:24:59.999000+00:00,104.448568040937,106.54076930663312,103.66844018088926,105.81800768467765,108.09261785414208,11680.992123381839,3932
2026-01-14T07:25:00+00:00,2026-01-14T07:29:59.999000+00:00,105.81800768467765,107.5854673662716,104.24322847574084,106.87809764106785,101.07667955720233,12342.028831943533,3933
2026-01-14T07:30:00+00:00,2026-01-14T07:34:59.999000+00:00,106.87809764106785,110.34658895716225,105.2597464135087,108.68247399670233,123.06252032889645,11905.538152552139,3934
2026-01-14T07:35:00+00:00,2026-01-14T07:39:59.999000+00:00,108.68247399670233,109.69209584914226,106.92173503922069,108.14915810862068,136.59204380325565,14498.657568862527,3935
2026-01-14T07:40:00+00:00,2026-01-14T07:44:59.999000+00:00,108.14915810862068,110.11565464431494,107.26098116470436,109.31974651669655,121.79415139834633,15853.270494485407,3936
2026-01-14T07:45:00+00:00,2026-01-14T07:49:59.999000+00:00,109.31974651669655,111.43384505555291,108.1871019543068,109.75671557163504,142.93357998653516,14134.449521259143,3937
2026-01-14T07:50:00+00:00,2026-01-14T07:54:59.999000+00:00,109.75671557163504,111.34675393878497,106.9659318851058,108.63793788307211,105.35812277618193,15006.037532503893,3938
2026-01-14T07:55:00+00:00,2026-01-14T07:59:59.999000+00:00,108.63793788307211,110.12670417304544,107.10326205294584,107.76478311342338,104.53901159254315,15840.43664773153,3939
2026-01-14T08:00:00+00:00,2026-01-14T08:04:59.999000+00:00,107.76478311342338,108.53701761779772,106.59554829173508,107.93897381647324,140.9065204252393,14291.4534971708,3940
2026-01-14T08:05:00+00:00,2026-01-14T08:09:59.999000+00:00,107.93897381647324,109.0537743128968,104.59036168942328,105.28511982780628,111.64596593797073,14067.013524233049,3941
2026-01-14T08:10:00+00:00,2026-01-14T08:14:59.999000+00:00,105.28511982780628,106.35478731291896,102.33950268338315,103.65754791202374,135.49481752212682,11260.079451149455,3942
2026-01-14T08:15:00+00:00,2026-01-14T08:19:59.999000+00:00,103.65754791202374,104.58277334062197,100.14566653041356,101.65895388340428,149.25132024139208,13792.421901289332,3943
2026-01-14T08:20:00+00:00,2026-01-14T08:24:59.999000+00:00,101.65895388340428,103.24644853592496,98.92262610355257,99.86998240532355,103.75341024892543,14726.659111168874,3944
2026-01-14T08:25:00+00:00,2026-01-14T08:29:59.999000+00:00,99.86998240532355,100.64220939512269,97.42973290881606,98.37207910697026,136.47551336105556,13077.002408321348,3945
2026-01-14T08:30:00+00:00,2026-01-14T08:34:59.999000+00:00,98.37207910697026,99.77530208387238,95.2347409931178,96.12950042749395,112.28236165933664,9661.780383330983,3946
2026-01-14T08:35:00+00:00,2026-01-14T08:39:59.999000+00:00,96.12950042749395,97.63787347318075,93.87172930123705,95.44216939875962,107.14708543321952,13630.241396660731,3947
2026-01-14T08:40:00+00:00,2026-01-14T08:44:59.999000+00:00,95.44216939875962,96.26983116781726,93.81497150577415,95.37182169158646,110.15958743441743,12675.60752755871,3948
2026-01-14T08:45:00+00:00,2026-01-14T08:49:59.999000+00:00,95.37182169158646,96.20200794184552,93.49969193873919,94.22202587241586,121.66305005512754,10216.298915546005,3949
2026-01-14T08:50:00+00:00,2026-01-14T08:54:59.999000+00:00,94.22202587241586,96.49748921651997,92.52660267359592,95.26072327272638,146.60147600276184,12462.707878238583,3950
2026-01-14T08:55:00+00:00,2026-01-14T08:59:59.999000+00:00,95.26072327272638,96.62432806850376,94.30638416593452,94.90769515959384,136.21711463336055,11570.867320390837,3951
2026-01-14T09:00:00+00:00,2026-01-14T09:04:59.999000+00:00,94.90769515959384,96.20187361547876,93.56695079390252,95.48265475762047,114.45425774118583,10732.755147847292,3952
2026-01-14T09:05:00+00:00,2026-01-14T09:09:59.999000+00:00,95.48265475762047,96.05960973831748,93.9236830829354,95.1964357640529,106.71675103133819,13460.346574955265,3953
2026-01-14T09:10:00+00:00,2026-01-14T09:14:59.999000+00:00,95.1964357640529,97.52450336928756,94.08229219184572,96.03845343580322,131.40933143344205,10391.230782916964,3954
2026-01-14T09:15:00+00:00,2026-01-14T09:19:59.999000+00:00,96.03845343580322,97.63579705179592,94.75357407000092,96.15989223167676,126.49793682027304,10078.211321064078,3955
2026-01-14T09:20:00+00:00,2026-01-14T09:24:59.999000+00:00,96.15989223167676,97.3871864040756,93.22962796033715,94.95312912822732,138.03759754095773,13762.251885830112,3956
2026-01-14T09:25:00+00:00,2026-01-14T09:29:59.999000+00:00,94.95312912822732,95.89521260347777,93.40618285268047,95.16048427764211,116.42043342711392,11113.41644735646,3957
2026-01-14T09:30:00+00:00,2026-01-14T09:34:59.999000+00:00,95.16048427764211,96.91674886506812,92.57127681707662,94.25188016828274,101.92599153239222,10807.788431825336,3958
2026-01-14T09:35:00+00:00,2026-01-14T09:39:59.999000+00:00,94.25188016828274,95.1165507128719,91.89588972226333,93.29544356780508,111.05746735242202,10690.994072863125,3959
2026-01-14T09:40:00+00:00,2026-01-14T09:44:59.999000+00:00,93.29544356780508,94.78050726458781,91.20665792282149,92.23963003443231,116.1232901625863,12760.478298192125,3960
2026-01-14T09:45:00+00:00,2026-01-14T09:49:59.999000+00:00,92.23963003443231,93.07623936310921,89.88078422968532,90.73410770232549,120.91388828961485,11810.458015908822,3961
2026-01-14T09:50:00+00:00,2026-01-14T09:54:59.999000+00:00,90.73410770232549,91.42225047250857,88.65825947904035,90.3277596325275,123.91709190568048,12233.542868671932,3962
2026-01-14T09:55:00+00:00,2026-01-14T09:59:59.999000+00:00,90.3277596325275,92.46202763040722,89.24187490705393,91.47329438741104,137.5803462348223,9205.041777793303,3963
2026-01-14T10:00:00+00:00,2026-01-14T10:04:59.999000+00:00,91.47329438741104,92.72817212867463,89.36732565591623,90.98440863902024,142.8667621637189,11267.655942739248,3964
2026-01-14T10:05:00+00:00,2026-01-14T10:09:59.999000+00:00,90.98440863902024,93.02713701893568,89.7580587248056,92.38600105482527,122.3205924573467,13259.375894648138,3965
2026-01-14T10:10:00+00:00,2026-01-14T10:14:59.999000+00:00,92.38600105482527,94.49459386321124,91.69295756177432,93.27686753874761,139.17355815469767,12885.492268173879,3966
2026-01-14T10:15:00+00:00,2026-01-14T10:19:59.999000+00:00,93.27686753874761,97.08774227480082,92.03035733441494,95.3340099878593,143.94592065333399,13400.890966901836,3967
2026-01-14T10:20:00+00:00,2026-01-14T10:24:59.999000+00:00,95.3340099878593,97.92514709121926,94.29420321443641,96.97154033283536,143.43022972749955,14541.33688246836,3968
2026-01-14T10:25:00+00:00,2026-01-14T10:29:59.999000+00:00,96.97154033283536,100.90048924644998,95.38680095076397,99.79615046299811,109.30950371138283,12356.752361889648,3969
2026-01-14T10:30:00+00:00,2026-01-14T10:34:59.999000+00:00,99.79615046299811,103.51265769916331,98.46648913258937,102.18223049906202,128.71414864748735,14867.846783126672,3970
2026-01-14T10:35:00+00:00,2026-01-14T10:39:59.999000+00:00,102.18223049906202,103.31969017206875,101.52592834527906,102.51088682851643,129.88427151356518,14713.778085509499,3971
2026-01-14T10:40:00+00:00,2026-01-14T10:44:59.999000+00:00,102.51088682851643,105.91113875855946,101.57470517188791,104.73096390177709,144.45934363531407,14514.98843111023,3972
2026-01-14T10:45:00+00:00,2026-01-14T10:49:59.999000+00:00,104.73096390177709,107.16709535817752,103.73945079426836,106.01028427243854,149.2417344039856,13497.687707863273,3973
2026-01-14T10:50:00+00:00,2026-01-14T10:54:59.999000+00:00,106.01028427243854,107.23807180943189,104.3409944834435,106.3580068196486,118.84912458316397,14475.498626909779,3974
2026-01-14T10:55:00+00:00,2026-01-14T10:59:59.999000+00:00,106.3580068196486,107.01021898699625,103.86410498744755,105.05343720566344,111.18291947885432,13120.37831268489,3975
2026-01-14T11:00:00+00:00,2026-01-14T11:04:59.999000+00:00,105.05343720566344,106.80950366200913,103.74558497030748,104.84027493345702,145.6715104409727,11004.852618908862,3976
2026-01-14T11:05:00+00:00,2026-01-14T11:09:59.999000+00:00,104.84027493345702,106.10128998399033,103.08834843611506,105.27298877776713,101.80640547390215,14939.824618522221,3977
2026-01-14T11:10:00+00:00,2026-01-14T11:14:59.999000+00:00,105.27298877776713,106.18972807389996,104.20812729789033,104.73657892127619,122.05141398784825,11630.48857634362,3978
2026-01-14T11:15:00+00:00,2026-01-14T11:19:59.999000+00:00,104.73657892127619,106.44071089359232,102.92734308403364,104.49358318894033,148.05021808091215,15646.333804198463,3979
2026-01-14T11:20:00+00:00,2026-01-14T11:24:59.999000+00:00,104.49358318894033,105.51074627939686,102.84414118792758,104.7497483844402,119.4879995142243,13415.442355628134,3980
2026-01-14T11:25:00+00:00,2026-01-14T11:29:59.999000+00:00,104.7497483844402,105.58189106965318,103.80967814845341,104.88991113907318,106.81728492048512,13018.394652831854,3981
2026-01-14T11:30:00+00:00,2026-01-14T11:34:59.999000+00:00,104.88991113907318,106.65232853109998,104.08988336511914,104.73389397534153,113.39664584947197,13625.134191848276,3982
2026-01-14T11:35:00+00:00,2026-01-14T11:39:59.999000+00:00,104.73389397534153,107.5778557173945,104.09953694303374,106.6800652959594,123.59552064588185,14021.916834239993,3983
2026-01-14T11:40:00+00:00,2026-01-14T11:44:59.999000+00:00,106.6800652959594,108.65358567771966,105.22515218907493,107.71303908786692,127.45915725505428,13364.041871108602,3984
2026-01-14T11:45:00+00:00,2026-01-14T11:49:59.999000+00:00,107.71303908786692,109.33737400433581,106.41783510642408,108.16887620259277,139.30932343837765,15902.55857497218,3985
2026-01-14T11:50:00+00:00,2026-01-14T11:54:59.999000+00:00,108.16887620259277,110.17218642342876,106.63097755486821,108.42968300279811,120.26648953996988,12497.486638147824,3986
2026-01-14T11:55:00+00:00,2026-01-14T11:59:59.999000+00:00,108.42968300279811,109.69663327791739,107.41915062071381,108.65069532592501,118.61898400405025,11134.314880903865,3987
2026-01-14T12:00:00+00:00,2026-01-14T12:04:59.999000+00:00,108.65069532592501,110.54883416216087,107.8267688395424,109.33796112798497,138.66953502819547,15240.288150752885,3988
2026-01-14T12:05:00+00:00,2026-01-14T12:09:59.999000+00:00,109.33796112798497,109.95300007644046,107.9011013365695,109.08571310039673,105.10452352275803,14668.338261100042,3989
2026-01-14T12:10:00+00:00,2026-01-14T12:14:59.999000+00:00,109.08571310039673,110.08082682614047,107.28984174034346,108.64048806489704,108.45615464972235,11347.80526750048,3990
2026-01-14T12:15:00+00:00,2026-01-14T12:19:59.999000+00:00,108.64048806489704,109.80984035595209,106.13070530174072,107.40929259111391,136.28550036598742,11925.92950717733,3991
2026-01-14T12:20:00+00:00,2026-01-14T12:24:59.999000+00:00,107.40929259111391,108.1031454054969,103.05486158651101,104.4396405204823,131.41644346029324,14254.887510665641,3992
2026-01-14T12:25:00+00:00,2026-01-14T12:29:59.999000+00:00,104.4396405204823,105.91926209701703,101.15804557096214,102.18528329796015,138.93433453453997,13294.897279856486,3993
2026-01-14T12:30:00+00:00,2026-01-14T12:34:59.999000+00:00,102.18528329796015,102.92087508955511,99.0776117773774,100.59437736999715,105.83408872718871,10836.844058674014,3994
2026-01-14T12:35:00+00:00,2026-01-14T12:39:59.999000+00:00,100.59437736999715,102.36711191449064,98.29430702196312,99.15497895991982,122.10699232648327,12943.063122278212,3995
2026-01-14T12:40:00+00:00,2026-01-14T12:44:59.999000+00:00,99.15497895991982,100.47392556325123,96.11245708803739,96.96063185218826,126.93839277009344,9940.95216487977,3996
2026-01-14T12:45:00+00:00,2026-01-14T12:49:59.999000+00:00,96.96063185218826,98.21921791758437,94.8590671128849,96.05367409016254,137.55709832108272,12542.839774385677,3997
2026-01-14T12:50:00+00:00,2026-01-14T12:54:59.999000+00:00,96.05367409016254,97.3147372456818,93.48381457421299,94.56597047066661,110.12267345821901,10338.739398820093,3998
2026-01-14T12:55:00+00:00,2026-01-14T12:59:59.999000+00:00,94.56597047066661,95.50377191591089,93.80529777569295,94.68949218237864,104.89337715383238,11223.14823414857,3999
2026-01-14T13:00:00+00:00,2026-01-14T13:04:59.999000+00:00,94.68949218237864,96.40784584837425,93.27905045247363,94.22115531262203,118.63020828352911,10567.092358358092,4000
2026-01-14T13:05:00+00:00,2026-01-14T13:09:59.999000+00:00,94.22115531262203,96.4435048295273,92.93105000862629,94.65430621524683,107.03124706706407,13291.457537396765,4001
2026-01-14T13:10:00+00:00,2026-01-14T13:14:59.999000+00:00,94.65430621524683,95.40879936804264,92.77016503054199,94.47685227449251,132.23847651165815,12473.482485429255,4002
2026-01-14T13:15:00+00:00,2026-01-14T13:19:59.999000+00:00,94.47685227449251,95.22476453099328,92.74278309690678,94.58014807182478,141.2189631603402,9627.068406210246,4003
2026-01-14T13:20:00+00:00,2026-01-14T13:24:59.999000+00:00,94.58014807182478,95.35793720235337,93.72685145862967,94.6664896942808,121.58965327280094,11292.208200368948,4004
2026-01-14T13:25:00+00:00,2026-01-14T13:29:59.999000+00:00,94.6664896942808,96.10713121383885,93.83208788339078,95.29974486590801,101.85025449163298,13342.996545629256,4005
2026-01-14T13:30:00+00:00,2026-01-14T13:34:59.999000+00:00,95.29974486590801,97.73008136306034,94.68500682998345,96.0750709370763,109.63479024910696,13934.568902621942,4006
2026-01-14T13:35:00+00:00,2026-01-14T13:39:59.999000+00:00,96.0750709370763,96.91621209538715,94.8822842090774,95.70420939268215,121.35498238605513,10067.848459634777,4007
2026-01-14T13:40:00+00:00,2026-01-14T13:44:59.999000+00:00,95.70420939268215,96.43352810919389,93.36104990816993,93.89583227224479,134.7827673470549,10883.983558130274,4008
2026-01-14T13:45:00+00:00,2026-01-14T13:49:59.999000+00:00,93.89583227224479,95.24262586153047,92.46432909866326,94.22495051788769,115.00330916797907,10658.791374560793,4009
2026-01-14T13:50:00+00:00,2026-01-14T13:54:59.999000+00:00,94.22495051788769,95.55717537890878,91.67891180402444,93.06574738521161,124.34351683253371,11572.68301248736,4010
2026-01-14T13:55:00+00:00,2026-01-14T13:59:59.999000+00:00,93.06574738521161,94.67500917132759,91.79658081255342,92.44285615934487,119.95150161449439,10574.673200016554,4011
2026-01-14T14:00:00+00:00,2026-01-14T14:04:59.999000+00:00,92.44285615934487,93.14538913282293,90.33477872827649,91.9804521690799,127.48922445392998,11198.104732574911,4012
2026-01-14T14:05:00+00:00,2026-01-14T14:09:59.999000+00:00,91.9804521690799,92.83644778145762,89.77333244822303,90.53465356697579,126.15223539035958,12571.905628049346,4013
2026-01-14T14:10:00+00:00,2026-01-14T14:14:59.999000+00:00,90.53465356697579,92.25042245157547,88.87646074428991,90.47495751883311,127.98061549969083,10191.511056440602,4014
2026-01-14T14:15:00+00:00,2026-01-14T14:19:59.999000+00:00,90.47495751883311,93.4201975853581,88.9136751728846,92.22113831452006,108.92237394407826,9688.315095701973,4015
2026-01-14T14:20:00+00:00,2026-01-14T14:24:59.999000+00:00,92.22113831452006,95.28064740872405,91.6287217841107,93.61062831184609,100.98239091395004,12147.072009105206,4016
2026-01-14T14:25:00+00:00,2026-01-14T14:29:59.999000+00:00,93.61062831184609,96.37840843941254,92.32123690218636,95.23327293605868,113.36137404240722,11415.983529230327,4017
2026-01-14T14:30:00+00:00,2026-01-14T14:34:59.999000+00:00,95.23327293605868,98.3687017504853,94.12112326193926,96.92398604445319,137.65374832145838,10302.081548345925,4018
2026-01-14T14:35:00+00:00,2026-01-14T14:39:59.999000+00:00,96.92398604445319,99.94232055564645,95.42185536722116,98.81196472025692,148.21101621229906,14620.836991808144,4019
2026-01-14T14:40:00+00:00,2026-01-14T14:44:59.999000+00:00,98.81196472025692,101.31971063752157,97.2989362147031,100.68787991815947,100.63806583833775,13344.489050847236,4020
2026-01-14T14:45:00+00:00,2026-01-14T14:49:59.999000+00:00,100.68787991815947,104.39605432056007,99.55489921799092,102.86389592158353,145.1920765414119,12053.708325057836,4021
2026-01-14T14:50:00+00:00,2026-01-14T14:54:59.999000+00:00,102.86389592158353,105.5133534638826,102.19611459150875,104.80694602165785,125.94771363826916,14491.094886931938,4022
2026-01-14T14:55:00+00:00,2026-01-14T14:59:59.999000+00:00,104.80694602165785,106.5550193053384,103.80084923620242,104.91595923512443,100.25487905554057,11785.416963714444,4023
2026-01-14T15:00:00+00:00,2026-01-14T15:04:59.999000+00:00,104.91595923512443,106.70252638006984,104.33774778719132,105.61065691146852,115.57395023660376,15162.991869727108,4024
2026-01-14T15:05:00+00:00,2026-01-14T15:09:59.999000+00:00,105.61065691146852,107.60107989602663,104.8566969363439,106.69465840758303,130.92742428250708,12106.18467075286,4025
2026-01-14T15:10:00+00:00,2026-01-14T15:14:59.999000+00:00,106.69465840758303,107.48270543597894,105.16631367899329,105.80601106336042,101.21243649473045,14610.931440205968,4026
2026-01-14T15:15:00+00:00,2026-01-14T15:19:59.999000+00:00,105.80601106336042,107.62918424545069,104.4858215079192,106.12472886542217,115.78272597128279,12935.440685491523,4027
2026-01-14T15:20:00+00:00,2026-01-14T15:24:59.999000+00:00,106.12472886542217,107.12035056812093,103.28009453282874,104.83919166315489,117.16703377594227,14338.003932010888,4028
2026-01-14T15:25:00+00:00,2026-01-14T15:29:59.999000+00:00,104.83919166315489,106.71347517445753,103.83379618007243,104.98698307289166,111.29425274087436,15105.231487568584,4029
2026-01-14T15:30:00+00:00,2026-01-14T15:34:59.999000+00:00,104.98698307289166,106.77492129474061,103.83126960255215,104.45386466214924,136.44993123368272,11988.50676354299,4030
2026-01-14T15:35:00+00:00,2026-01-14T15:39:59.999000+00:00,104.45386466214924,105.75210562541857,102.92760681964948,104.27981773569654,132.5588498777575,13226.59145485978,4031
2026-01-14T15:40:00+00:00,2026-01-14T15:44:59.999000+00:00,104.27981773569654,107.11426761977175,103.65510737266185,105.72582481206419,148.9126936079117,13586.243894177389,4032
2026-01-14T15:45:00+00:00,2026-01-14T15:49:59.999000+00:00,105.72582481206419,107.10392625833377,104.19838926076619,105.68914893949963,143.13591920649063,11364.733728800804,4033
2026-01-14T15:50:00+00:00,2026-01-14T15:54:59.999000+00:00,105.68914893949963,108.27752574834385,104.63302129082257,106.58269471479764,128.27371828687083,11243.041184730006,4034
2026-01-14T15:55:00+00:00,2026-01-14T15:59:59.999000+00:00,106.58269471479764,107.12189205189101,104.67644193928565,106.25491721078053,120.59864601830199,14708.671623025166,4035
2026-01-14T16:00:00+00:00,2026-01-14T16:04:59.999000+00:00,106.25491721078053,109.40808492676919,104.86541551364482,108.30097065016876,111.60716128238424,11983.64592171635,4036
2026-01-14T16:05:00+00:00,2026-01-14T16:09:59.999000+00:00,108.30097065016876,109.96801273252638,106.8011715755701,107.77977392795748,118.99535296904894,13074.179271457606,4037
2026-01-14T16:10:00+00:00,2026-01-14T16:14:59.999000+00:00,107.77977392795748,110.59159920432657,106.39110946139063,109.2249015958399,107.91927081251245,15517.811762128356,4038
2026-01-14T16:15:00+00:00,2026-01-14T16:19:59.999000+00:00,109.2249015958399,110.56029251151,106.96521608822799,108.65005486499165,149.85444320293823,15018.331463425196,4039
2026-01-14T16:20:00+00:00,2026-01-14T16:24:59.999000+00:00,108.65005486499165,110.09221474145936,107.71514786250144,108.6570905436108,108.98096339945022,12768.109619037272,4040
2026-01-14T16:25:00+00:00,2026-01-14T16:29:59.999000+00:00,108.6570905436108,109.38106557327387,105.64963347581752,107.14864460721762,141.00955378367422,11192.019020507805,4041
2026-01-14T16:30:00+00:00,2026-01-14T16:34:59.999000+00:00,107.14864460721762,107.67108639987357,105.14196943918706,106.00040836782091,109.3166880017461,11794.468238444206,4042
2026-01-14T16:35:00+00:00,2026-01-14T16:39:59.999000+00:00,106.00040836782091,107.39236385388887,102.28874607660609,104.08438422130108,135.03689806800668,14596.797786264382,4043
2026-01-14T16:40:00+00:00,2026-01-14T16:44:59.999000+00:00,104.08438422130108,104.91488530883792,101.48792117086319,102.82924331855597,143.17083680268274,14728.598865506452,4044
2026-01-14T16:45:00+00:00,2026-01-14T16:49:59.999000+00:00,102.82924331855597,104.40173511784742,99.26076033874352,100.34935166342684,117.20581474414409,14204.640352077604,4045
2026-01-14T16:50:00+00:00,2026-01-14T16:54:59.999000+00:00,100.34935166342684,100.92773198068389,96.1526005992442,97.63568972146004,103.26152614911221,10820.734534620164,4046
2026-01-14T16:55:00+00:00,2026-01-14T16:59:59.999000+00:00,97.63568972146004,98.93434952306457,94.3616457842224,95.83784679608844,106.64826789334613,12304.614516201109,4047
2026-01-14T17:00:00+00:00,2026-01-14T17:04:59.999000+00:00,95.83784679608844,97.10840509245105,93.41569912842134,94.82198166148497,145.952339495749,10643.455042460715,4048
2026-01-14T17:05:00+00:00,2026-01-14T17:09:59.999000+00:00,94.82198166148497,95.64088536091059,93.02845909541581,94.09418500719616,112.95787494430857,11489.297957150417,4049
2026-01-14T17:10:00+00:00,2026-01-14T17:14:59.999000+00:00,94.09418500719616,95.32362122683183,92.10666291068253,93.0899235079497,113.34103389770667,12489.558220462248,4050
2026-01-14T17:15:00+00:00,2026-01-14T17:19:59.999000+00:00,93.0899235079497,95.80886341944567,91.94783843290435,94.15539186657624,118.61271302606997,12569.711337332265,4051
2026-01-14T17:20:00+00:00,2026-01-14T17:24:59.999000+00:00,94.15539186657624,95.8405783627952,91.38555718010767,93.01083117832812,139.63048418680722,9305.246968624346,4052
2026-01-14T17:25:00+00:00,2026-01-14T17:29:59.999000+00:00,93.01083117832812,95.15470065825475,92.38620707976348,94.15710252342384,110.50221446983008,10930.099737638231,4053
2026-01-14T17:30:00+00:00,2026-01-14T17:34:59.999000+00:00,94.15710252342384,96.33218759432305,93.0428182574537,94.87981569330961,113.62954091134176,11195.510962345748,4054
2026-01-14T17:35:00+00:00,2026-01-14T17:39:59.999000+00:00,94.87981569330961,96.87633029699589,93.4557456772358,95.48218935008997,143.87284804653967,14168.748911339386,4055
2026-01-14T17:40:00+00:00,2026-01-14T17:44:59.999000+00:00,95.48218935008997,96.66781731045644,93.9689598735903,95.53844263005068,133.4532117361784,12568.45803960518,4056
2026-01-14T17:45:00+00:00,2026-01-14T17:49:59.999000+00:00,95.53844263005068,96.4268982120253,93.57003128245157,95.07759639236582,107.24361450534764,13500.778988551376,4057
2026-01-14T17:50:00+00:00,2026-01-14T17:54:59.999000+00:00,95.07759639236582,95.67609137369618,94.17780456968204,95.04729802387044,124.89392352179834,11866.72926558858,4058
2026-01-14T17:55:00+00:00,2026-01-14T17:59:59.999000+00:00,95.04729802387044,95.66306285331216,93.00813316187936,94.25181649981806,131.2305424166037,12601.628729129417,4059
2026-01-14T18:00:00+00:00,2026-01-14T18:04:59.999000+00:00,94.25181649981806,95.41671328597988,92.74705687702142,93.44006000023529,144.99675512420413,13827.642810060031,4060
2026-01-14T18:05:00+00:00,2026-01-14T18:09:59.999000+00:00,93.44006000023529,94.80450942739655,92.33499768668953,93.0463677402646,133.72946852211726,12200.105239149052,4061
2026-01-14T18:10:00+00:00,2026-01-14T18:14:59.999000+00:00,93.0463677402646,94.65924166516587,90.46782978488133,91.45826107626343,130.86066088930846,12181.674452441268,4062
2026-01-14T18:15:00+00:00,2026-01-14T18:19:59.999000+00:00,91.45826107626343,92.33574727215618,90.31903465967308,91.08404424767299,120.4431283241176,9134.645084721978,4063
2026-01-14T18:20:00+00:00,2026-01-14T18:24:59.999000+00:00,91.08404424767299,92.54586078595827,90.03765668134467,90.83509027827509,124.87423789164654,10323.136200201432,4064
2026-01-14T18:25:00+00:00,2026-01-14T18:29:59.999000+00:00,90.83509027827509,92.58752235178268,89.27015850066441,91.50686995625301,123.02928091293316,9240.93949004586,4065
2026-01-14T18:30:00+00:00,2026-01-14T18:34:59.999000+00:00,91.50686995625301,93.41977006032603,90.63124292368708,92.11901319908243,129.95350232080187,10145.540828946785,4066
2026-01-14T18:35:00+00:00,2026-01-14T18:39:59.999000+00:00,92.11901319908243,93.49434630579063,91.51096183070192,92.8781285045095,115.22442359283187,13908.258035515631,4067
2026-01-14T18:40:00+00:00,2026-01-14T18:44:59.999000+00:00,92.8781285045095,96.77424082650529,92.13572386689705,95.37546495572138,119.19761738345937,11823.177956842945,4068
2026-01-14T18:45:00+00:00,2026-01-14T18:49:59.999000+00:00,95.37546495572138,97.39106027346382,94.32877677243037,96.6535559302248,117.25835115161858,13368.583883183475,4069
2026-01-14T18:50:00+00:00,2026-01-14T18:54:59.999000+00:00,96.6535559302248,100.58210499698917,94.98744984045896,99.54114549954295,101.27289806908809,10935.539933271673,4070
2026-01-14T18:55:00+00:00,2026-01-14T18:59:59.999000+00:00,99.54114549954295,102.17159297680782,98.87375963843901,101.55457005619127,123.00575103609941,13808.0989612653,4071
2026-01-14T19:00:00+00:00,2026-01-14T19:04:59.999000+00:00,101.55457005619127,104.19111517483826,101.0131693893327,102.55415657587474,104.16372454949065,12032.603537694478,4072
2026-01-14T19:05:00+00:00,2026-01-14T19:09:59.999000+00:00,102.55415657587474,105.48583845278473,100.87339196699408,104.24861148171495,127.4172072403507,11383.558139435116,4073
2026-01-14T19:10:00+00:00,2026-01-14T19:14:59.999000+00:00,104.24861148171495,106.75456451762163,102.67026608693409,106.05123154298607,146.56787079015004,15151.536652604605,4074
2026-01-14T19:15:00+00:00,2026-01-14T19:19:59.999000+00:00,106.05123154298607,107.72704444645998,104.35956145293156,107.10381327732946,122.39427006119811,14084.808571631247,4075
2026-01-14T19:20:00+00:00,2026-01-14T19:24:59.999000+00:00,107.10381327732946,108.12814993282132,104.83868465173704,106.40398947340813,141.77052597551412,12526.151367488828,4076
2026-01-14T19:25:00+00:00,2026-01-14T19:29:59.999000+00:00,106.40398947340813,107.57822967608705,104.79312486747314,107.03224170716771,144.34337186252333,12189.269086368055,4077
2026-01-14T19:30:00+00:00,2026-01-14T19:34:59.999000+00:00,107.03224170716771,108.78096471739634,104.13495023347855,105.88992295258946,114.43307352465402,10942.505551160953,4078
2026-01-14T19:35:00+00:00,2026-01-14T19:39:59.999000+00:00,105.88992295258946,106.7595259317114,103.89868788880278,105.20723497889222,104.49810593501746,10571.016732199305,4079
2026-01-14T19:40:00+00:00,2026-01-14T19:44:59.999000+00:00,105.20723497889222,106.84213349287705,103.79828150806716,105.42651952865856,134.93714475395674,12498.201561807187,4080
2026-01-14T19:45:00+00:00,2026-01-14T19:49:59.999000+00:00,105.42651952865856,106.94774203544428,103.07423776996359,104.59739320008109,122.45531768663737,13069.142009390613,4081
2026-01-14T19:50:00+00:00,2026-01-14T19:54:59.999000+00:00,104.59739320008109,105.67083059524808,103.89367034906499,104.52240708520904,122.66441746388404,13903.193995091728,4082
2026-01-14T19:55:00+00:00,2026-01-14T19:59:59.999000+00:00,104.52240708520904,105.39222274429092,103.72416725999848,104.45077830139535,110.01330383485154,12624.842506407991,4083
2026-01-14T20:00:00+00:00,2026-01-14T20:04:59.999000+00:00,104.45077830139535,106.72228796129113,103.7282075905246,105.16036969392725,136.86428058425037,13805.721378388833,4084
2026-01-14T20:05:00+00:00,2026-01-14T20:09:59.999000+00:00,105.16036969392725,107.08889828103409,103.65994503050563,105.39924884294543,140.16191826243966,11019.74904176185,4085
2026-01-14T20:10:00+00:00,2026-01-14T20:14:59.999000+00:00,105.39924884294543,108.06689034505702,104.36945953034677,106.36784586693862,129.30205531442195,15015.335465934148,4086
2026-01-14T20:15:00+00:00,2026-01-14T20:19:59.999000+00:00,106.36784586693862,107.712092989851,104.96724091212363,107.20713271171114,119.82114156573166,14031.434726014399,4087
2026-01-14T20:20:00+00:00,2026-01-14T20:24:59.999000+00:00,107.20713271171114,109.56495159762959,106.32444006956389,108.28381684682547,104.07156099196936,16006.654289457685,4088
2026-01-14T20:25:00+00:00,2026-01-14T20:29:59.999000+00:00,108.28381684682547,110.07802154729846,107.52142212459253,108.56155351859624,121.75864600475487,15348.869848821787,4089
2026-01-14T20:30:00+00:00,2026-01-14T20:34:59.999000+00:00,108.56155351859624,109.73052972200529,107.25770275686865,109.06682513386312,138.04872272217136,12081.05859173123,4090
2026-01-14T20:35:00+00:00,2026-01-14T20:39:59.999000+00:00,109.06682513386312,110.42908051514243,106.53664882140059,108.30221071916537,133.941206376117,14513.378430091912,4091
2026-01-14T20:40:00+00:00,2026-01-14T20:44:59.999000+00:00,108.30221071916537,109.12656865657088,104.52302908862085,106.17436917233935,124.6157643849939,13463.903948470619,4092
2026-01-14T20:45:00+00:00,2026-01-14T20:49:59.999000+00:00,106.17436917233935,107.20278899415065,103.16274428809808,104.8874995966338,134.39902209990487,11117.567841126067,4093
2026-01-14T20:50:00+00:00,2026-01-14T20:54:59.999000+00:00,104.8874995966338,106.29310668082057,103.07085137587117,103.79592357846494,113.47627254043323,14715.526223866305,4094
2026-01-14T20:55:00+00:00,2026-01-14T20:59:59.999000+00:00,103.79592357846494,104.68940195713327,100.17931988616215,101.35152544589627,129.21237959405317,12420.188854349666,4095
2026-01-14T21:00:00+00:00,2026-01-14T21:04:59.999000+00:00,101.35152544589627,102.49673234629807,98.95812105629588,99.94321889686861,133.4715001531055,14956.486261523578,4096
2026-01-14T21:05:00+00:00,2026-01-14T21:09:59.999000+00:00,99.94321889686861,100.44857284908971,95.59378532474517,97.20918728730274,106.94576355477535,14504.672698477982,4097
2026-01-14T21:10:00+00:00,2026-01-14T21:14:59.999000+00:00,97.20918728730274,98.0803411358148,93.78058072690936,95.0874907567101,149.124239414901,13516.828056287603,4098
2026-01-14T21:15:00+00:00,2026-01-14T21:19:59.999000+00:00,95.0874907567101,95.88127995155972,92.41261802766772,93.42864150441194,100.55078061096879,11904.382492907558,4099
2026-01-14T21:20:00+00:00,2026-01-14T21:24:59.999000+00:00,93.42864150441194,94.11229873262066,91.11665787474692,92.9067470014833,141.860598405656,9553.042385599383,4100
2026-01-14T21:25:00+00:00,2026-01-14T21:29:59.999000+00:00,92.9067470014833,94.57378838783049,91.37266424650907,92.93739126418455,116.11466768997275,13844.98972266685,4101
2026-01-14T21:30:00+00:00,2026-01-14T21:34:59.999000+00:00,92.93739126418455,94.53296911075624,92.0884821540108,93.54687243723512,110.0801695895934,10346.98212834426,4102
2026-01-14T21:35:00+00:00,2026-01-14T21:39:59.999000+00:00,93.54687243723512,94.72712283615128,91.85142751521957,93.02970845961391,114.79964741856591,9905.436585075173,4103
2026-01-14T21:40:00+00:00,2026-01-14T21:44:59.999000+00:00,93.02970845961391,94.97036886867335,92.22924899671949,94.16548528744956,120.38759443731723,11603.602717600103,4104
2026-01-14T21:45:00+00:00,2026-01-14T21:49:59.999000+00:00,94.16548528744956,96.22408543579422,93.177355031169,94.4362381015954,136.466456609767,13778.622811602605,4105
2026-01-14T21:50:00+00:00,2026-01-14T21:54:59.999000+00:00,94.4362381015954,96.70452854861905,93.52616050664828,95.17912415749856,127.49408030118602,9657.253369135584,4106
2026-01-14T21:55:00+00:00,2026-01-14T21:59:59.999000+00:00,95.17912415749856,96.59327458917149,94.16498572787351,95.21559284777739,142.64775874485687,13385.397039052916,4107
2026-01-14T22:00:00+00:00,2026-01-14T22:04:59.999000+00:00,95.21559284777739,96.18809113567814,92.76118285008003,94.38444285613551,147.5269543814406,13361.250792983425,4108
2026-01-14T22:05:00+00:00,2026-01-14T22:09:59.999000+00:00,94.38444285613551,95.18430723666154,93.32348521239814,94.05773975033857,131.91592064646593,11507.019169622023,4109
2026-01-14T22:10:00+00:00,2026-01-14T22:14:59.999000+00:00,94.05773975033857,94.92438566233383,92.28314700309829,94.17069737169918,103.80235060545976,12938.622543302736,4110
2026-01-14T22:15:00+00:00,2026-01-14T22:19:59.999000+00:00,94.17069737169918,94.68248502893012,93.37393482468764,94.09827155733286,117.41877584291119,13480.962855633335,4111
2026-01-14T22:20:00+00:00,2026-01-14T22:24:59.999000+00:00,94.09827155733286,94.83057185488981,92.07856697207498,92.77464763288476,142.83848655123728,10752.812837442136,4112
2026-01-14T22:25:00+00:00,2026-01-14T22:29:59.999000+00:00,92.77464763288476,94.55619519431414,90.50241512504655,92.29374979763988,127.11898633956906,12975.626455913338,4113
2026-01-14T22:30:00+00:00,2026-01-14T22:34:59.999000+00:00,92.29374979763988,93.58770361087151,91.04133682167334,92.12974850317906,113.46105504887306,9734.222808574486,4114
2026-01-14T22:35:00+00:00,2026-01-14T22:39:59.999000+00:00,92.12974850317906,93.70617095063508,90.93635141689361,91.43768972318229,145.96849336736162,9652.5436701931,4115
2026-01-14T22:40:00+00:00,2026-01-14T22:44:59.999000+00:00,91.43768972318229,92.61100683935003,90.8984284435565,91.64138804760863,113.32981907597798,11263.191757049413,4116
2026-01-14T22:45:00+00:00,2026-01-14T22:49:59.999000+00:00,91.64138804760863,94.31962799694816,90.54975237556481,92.84536549829122,118.07469192486222,13699.299307425217,4117
2026-01-14T22:50:00+00:00,2026-01-14T22:54:59.999000+00:00,92.84536549829122,95.66823978781377,91.27489170906527,94.77817001789657,132.42524352816062,12452.063586975613,4118
2026-01-14T22:55:00+00:00,2026-01-14T22:59:59.999000+00:00,94.77817001789657,96.19601045056176,93.0308332842956,95.33588294488818,104.10353799741054,12067.762650207294,4119
2026-01-14T23:00:00+00:00,2026-01-14T23:04:59.999000+00:00,95.33588294488818,99.48219442742021,94.5201166275179,98.47771556675775,132.79576381597624,12058.454194951246,4120
2026-01-14T23:05:00+00:00,2026-01-14T23:09:59.999000+00:00,98.47771556675775,101.67732480995383,96.72948495485801,100.72361244918886,130.0578435672945,11325.304752483797,4121
2026-01-14T23:10:00+00:00,2026-01-14T23:14:59.999000+00:00,100.72361244918886,103.55344573325146,99.94481704686034,102.22306682391913,147.13100432758634,13129.170238946692,4122
2026-01-14T23:15:00+00:00,2026-01-14T23:19:59.999000+00:00,102.22306682391913,105.52611449996863,101.55225382518934,103.8070932166529,124.93445061468557,10583.539057665077,4123
2026-01-14T23:20:00+00:00,2026-01-14T23:24:59.999000+00:00,103.8070932166529,107.02644853905237,102.78220742730754,105.82221515070287,108.53676507290226,11028.536951417918,4124
2026-01-14T23:25:00+00:00,2026-01-14T23:29:59.999000+00:00,105.82221515070287,107.54996236425791,104.38644674973861,106.5775628741063,122.62984011271632,15383.334912785114,4125
2026-01-14T23:30:00+00:00,2026-01-14T23:34:59.999000+00:00,106.5775628741063,108.57074914201614,105.52576069476486,107.88236100536166,144.49249704220136,15510.279531614788,4126
2026-01-14T23:35:00+00:00,2026-01-14T23:39:59.999000+00:00,107.88236100536166,109.59935051051197,105.74587927193019,106.87340209205095,137.3714902872231,13719.8657355089,4127
2026-01-14T23:40:00+00:00,2026-01-14T23:44:59.999000+00:00,106.87340209205095,108.92558378453755,105.14643496587817,107.57026756185905,113.02515511153652,12745.340610122783,4128
2026-01-14T23:45:00+00:00,2026-01-14T23:49:59.999000+00:00,107.57026756185905,108.29327949343816,104.65782084225806,106.20849679519594,113.57686086291199,11847.413012186118,4129
2026-01-14T23:50:00+00:00,2026-01-14T23:54:59.999000+00:00,106.20849679519594,106.77873354639168,104.39670323333722,105.92283358538344,127.5552633863945,13435.279623213382,4130
2026-01-14T23:55:00+00:00,2026-01-14T23:59:59.999000+00:00,105.92283358538344,107.21808940618192,105.20734012944109,105.9923607238799,147.72261107749813,10868.040939060844,4131
2026-01-15T00:00:00+00:00,2026-01-15T00:04:59.999000+00:00,105.9923607238799,107.01331925801173,103.12488048006509,104.59322322458911,149.6194588158266,10691.653322583308,4132
2026-01-15T00:05:00+00:00,2026-01-15T00:09:59.999000+00:00,104.59322322458911,106.69909364473055,102.94517270420171,105.34600635549671,135.24791125815926,12767.364933304298,4133
2026-01-15T00:10:00+00:00,2026-01-15T00:14:59.999000+00:00,105.34600635549671,106.13120839866023,104.3738922672801,105.10747110108623,130.15630178670526,12157.775427918232,4134
2026-01-15T00:15:00+00:00,2026-01-15T00:19:59.999000+00:00,105.10747110108623,106.9085202651535,104.54998119497444,105.16755944561737,147.22316111421267,15442.47082753432,4135
2026-01-15T00:20:00+00:00,2026-01-15T00:24:59.999000+00:00,105.16755944561737,106.69169873551256,104.13371679666629,106.12247942270704,125.57277321872499,13085.656758699666,4136
2026-01-15T00:25:00+00:00,2026-01-15T00:29:59.999000+00:00,106.12247942270704,106.97132462231784,104.83480563373736,106.2064293434825,126.27759233814297,14111.708211599853,4137
2026-01-15T00:30:00+00:00,2026-01-15T00:34:59.999000+00:00,106.2064293434825,109.28048519542295,105.58855677736533,107.5081915942369,101.06607652889512,14878.488466176537,4138
2026-01-15T00:35:00+00:00,2026-01-15T00:39:59.999000+00:00,107.5081915942369,108.26092328681483,106.37941261129392,107.48797647858338,116.15308542640514,15741.642782136967,4139
2026-01-15T00:40:00+00:00,2026-01-15T00:44:59.999000+00:00,107.48797647858338,109.82460543946257,106.10577877267427,108.77466319190381,111.69947169672305,14248.976692388633,4140
2026-01-15T00:45:00+00:00,2026-01-15T00:49:59.999000+00:00,108.77466319190381,110.01180138068617,108.02808709394391,108.53961203490313,117.2255891374434,12218.808656492676,4141
2026-01-15T00:50:00+00:00,2026-01-15T00:54:59.999000+00:00,108.53961203490313,110.1892086671768,105.67692559205882,106.50457142489392,136.76442947789093,15674.300014501858,4142
2026-01-15T00:55:00+00:00,2026-01-15T00:59:59.999000+00:00,106.50457142489392,108.18566706619069,104.38817922019618,106.07793913885868,127.2476869226895,13567.10196815457,4143
2026-01-15T01:00:00+00:00,2026-01-15T01:04:59.999000+00:00,106.07793913885868,106.59981135001699,104.20938416983707,104.77445292910073,113.03821028031396,13944.752602136505,4144
2026-01-15T01:05:00+00:00,2026-01-15T01:09:59.999000+00:00,104.77445292910073,105.63630691742856,100.68036533386046,101.76497026476801,146.4551315423271,13327.078763328414,4145
2026-01-15T01:10:00+00:00,2026-01-15T01:14:59.999000+00:00,101.76497026476801,102.35560555973285,99.74624937708913,100.62523721535717,104.479818633539,14909.680238269002,4146
2026-01-15T01:15:00+00:00,2026-01-15T01:19:59.999000+00:00,100.62523721535717,101.38051845101502,97.26931221710201,98.97596450674074,115.08107833375763,10576.65357410536,4147
2026-01-15T01:20:00+00:00,2026-01-15T01:24:59.999000+00:00,98.97596450674074,99.57766403167774,95.45514018394539,96.59351966486035,134.9682814600667,10980.129931749727,4148
2026-01-15T01:25:00+00:00,2026-01-15T01:29:59.999000+00:00,96.59351966486035,97.1792397366542,94.22225651621623,95.46629660218649,145.768732567867,13433.43431974314,4149
2026-01-15T01:30:00+00:00,2026-01-15T01:34:59.999000+00:00,95.46629660218649,96.63817108113625,91.90230953323136,93.66214141894349,144.52604506533407,13360.148794253748,4150
2026-01-15T01:35:00+00:00,2026-01-15T01:39:59.999000+00:00,93.66214141894349,94.74016845572832,91.86195326229706,93.10480679552019,146.46019334815185,10960.16539790865,4151
2026-01-15T01:40:00+00:00,2026-01-15T01:44:59.999000+00:00,93.10480679552019,94.46344880042882,92.3900151474558,93.15454567680162,105.2652382267865,9909.443230392673,4152
2026-01-15T01:45:00+00:00,2026-01-15T01:49:59.999000+00:00,93.15454567680162,94.85554391350216,92.22445665310737,92.73618416924332,117.04544245809957,12941.862336602491,4153
2026-01-15T01:50:00+00:00,2026-01-15T01:54:59.999000+00:00,92.73618416924332,93.64812980803092,90.75530026008597,92.30283988801838,118.06903406194502,13790.534099387733,4154
2026-01-15T01:55:00+00:00,2026-01-15T01:59:59.999000+00:00,92.30283988801838,95.07463097075771,91.15265166514173,93.78164519082247,105.85369832545388,10636.20819479669,4155
2026-01-15T02:00:00+00:00,2026-01-15T02:04:59.999000+00:00,93.78164519082247,94.92031236541943,92.28216478291641,93.69951885634262,100.13332186615837,14005.795632815485,4156
2026-01-15T02:05:00+00:00,2026-01-15T02:09:59.999000+00:00,93.69951885634262,95.71212489991963,92.05408138625889,94.24485531911596,123.16253601761872,13953.184135806054,4157
2026-01-15T02:10:00+00:00,2026-01-15T02:14:59.999000+00:00,94.24485531911596,96.17917774983462,92.69967920425019,95.20130000352724,121.06269630264579,13842.4888526915,4158
2026-01-15T02:15:00+00:00,2026-01-15T02:19:59.999000+00:00,95.20130000352724,96.43046441726663,94.08938855682283,95.61062476621139,140.3260364659328,14170.472600892814,4159
2026-01-15T02:20:00+00:00,2026-01-15T02:24:59.999000+00:00,95.61062476621139,96.59446987359726,92.57214118842037,94.1295188226663,138.91450630837357,11382.67142965333,4160
2026-01-15T02:25:00+00:00,2026-01-15T02:29:59.999000+00:00,94.1295188226663,95.48753183697808,92.51930016592334,94.9448601472075,130.2945404785105,13795.202337268573,4161
2026-01-15T02:30:00+00:00,2026-01-15T02:34:59.999000+00:00,94.9448601472075,95.73005022279634,91.59210059998712,93.12455278439508,107.09386833462334,11144.328382732712,4162
2026-01-15T02:35:00+00:00,2026-01-15T02:39:59.999000+00:00,93.12455278439508,94.89207842225578,91.79362685792664,92.83857486547649,104.6106881803957,10692.48087197691,4163
2026-01-15T02:40:00+00:00,2026-01-15T02:44:59.999000+00:00,92.83857486547649,94.03182366507569,91.9568595112166,92.88409823031611,116.73813976078635,10503.288277069367,4164
2026-01-15T02:45:00+00:00,2026-01-15T02:49:59.999000+00:00,92.88409823031611,94.4023022576685,90.48885401475872,91.71334809771203,136.69728749611795,10148.544604221115,4165
2026-01-15T02:50:00+00:00,2026-01-15T02:54:59.999000+00:00,91.71334809771203,93.17946876677425,91.09634298613256,91.79297074468256,132.570453475647,11281.882412457759,4166
2026-01-15T02:55:00+00:00,2026-01-15T02:59:59.999000+00:00,91.79297074468256,93.7834921788024,91.15789994957814,92.20723157137657,108.21192462814201,11177.457953090536,4167
2026-01-15T03:00:00+00:00,2026-01-15T03:04:59.999000+00:00,92.20723157137657,94.50606911456602,91.21722754568015,93.4187072782474,128.53966750766995,11569.134776103003,4168
2026-01-15T03:05:00+00:00,2026-01-15T03:09:59.999000+00:00,93.4187072782474,96.7660633665448,92.72563161631903,95.56953114991529,106.57798906069385,11871.570806788459,4169
2026-01-15T03:10:00+00:00,2026-01-15T03:14:59.999000+00:00,95.56953114991529,98.73060490317667,94.32727699444385,97.03335499950839,105.88246360502664,11612.253872313444,4170
2026-01-15T03:15:00+00:00,2026-01-15T03:19:59.999000+00:00,97.03335499950839,99.97219773974419,95.60981372017605,99.02637088702141,147.00877741086083,12291.356205127435,4171
2026-01-15T03:20:00+00:00,2026-01-15T03:24:59.999000+00:00,99.02637088702141,102.56740429034164,98.37221697326194,100.88296136871418,144.62900263705316,14852.421875520771,4172
2026-01-15T03:25:00+00:00,2026-01-15T03:29:59.999000+00:00,100.88296136871418,104.38621998215474,99.401563769503,102.79137062472779,127.15228311648755,12371.156704888994,4173
2026-01-15T03:30:00+00:00,2026-01-15T03:34:59.999000+00:00,102.79137062472779,107.09652788275396,101.66467044770931,105.49203529608464,110.97050685885003,12097.346082512504,4174
2026-01-15T03:35:00+00:00,2026-01-15T03:39:59.999000+00:00,105.49203529608464,107.43883328465368,104.71869899023231,106.40921398751811,117.3116697269878,13345.076647992453,4175
2026-01-15T03:40:00+00:00,2026-01-15T03:44:59.999000+00:00,106.40921398751811,108.86308954341749,105.63163578092374,107.79543197847016,136.09750801172603,13737.04767963236,4176
2026-01-15T03:45:00+00:00,2026-01-15T03:49:59.999000+00:00,107.79543197847016,108.36632478203431,106.93490650545509,107.80287150463326,144.085103102306,12811.072953291146,4177
2026-01-15T03:50:00+00:00,2026-01-15T03:54:59.999000+00:00,107.80287150463326,108.40884139949547,106.81926841337601,107.74944949412408,144.33755152495422,14425.88497569525,4178
2026-01-15T03:55:00+00:00,2026-01-15T03:59:59.999000+00:00,107.74944949412408,109.28097220449816,106.47075674798636,107.27341729389747,136.65600900363765,12671.487620874554,4179
2026-01-15T04:00:00+00:00,2026-01-15T04:04:59.999000+00:00,107.27341729389747,108.68037001635793,106.45222022958167,107.5835522865851,110.06572310173374,13747.822458329281,4180
2026-01-15T04:05:00+00:00,2026-01-15T04:09:59.999000+00:00,107.5835522865851,108.71168064923759,104.98374627293512,106.57025967550172,144.87809791722896,14630.168882553962,4181
2026-01-15T04:10:00+00:00,2026-01-15T04:14:59.999000+00:00,106.57025967550172,107.99400021512265,104.39584776977226,105.47107758444977,130.35011820329638,13791.573984956596,4182
2026-01-15T04:15:00+00:00,2026-01-15T04:19:59.999000+00:00,105.47107758444977,106.67995508836368,103.8922417328865,105.87025344421555,145.97491195936126,12995.366684770026,4183
2026-01-15T04:20:00+00:00,2026-01-15T04:24:59.999000+00:00,105.87025344421555,107.25029694243975,103.1366765244581,104.77163131330299,146.49337807035585,12311.8508838048,4184
2026-01-15T04:25:00+00:00,2026-01-15T04:29:59.999000+00:00,104.77163131330299,107.38473163630866,103.86743390865246,105.73591972365705,101.27686959664305,10691.501401670579,4185
2026-01-15T04:30:00+00:00,2026-01-15T04:34:59.999000+00:00,105.73591972365705,106.86053260322662,104.00522250092195,105.58616100896337,135.6433760074673,10559.38673991033,4186
2026-01-15T04:35:00+00:00,2026-01-15T04:39:59.999000+00:00,105.58616100896337,106.24711840715388,103.46099572655903,105.14632976837245,115.82516699156433,11513.966274216145,4187
2026-01-15T04:40:00+00:00,2026-01-15T04:44:59.999000+00:00,105.14632976837245,107.36191941662238,103.4648356962234,106.57725987330916,113.44965378363462,13834.730016871896,4188
2026-01-15T04:45:00+00:00,2026-01-15T04:49:59.999000+00:00,106.57725987330916,108.49433974805565,105.11786632389001,106.7427931464145,100.11229387560597,10694.520933151085,4189
2026-01-15T04:50:00+00:00,2026-01-15T04:54:59.999000+00:00,106.7427931464145,109.02241434199715,105.08437674815772,108.31119624525941,147.393141054963,15755.74138799904,4190
2026-01-15T04:55:00+00:00,2026-01-15T04:59:59.999000+00:00,108.31119624525941,109.92085955478399,107.46585865801946,107.98216842192703,113.34488999860618,10978.558360556695,4191
2026-01-15T05:00:00+00:00,2026-01-15T05:04:59.999000+00:00,107.98216842192703,109.01704663612142,105.64074513851844,106.57814232413553,131.6677449249318,13822.41691977846,4192
2026-01-15T05:05:00+00:00,2026-01-15T05:09:59.999000+00:00,106.57814232413553,107.37678581537702,105.95370084169015,106.4807095346431,141.28778142432432,11594.81436274749,4193
2026-01-15T05:10:00+00:00,2026-01-15T05:14:59.999000+00:00,106.4807095346431,107.03075870411273,104.34005124662649,105.45852592275374,115.44479184376155,12755.61697607194,4194
2026-01-15T05:15:00+00:00,2026-01-15T05:19:59.999000+00:00,105.45852592275374,107.23644538654335,101.9281546820275,103.1961348130618,134.50856560169123,15045.979747037894,4195
2026-01-15T05:20:00+00:00,2026-01-15T05:24:59.999000+00:00,103.1961348130618,104.85764152616949,101.54947954723819,102.08548152368053,126.78465138349378,14613.968688806219,4196
2026-01-15T05:25:00+00:00,2026-01-15T05:29:59.999000+00:00,102.08548152368053,103.20920939024016,98.7856206581873,99.68476392327348,143.1392429165469,14549.0092956222,4197
2026-01-15T05:30:00+00:00,2026-01-15T05:34:59.999000+00:00,99.68476392327348,100.21277562248113,96.05366112755706,97.42464593310751,146.6068569741775,13240.304566505678,4198
2026-01-15T05:35:00+00:00,2026-01-15T05:39:59.999000+00:00,97.42464593310751,98.99874239946689,95.38802055034148,96.36191960016642,127.44800615716937,13834.00699547439,4199
2026-01-15T05:40:00+00:00,2026-01-15T05:44:59.999000+00:00,96.36191960016642,96.92678189065691,93.26227059167039,94.46499385145938,113.74814864515199,11335.01735699239,4200
2026-01-15T05:45:00+00:00,2026-01-15T05:49:59.999000+00:00,94.46499385145938,95.82172273730899,92.20809877976797,92.88803339227874,112.09742462620838,12518.991212606963,4201
2026-01-15T05:50:00+00:00,2026-01-15T05:54:59.999000+00:00,92.88803339227874,93.96618935703343,91.46309018270037,92.19507362746965,141.6953950088741,9505.286619603774,4202
2026-01-15T05:55:00+00:00,2026-01-15T05:59:59.999000+00:00,92.19507362746965,93.29246477203714,89.62247220897916,91.41710513974053,136.8889357967747,11771.948997929218,4203
2026-01-15T06:00:00+00:00,2026-01-15T06:04:59.999000+00:00,91.41710513974053,94.22488194572978,89.90140671306908,92.87977373768206,100.87950830131021,11030.969252931956,4204
2026-01-15T06:05:00+00:00,2026-01-15T06:09:59.999000+00:00,92.87977373768206,93.51341680611147,91.86216726364546,92.6332250123823,135.16410301071286,11402.302077159236,4205
2026-01-15T06:10:00+00:00,2026-01-15T06:14:59.999000+00:00,92.6332250123823,95.0780413552202,91.85323917910591,93.3599460813004,140.83949942305574,13222.224663292713,4206
2026-01-15T06:15:00+00:00,2026-01-15T06:19:59.999000+00:00,93.3599460813004,94.73248494213304,92.61271042839637,93.53209376062257,121.8786514575832,13067.629519422137,4207
2026-01-15T06:20:00+00:00,2026-01-15T06:24:59.999000+00:00,93.53209376062257,95.84856141048161,93.00811339443801,94.4860302307098,120.15149537610236,10201.97679818314,4208
2026-01-15T06:25:00+00:00,2026-01-15T06:29:59.999000+00:00,94.4860302307098,95.84731174524585,93.97753720326475,95.25193414067857,147.74243694835846,13978.457885922555,4209
2026-01-15T06:30:00+00:00,2026-01-15T06:34:59.999000+00:00,95.25193414067857,96.23481724385093,94.13449531597186,95.3158956933259,108.52014887807776,12470.363707500806,4210
2026-01-15T06:35:00+00:00,2026-01-15T06:39:59.999000+00:00,95.3158956933259,96.46011250261338,93.42971384211599,94.10012582763663,113.83964275077008,14074.996414067797,4211
2026-01-15T06:40:00+00:00,2026-01-15T06:44:59.999000+00:00,94.10012582763663,95.52470305071516,93.47030735751112,94.05511113648399,130.47059857595897,11405.188041139947,4212
2026-01-15T06:45:00+00:00,2026-01-15T06:49:59.999000+00:00,94.05511113648399,95.51644070734348,92.80125413738354,93.54703156369185,107.11028637103989,10331.33632106449,4213
2026-01-15T06:50:00+00:00,2026-01-15T06:54:59.999000+00:00,93.54703156369185,94.80481129561399,92.62015503613907,93.1827602062464,149.99292726258366,13359.40319774732,4214
2026-01-15T06:55:00+00:00,2026-01-15T06:59:59.999000+00:00,93.1827602062464,93.7916837120841,91.19923242581523,92.12836594691709,126.62033468182973,13471.63538175921,4215
2026-01-15T07:00:00+00:00,2026-01-15T07:04:59.999000+00:00,92.12836594691709,93.63233476680745,91.31620349880123,92.58224907235916,103.2842477584568,12989.410355410982,4216
2026-01-15T07:05:00+00:00,2026-01-15T07:09:59.999000+00:00,92.58224907235916,94.56898694232828,91.35803730363696,93.57167184136883,106.19578428544624,9473.006437614276,4217
2026-01-15T07:10:00+00:00,2026-01-15T07:14:59.999000+00:00,93.57167184136883,94.58176975936664,91.94990956270053,92.66902048279853,132.00102100055292,12168.621572243846,4218
2026-01-15T07:15:00+00:00,2026-01-15T07:19:59.999000+00:00,92.66902048279853,96.49877547528163,91.8122764609595,94.91491529351667,137.29052674722726,10751.910212927383,4219
2026-01-15T07:20:00+00:00,2026-01-15T07:24:59.999000+00:00,94.91491529351667,97.14426326160054,94.03697877279988,95.78858381419789,100.10597799898437,9934.36085699651,4220
2026-01-15T07:25:00+00:00,2026-01-15T07:29:59.999000+00:00,95.78858381419789,98.01679587450641,94.5715750700643,97.31660110470227,127.33537480170847,12674.803137383742,4221
2026-01-15T07:30:00+00:00,2026-01-15T07:34:59.999000+00:00,97.31660110470227,101.1824851729866,96.03017787704533,99.49029186136731,133.89386269130975,13340.060458481046,4222
2026-01-15T07:35:00+00:00,2026-01-15T07:39:59.999000+00:00,99.49029186136731,103.23216521981715,98.23182849153153,102.26643957150237,114.43081438538691,14600.929381332144,4223
2026-01-15T07:40:00+00:00,2026-01-15T07:44:59.999000+00:00,102.26643957150237,104.92760274175997,101.07356658485486,104.10004414741445,121.77018158103189,14522.73880594803,4224
2026-01-15T07:45:00+00:00,2026-01-15T07:49:59.999000+00:00,104.10004414741445,106.7960694662974,102.72622373690695,105.89785869950245,102.55624533304913,10624.691585407109,4225
2026-01-15T07:50:00+00:00,2026-01-15T07:54:59.999000+00:00,105.89785869950245,109.09600864281691,105.27867333352467,107.43972041864107,113.86631706214891,14038.672219635202,4226
2026-01-15T07:55:00+00:00,2026-01-15T07:59:59.999000+00:00,107.43972041864107,108.1860303085754,106.35975290378194,107.37744815771013,101.22067743016943,11032.891577924453,4227
2026-01-15T08:00:00+00:00,2026-01-15T08:04:59.999000+00:00,107.37744815771013,108.67771269670844,105.97314796238088,108.02551134618517,122.16918546069218,15135.655197463886,4228
2026-01-15T08:05:00+00:00,2026-01-15T08:09:59.999000+00:00,108.02551134618517,108.55485993691899,107.01121097414016,107.91764724645103,131.08169565422247,14569.252091353597,4229
2026-01-15T08:10:00+00:00,2026-01-15T08:14:59.999000+00:00,107.91764724645103,108.96847960652154,105.82290185735427,107.57253969291963,122.99478721464536,15479.608834157852,4230
2026-01-15T08:15:00+00:00,2026-01-15T08:19:59.999000+00:00,107.57253969291963,108.96268411424953,105.95705638211732,107.09100815189781,100.62055784804556,15497.515448852659,4231
2026-01-15T08:20:00+00:00,2026-01-15T08:24:59.999000+00:00,107.09100815189781,108.0746664434886,104.98964456831385,106.163534230795,119.70311714323987,15094.280663333642,4232
2026-01-15T08:25:00+00:00,2026-01-15T08:29:59.999000+00:00,106.163534230795,106.78671207350929,104.11576412619884,105.77988236702814,137.85773323141117,13678.169853048948,4233
2026-01-15T08:30:00+00:00,2026-01-15T08:34:59.999000+00:00,105.77988236702814,107.55469631150729,105.18103777207287,105.94798411038094,113.77966286851706,13940.245328188827,4234
2026-01-15T08:35:00+00:00,2026-01-15T08:39:59.999000+00:00,105.94798411038094,107.62275880290724,104.72913689167648,105.53222172211198,137.67377094714107,13270.886854601244,4235
2026-01-15T08:40:00+00:00,2026-01-15T08:44:59.999000+00:00,105.53222172211198,106.57000672603304,104.57393113484571,105.6341652223023,135.72532754273777,15403.698752023764,4236
2026-01-15T08:45:00+00:00,2026-01-15T08:49:59.999000+00:00,105.6341652223023,107.32564966743654,104.52408915411921,105.29391689855086,145.6474796399226,13652.090429674432,4237
2026-01-15T08:50:00+00:00,2026-01-15T08:54:59.999000+00:00,105.29391689855086,106.05011310665898,103.9401348180481,105.30021696495643,130.40981616996984,15310.185283890261,4238
2026-01-15T08:55:00+00:00,2026-01-15T08:59:59.999000+00:00,105.30021696495643,107.46562605862073,104.58985660910905,105.94275679498104,110.72454885036508,15764.814345234046,4239
2026-01-15T09:00:00+00:00,2026-01-15T09:04:59.999000+00:00,105.94275679498104,107.5002996722415,104.54141108358654,106.78085893939208,136.49124172659396,11333.52341474587,4240
2026-01-15T09:05:00+00:00,2026-01-15T09:09:59.999000+00:00,106.78085893939208,107.65471639484622,105.28607862469563,106.72176254677902,125.42175613153606,15457.168404232018,4241
2026-01-15T09:10:00+00:00,2026-01-15T09:14:59.999000+00:00,106.72176254677902,109.04408285913291,105.5206518719061,107.88554974253691,111.68008509109146,15587.676599709377,4242
2026-01-15T09:15:00+00:00,2026-01-15T09:19:59.999000+00:00,107.88554974253691,109.06479040843422,104.98711837638982,106.1039397593877,127.50651113385999,12396.602773051696,4243
2026-01-15T09:20:00+00:00,2026-01-15T09:24:59.999000+00:00,106.1039397593877,106.9383525758698,105.0562891749355,106.30045242855033,147.01097997416758,15611.487272219483,4244
2026-01-15T09:25:00+00:00,2026-01-15T09:29:59.999000+00:00,106.30045242855033,107.56688993742306,103.69207896072604,105.18732209751867,131.92326716574354,11801.351547991706,4245
2026-01-15T09:30:00+00:00,2026-01-15T09:34:59.999000+00:00,105.18732209751867,106.71336380093356,102.09768551563225,102.91973971442053,112.14307991775341,10427.573147375275,4246
2026-01-15T09:35:00+00:00,2026-01-15T09:39:59.999000+00:00,102.91973971442053,104.06671436421522,99.95037811750976,100.59950596672627,106.5574949476043,14748.154941721747,4247
2026-01-15T09:40:00+00:00,2026-01-15T09:44:59.999000+00:00,100.59950596672627,102.11646900645049,97.1949741082101,98.44543375626144,120.73396761202537,13061.471203431573,4248
2026-01-15T09:45:00+00:00,2026-01-15T09:49:59.999000+00:00,98.44543375626144,100.19780215367058,94.50485365976854,95.89848114575462,110.37222096486225,13134.611132407726,4249
2026-01-15T09:50:00+00:00,2026-01-15T09:54:59.999000+00:00,95.89848114575462,97.44510876709381,93.71356626994515,94.72797504758402,111.77489234866938,11964.929051343877,4250
2026-01-15T09:55:00+00:00,2026-01-15T09:59:59.999000+00:00,94.72797504758402,95.9399597401505,91.12137746307997,92.62752808483512,110.25237728814635,13204.928925466695,4251
2026-01-15T10:00:00+00:00,2026-01-15T10:04:59.999000+00:00,92.62752808483512,94.0041741574594,90.78733069903038,91.88492921296992,117.26376034966283,10835.584589661697,4252
2026-01-15T10:05:00+00:00,2026-01-15T10:09:59.999000+00:00,91.88492921296992,92.94136027299493,90.39195600122603,91.16388268641691,126.6115008605897,10404.368699138537,4253
2026-01-15T10:10:00+00:00,2026-01-15T10:14:59.999000+00:00,91.16388268641691,93.3102579031958,89.98405573556515,91.56986472217645,132.41319728712634,10311.444364593719,4254
2026-01-15T10:15:00+00:00,2026-01-15T10:19:59.999000+00:00,91.56986472217645,92.93172569092734,90.41506258026037,91.94273097143974,119.88598452511852,10716.799529915826,4255
2026-01-15T10:20:00+00:00,2026-01-15T10:24:59.999000+00:00,91.94273097143974,93.23450942338245,91.17119141769716,91.85851285504785,141.44303289370924,11860.290745152575,4256
2026-01-15T10:25:00+00:00,2026-01-15T10:29:59.999000+00:00,91.85851285504785,94.09550086361509,90.18641236340827,93.5626322278069,112.03112079991573,11398.229048053017,4257
2026-01-15T10:30:00+00:00,2026-01-15T10:34:59.999000+00:00,93.5626322278069,96.0030398111621,92.76824240037584,94.50415806374237,114.72298887968861,10554.30018493362,4258
2026-01-15T10:35:00+00:00,2026-01-15T10:39:59.999000+00:00,94.50415806374237,95.31159981218315,93.84298826312605,94.59365744915986,113.73683561177769,12842.559925643647,4259
2026-01-15T10:40:00+00:00,2026-01-15T10:44:59.999000+00:00,94.59365744915986,96.12813150063619,92.89714897823599,94.49860357768632,109.44437906085197,12626.051079651954,4260
2026-01-15T10:45:00+00:00,2026-01-15T10:49:59.999000+00:00,94.49860357768632,95.67059449069914,93.15438032837501,94.3525538116273,119.93981131998692,12874.533683423622,4261
2026-01-15T10:50:00+00:00,2026-01-15T10:54:59.999000+00:00,94.3525538116273,95.75410978628727,92.76304414460361,94.74564874822049,114.35229879802772,12628.398689333393,4262
2026-01-15T10:55:00+00:00,2026-01-15T10:59:59.999000+00:00,94.74564874822049,96.55312502156079,94.19292312603918,95.42761329351706,139.11944277215525,9782.534002490012,4263
2026-01-15T11:00:00+00:00,2026-01-15T11:04:59.999000+00:00,95.42761329351706,96.18069781913286,93.75076848605518,94.5062910182135,117.55433991966738,12823.538485110157,4264
2026-01-15T11:05:00+00:00,2026-01-15T11:09:59.999000+00:00,94.5062910182135,95.66860802443261,91.81056439620683,92.90971029312875,139.105959778656,13336.011338068656,4265
2026-01-15T11:10:00+00:00,2026-01-15T11:14:59.999000+00:00,92.90971029312875,94.41754490674106,92.33731201335375,93.29364471037543,141.19505122541858,12381.056995940542,4266
2026-01-15T11:15:00+00:00,2026-01-15T11:19:59.999000+00:00,93.29364471037543,94.69065255515122,92.38452703778195,93.83270234472064,141.37766577664704,11704.581840666664,4267
2026-01-15T11:20:00+00:00,2026-01-15T11:24:59.999000+00:00,93.83270234472064,94.83412333063657,91.23084587362395,92.81173800315996,147.33763464980433,13602.851735578424,4268
2026-01-15T11:25:00+00:00,2026-01-15T11:29:59.999000+00:00,92.81173800315996,96.36000457216173,92.06799377337516,94.81145119703767,138.87519892666867,10999.813044952174,4269
2026-01-15T11:30:00+00:00,2026-01-15T11:34:59.999000+00:00,94.81145119703767,96.82241809011673,93.54770197961425,95.30557063940874,114.58696497048048,12750.754510757091,4270
2026-01-15T11:35:00+00:00,2026-01-15T11:39:59.999000+00:00,95.30557063940874,97.495127597055,94.0118341906679,96.880439320769,118.75159550280858,13141.511298846199,4271
2026-01-15T11:40:00+00:00,2026-01-15T11:44:59.999000+00:00,96.880439320769,98.9840639867712,95.53190274692342,97.7943285158617,147.61380269150055,11715.092741890596,4272
2026-01-15T11:45:00+00:00,2026-01-15T11:49:59.999000+00:00,97.7943285158617,100.9503736399019,96.4132594782149,100.1519552003359,118.26707479800758,14449.549629677662,4273
2026-01-15T11:50:00+00:00,2026-01-15T11:54:59.999000+00:00,100.1519552003359,103.1536588121757,99.457071158235,101.97524183749253,126.68113798171817,12887.412639929456,4274
2026-01-15T11:55:00+00:00,2026-01-15T11:59:59.999000+00:00,101.97524183749253,105.80872712629677,101.3464940034919,105.2851760223619,138.54808241907153,12064.853894774255,4275
2026-01-15T12:00:00+00:00,2026-01-15T12:04:59.999000+00:00,105.2851760223619,107.43759523962976,103.64613780231849,105.68982083041612,143.64103406893753,14524.02041600728,4276
2026-01-15T12:05:00+00:00,2026-01-15T12:09:59.999000+00:00,105.68982083041612,108.6713845457745,105.05056305283146,107.99526010299938,136.25784951022428,15592.921610414342,4277
2026-01-15T12:10:00+00:00,2026-01-15T12:14:59.999000+00:00,107.99526010299938,109.15360781821637,106.9087214222014,108.38981569545953,112.05199832898818,13629.57643078543,4278
2026-01-15T12:15:00+00:00,2026-01-15T12:19:59.999000+00:00,108.38981569545953,110.04087753123106,107.45873335971672,108.17585349329114,139.0438738373556,12956.43238302507,4279
2026-01-15T12:20:00+00:00,2026-01-15T12:24:59.999000+00:00,108.17585349329114,110.28329339729986,107.37080828428581,108.59575545397186,122.72497812696892,11417.97907733366,4280
2026-01-15T12:25:00+00:00,2026-01-15T12:29:59.999000+00:00,108.59575545397186,109.51652048063005,107.10687758077798,108.05325493723436,134.44445389339245,13192.483548607457,4281
2026-01-15T12:30:00+00:00,2026-01-15T12:34:59.999000+00:00,108.05325493723436,108.91170661737071,106.93095004881302,107.81373441259373,109.74562224405894,15046.92483809515,4282
2026-01-15T12:35:00+00:00,2026-01-15T12:39:59.999000+00:00,107.81373441259373,109.26769569466057,106.1424456151747,106.8581586941372,125.32560445340633,13215.599412847969,4283
2026-01-15T12:40:00+00:00,2026-01-15T12:44:59.999000+00:00,106.8581586941372,107.63906767857429,103.99842977143257,105.0043544610229,138.86504998097837,12603.933333462333,4284
2026-01-15T12:45:00+00:00,2026-01-15T12:49:59.999000+00:00,105.0043544610229,106.78066439134929,104.07277376602612,105.04052808721529,149.90248608405517,12423.542693942507,4285
2026-01-15T12:50:00+00:00,2026-01-15T12:54:59.999000+00:00,105.04052808721529,105.92033272168514,103.29800434116528,104.36834626948627,122.08425197569669,14994.766052068424,4286
2026-01-15T12:55:00+00:00,2026-01-15T12:59:59.999000+00:00,104.36834626948627,105.95565411408492,103.71070341553104,104.95382665994467,108.47856501390129,14600.52172099358,4287
2026-01-15T13:00:00+00:00,2026-01-15T13:04:59.999000+00:00,104.95382665994467,105.5453071125342,102.7206069423733,104.50590167094289,142.97065793377294,14278.595874688275,4288
2026-01-15T13:05:00+00:00,2026-01-15T13:09:59.999000+00:00,104.50590167094289,107.16325144132487,102.981420691161,105.67383582845622,141.39196081588307,14828.59760012029,4289
2026-01-15T13:10:00+00:00,2026-01-15T13:14:59.999000+00:00,105.67383582845622,107.78654969468353,104.86829426442472,106.28862411663556,133.52359132920546,10905.909211882208,4290
2026-01-15T13:15:00+00:00,2026-01-15T13:19:59.999000+00:00,106.28862411663556,108.15664664066554,105.42616044630218,106.92009546377582,148.17341574191062,13018.651711535924,4291
2026-01-15T13:20:00+00:00,2026-01-15T13:24:59.999000+00:00,106.92009546377582,108.24739115382894,105.03188192777851,106.47237149408625,119.81618495963495,13402.568064740006,4292
2026-01-15T13:25:00+00:00,2026-01-15T13:29:59.999000+00:00,106.47237149408625,107.8635265088433,105.82671321372969,107.0288499128332,148.09231220403151,12565.322100867223,4293
2026-01-15T13:30:00+00:00,2026-01-15T13:34:59.999000+00:00,107.0288499128332,108.53808314682004,104.74595382722653,105.45143910649976,108.35393030488919,12884.315309545502,4294
2026-01-15T13:35:00+00:00,2026-01-15T13:39:59.999000+00:00,105.45143910649976,106.98578331822192,104.78545517970416,105.88734922926237,130.0497130894026,15787.348467295513,4295
2026-01-15T13:40:00+00:00,2026-01-15T13:44:59.999000+00:00,105.88734922926237,106.44295484489922,102.99506382513412,104.12977101166004,127.71640407314146,14662.763177827008,4296
2026-01-15T13:45:00+00:00,2026-01-15T13:49:59.999000+00:00,104.12977101166004,105.41751233282046,100.99888235112321,101.83129261339046,112.2660645202527,13512.043513454839,4297
2026-01-15T13:50:00+00:00,2026-01-15T13:54:59.999000+00:00,101.83129261339046,102.74184188146107,98.97130137001771,99.6209965950147,127.34896356685937,10645.810866138594,4298
2026-01-15T13:55:00+00:00,2026-01-15T13:59:59.999000+00:00,99.6209965950147,101.13748261347351,95.9244155821111,97.69113812132309,116.26765906434821,12105.391536971445,4299
2026-01-15T14:00:00+00:00,2026-01-15T14:04:59.999000+00:00,97.69113812132309,98.88525608753866,95.13248176725206,95.77809355972558,148.12467476198353,14107.902604262248,4300
2026-01-15T14:05:00+00:00,2026-01-15T14:09:59.999000+00:00,95.77809355972558,97.35190269773669,93.73449112052083,94.66542037633879,120.27989085454901,13730.94305715687,4301
2026-01-15T14:10:00+00:00,2026-01-15T14:14:59.999000+00:00,94.66542037633879,95.34388145076079,92.63519958532996,93.14076268683007,106.3585400503959,9679.605771528644,4302
2026-01-15T14:15:00+00:00,2026-01-15T14:19:59.999000+00:00,93.14076268683007,94.46718882667153,91.67799540789126,92.2108859091351,107.46326639578416,10191.761471328544,4303
2026-01-15T14:20:00+00:00,2026-01-15T14:24:59.999000+00:00,92.2108859091351,92.740957247004,90.14599081514267,91.17442179142638,120.72418955132218,12232.294312020316,4304
2026-01-15T14:25:00+00:00,2026-01-15T14:29:59.999000+00:00,91.17442179142638,92.91175179232866,90.40400245654216,91.42317774712538,111.13504433146258,10810.982366702254,4305
2026-01-15T14:30:00+00:00,2026-01-15T14:34:59.999000+00:00,91.42317774712538,93.14883617940754,90.8857324754489,92.32820351193739,101.90904843791634,9303.95435424118,4306
2026-01-15T14:35:00+00:00,2026-01-15T14:39:59.999000+00:00,92.32820351193739,93.17798462623229,90.97712376204953,92.62085390676123,103.10756523219399,11435.794151619504,4307
2026-01-15T14:40:00+00:00,2026-01-15T14:44:59.999000+00:00,92.62085390676123,93.53673453579546,90.94269361454236,92.83922107998484,109.6189514349101,10967.408888834654,4308
2026-01-15T14:45:00+00:00,2026-01-15T14:49:59.999000+00:00,92.83922107998484,94.239719706447,92.16311584327136,93.13313296815302,120.72296035315001,12802.861617027404,4309
2026-01-15T14:50:00+00:00,2026-01-15T14:54:59.999000+00:00,93.13313296815302,95.24396288644049,92.61334087725386,94.31261975575053,102.45373782823226,13404.134656782848,4310
2026-01-15T14:55:00+00:00,2026-01-15T14:59:59.999000+00:00,94.31261975575053,95.45697487982282,93.36694171482277,94.78682631930457,136.81439538642243,13605.826174407086,4311
2026-01-15T15:00:00+00:00,2026-01-15T15:04:59.999000+00:00,94.78682631930457,97.3186829557063,93.4720686815605,95.71017113159941,134.1830574624223,14320.795480766896,4312
2026-01-15T15:05:00+00:00,2026-01-15T15:09:59.999000+00:00,95.71017113159941,97.22071782058917,94.20232600170097,94.91349753110018,131.9533737753278,11292.357066941875,4313
2026-01-15T15:10:00+00:00,2026-01-15T15:14:59.999000+00:00,94.91349753110018,96.36056869024391,92.61904007095049,94.40896365143685,133.91444223906456,10001.375461885338,4314
2026-01-15T15:15:00+00:00,2026-01-15T15:19:59.999000+00:00,94.40896365143685,95.79407152981874,93.52451489382699,95.11535340192587,149.78488817405886,13415.681004639328,4315
2026-01-15T15:20:00+00:00,2026-01-15T15:24:59.999000+00:00,95.11535340192587,96.74204314425421,93.36154674669687,94.39664321863674,138.69178267151366,9634.972294733803,4316
2026-01-15T15:25:00+00:00,2026-01-15T15:29:59.999000+00:00,94.39664321863674,95.57707223127998,93.16332226577191,94.38554822489645,133.0294262360421,10987.103782026898,4317
2026-01-15T15:30:00+00:00,2026-01-15T15:34:59.999000+00:00,94.38554822489645,95.30296476900584,92.97119810818955,94.00379150581813,105.62858805090274,11472.332016746217,4318
2026-01-15T15:35:00+00:00,2026-01-15T15:39:59.999000+00:00,94.00379150581813,95.33191315454835,92.28805762250263,94.48106966952295,125.80793515816073,13622.905819225694,4319
2026-01-15T15:40:00+00:00,2026-01-15T15:44:59.999000+00:00,94.48106966952295,96.97862154756105,93.26804390942975,95.25692828854719,121.67470695810995,14259.342232975967,4320
2026-01-15T15:45:00+00:00,2026-01-15T15:49:59.999000+00:00,95.25692828854719,96.83622821840348,93.853271302985,95.95809387094259,108.77544318298476,9629.910578979068,4321
2026-01-15T15:50:00+00:00,2026-01-15T15:54:59.999000+00:00,95.95809387094259,98.49331803618178,94.26093180636529,96.85445672070365,119.35438835051687,10316.300127089946,4322
2026-01-15T15:55:00+00:00,2026-01-15T15:59:59.999000+00:00,96.85445672070365,101.32853911931144,95.41029579651241,100.1816513775169,129.52636448832862,10441.980866371032,4323
2026-01-15T16:00:00+00:00,2026-01-15T16:04:59.999000+00:00,100.1816513775169,101.9805733483974,98.66130073851257,101.35421644069133,140.29790959436951,11677.764724980956,4324
2026-01-15T16:05:00+00:00,2026-01-15T16:09:59.999000+00:00,101.35421644069133,104.1037791312676,100.51474620607328,102.9549630250591,137.2736252650209,13171.591484866334,4325
2026-01-15T16:10:00+00:00,2026-01-15T16:14:59.999000+00:00,102.9549630250591,106.66502083134833,101.72944288580169,105.67444416649775,149.73338231519858,15197.882778029478,4326
2026-01-15T16:15:00+00:00,2026-01-15T16:19:59.999000+00:00,105.67444416649775,108.02542404624998,104.41785087611532,106.72725295563139,146.98115801087576,15247.251128790476,4327
2026-01-15T16:20:00+00:00,2026-01-15T16:24:59.999000+00:00,106.72725295563139,109.65298337477596,105.7613612367138,108.97357254869195,115.21432651900686,15306.210264125219,4328
2026-01-15T16:25:00+00:00,2026-01-15T16:29:59.999000+00:00,108.97357254869195,110.54848436717462,108.10129289298155,108.67104936792644,148.47350249117392,11819.203303713888,4329
2026-01-15T16:30:00+00:00,2026-01-15T16:34:59.999000+00:00,108.67104936792644,110.09236396497958,107.04170415385268,108.43594227774634,131.73052708348922,14763.337068595441,4330
2026-01-15T16:35:00+00:00,2026-01-15T16:39:59.999000+00:00,108.43594227774634,109.53487939800434,107.2392094367901,108.95006200254413,145.20118327723168,12681.351032160901,4331
2026-01-15T16:40:00+00:00,2026-01-15T16:44:59.999000+00:00,108.95006200254413,109.97724940801153,106.50519079512296,107.80179220339713,148.14496754185183,11052.653560025048,4332
2026-01-15T16:45:00+00:00,2026-01-15T16:49:59.999000+00:00,107.80179220339713,109.44572913737049,106.12795222379985,107.02101563238993,141.9594472803222,11926.86948972072,4333
2026-01-15T16:50:00+00:00,2026-01-15T16:54:59.999000+00:00,107.02101563238993,107.7738216109763,105.21114225932524,105.97509342349075,134.0720772241433,14008.440006651113,4334
2026-01-15T16:55:00+00:00,2026-01-15T16:59:59.999000+00:00,105.97509342349075,107.65453758058547,104.02772260898443,105.41517310588753,113.23603055045655,14986.747711274933,4335
2026-01-15T17:00:00+00:00,2026-01-15T17:04:59.999000+00:00,105.41517310588753,106.7943129427429,102.95583255198282,104.5901010977465,130.46779278726856,12655.608316291942,4336
2026-01-15T17:05:00+00:00,2026-01-15T17:09:59.999000+00:00,104.5901010977465,106.94052285406538,102.82505428769824,105.45366201818219,130.51458488544546,13048.896882225283,4337
2026-01-15T17:10:00+00:00,2026-01-15T17:14:59.999000+00:00,105.45366201818219,107.0932340757066,103.5641221838082,105.30226772144181,118.84278072222531,14542.04938669618,4338
2026-01-15T17:15:00+00:00,2026-01-15T17:19:59.999000+00:00,105.30226772144181,106.90199295781485,103.27290917936939,104.07805361939475,112.16681843192137,15403.654721751287,4339
2026-01-15T17:20:00+00:00,2026-01-15T17:24:59.999000+00:00,104.07805361939475,106.8836779417066,103.52102023150661,105.67444646020076,135.89460771137888,13388.010487153428,4340
2026-01-15T17:25:00+00:00,2026-01-15T17:29:59.999000+00:00,105.67444646020076,106.86463650894164,104.66582480146067,105.43821892765186,142.27157239388362,14356.922957410992,4341
2026-01-15T17:30:00+00:00,2026-01-15T17:34:59.999000+00:00,105.43821892765186,107.62312699433441,103.77751038111981,106.57264251977952,138.96922715838605,12336.430166966262,4342
2026-01-15T17:35:00+00:00,2026-01-15T17:39:59.999000+00:00,106.57264251977952,107.29295453122576,104.44405429919095,106.14813006036651,133.64739485800686,11009.998582064089,4343
2026-01-15T17:40:00+00:00,2026-01-15T17:44:59.999000+00:00,106.14813006036651,107.1795874970891,103.88293627261784,105.67909310806972,118.2033411770472,11237.910957135538,4344
2026-01-15T17:45:00+00:00,2026-01-15T17:49:59.999000+00:00,105.67909310806972,106.99006723958891,103.54057088942943,104.60533962182343,132.75441264122108,12953.076728673745,4345
2026-01-15T17:50:00+00:00,2026-01-15T17:54:59.999000+00:00,104.60533962182343,105.72859256800682,102.50914399816168,103.82149071779014,127.49459558989334,13945.437806513544,4346
2026-01-15T17:55:00+00:00,2026-01-15T17:59:59.999000+00:00,103.82149071779014,104.35865843090335,100.42772036142472,102.14391486296986,116.35245455589344,10426.840260786154,4347
2026-01-15T18:00:00+00:00,2026-01-15T18:04:59.999000+00:00,102.14391486296986,103.73433265005492,99.3263856756345,100.6254989694902,111.03363174892864,14294.41494483059,4348
2026-01-15T18:05:00+00:00,2026-01-15T18:09:59.999000+00:00,100.6254989694902,101.7803605758187,97.2026864338781,98.80057075767316,105.67475784247087,11458.969750738526,4349
2026-01-15T18:10:00+00:00,2026-01-15T18:14:59.999000+00:00,98.80057075767316,100.34102739033183,94.82469924072193,96.53876022380938,144.09906821189085,9810.567067510052,4350
2026-01-15T18:15:00+00:00,2026-01-15T18:19:59.999000+00:00,96.53876022380938,97.87045042939462,94.01626739799153,94.88100342720738,119.68346795578317,12679.967330027537,4351
2026-01-15T18:20:00+00:00,2026-01-15T18:24:59.999000+00:00,94.88100342720738,96.0135365553296,92.65196594732937,93.3677031605894,120.55675057062398,10996.319304925211,4352
2026-01-15T18:25:00+00:00,2026-01-15T18:29:59.999000+00:00,93.3677031605894,94.0287410466213,90.83789338789401,92.37870152149321,145.5243001652784,13446.379306847613,4353
2026-01-15T18:30:00+00:00,2026-01-15T18:34:59.999000+00:00,92.37870152149321,93.82233992076031,91.31741146308171,91.92550749150043,102.3007914164677,9790.852462952807,4354
2026-01-15T18:35:00+00:00,2026-01-15T18:39:59.999000+00:00,91.92550749150043,93.48050119699329,90.79070507996362,91.38159747048186,124.9495317312255,13085.605027577403,4355
2026-01-15T18:40:00+00:00,2026-01-15T18:44:59.999000+00:00,91.38159747048186,93.04443611065014,89.94925143651115,91.45494118772609,123.02982064856876,10511.447936565235,4356
2026-01-15T18:45:00+00:00,2026-01-15T18:49:59.999000+00:00,91.45494118772609,93.06310184437268,89.59522796657207,91.04578615529519,125.89148671287326,11887.918721128737,4357
2026-01-15T18:50:00+00:00,2026-01-15T18:54:59.999000+00:00,91.04578615529519,93.78350625883805,90.38060092752329,92.69301602434294,131.30654170315648,9595.625794906018,4358
2026-01-15T18:55:00+00:00,2026-01-15T18:59:59.999000+00:00,92.69301602434294,94.14754546511539,90.98691071159901,92.68558663539797,116.86889334330235,12933.978411546652,4359
2026-01-15T19:00:00+00:00,2026-01-15T19:04:59.999000+00:00,92.68558663539797,94.7117704468604,91.61112743287866,94.07820907134298,149.0699336587116,10410.14021579737,4360
2026-01-15T19:05:00+00:00,2026-01-15T19:09:59.999000+00:00,94.07820907134298,95.57801916990262,93.5760801589019,94.74038488782897,119.83134468075113,9619.701155372286,4361
2026-01-15T19:10:00+00:00,2026-01-15T19:14:59.999000+00:00,94.74038488782897,96.53088584357019,94.06582000019525,95.29839069133178,130.8502673068198,10232.245897450972,4362
2026-01-15T19:15:00+00:00,2026-01-15T19:19:59.999000+00:00,95.29839069133178,96.73652545609923,94.14876826995062,95.86484752464618,138.00896475281533,13330.248437053413,4363
2026-01-15T19:20:00+00:00,2026-01-15T19:24:59.999000+00:00,95.86484752464618,97.392113740119,94.19445457761563,95.90292419259524,105.71460311519894,9736.586102648476,4364
2026-01-15T19:25:00+00:00,2026-01-15T19:29:59.999000+00:00,95.90292419259524,96.69148560789795,93.88955991351902,94.61413929172174,127.08557113638895,10401.360222168281,4365
2026-01-15T19:30:00+00:00,2026-01-15T19:34:59.999000+00:00,94.61413929172174,97.03677550933601,94.11091065744134,95.24667926875678,145.3372842219461,13439.879485702815,4366
2026-01-15T19:35:00+00:00,2026-01-15T19:39:59.999000+00:00,95.24667926875678,96.69365399780891,93.33081329235867,94.99179504781989,122.89309490951248,12759.842609991652,4367
2026-01-15T19:40:00+00:00,2026-01-15T19:44:59.999000+00:00,94.99179504781989,95.56428770218929,93.21157145818341,94.65348281003587,110.9294070679397,10826.511549744635,4368
2026-01-15T19:45:00+00:00,2026-01-15T19:49:59.999000+00:00,94.65348281003587,96.37664641597208,93.16459458100302,94.58219465710698,136.0262955034505,14127.726057216061,4369
2026-01-15T19:50:00+00:00,2026-01-15T19:54:59.999000+00:00,94.58219465710698,95.64683230086938,92.81308113651193,94.32776639046816,136.7209864190262,9670.352759392186,4370
2026-01-15T19:55:00+00:00,2026-01-15T19:59:59.999000+00:00,94.32776639046816,97.23543428932241,93.82184483818324,95.71114936481901,116.40032315447095,13062.243912207645,4371
2026-01-15T20:00:00+00:00,2026-01-15T20:04:59.999000+00:00,95.71114936481901,97.55800984946845,94.96325305922423,96.26908430784415,102.37905441110317,11819.01308655397,4372
2026-01-15T20:05:00+00:00,2026-01-15T20:09:59.999000+00:00,96.26908430784415,100.26649293117345,95.649026480944,98.63946960610487,135.59087979527425,14178.218503102851,4373
2026-01-15T20:10:00+00:00,2026-01-15T20:14:59.999000+00:00,98.63946960610487,100.62262337464067,97.97863889554718,99.69969758434343,119.22916038557047,12710.62438907348,4374
2026-01-15T20:15:00+00:00,2026-01-15T20:19:59.999000+00:00,99.69969758434343,102.67369879812578,98.7925872472965,101.93680433940706,101.87638217232404,12886.014612631183,4375
2026-01-15T20:20:00+00:00,2026-01-15T20:24:59.999000+00:00,101.93680433940706,105.62515379224725,101.37108975053022,104.19095137241949,103.48142731503096,14704.29824813704,4376
2026-01-15T20:25:00+00:00,2026-01-15T20:29:59.999000+00:00,104.19095137241949,107.1759400650347,102.69291528332539,105.92011737935925,128.2518374196821,12023.454756705474,4377
2026-01-15T20:30:00+00:00,2026-01-15T20:34:59.999000+00:00,105.92011737935925,110.22330157388456,104.32970229533265,108.42793695291391,105.88228656752918,13496.764127332879,4378
2026-01-15T20:35:00+00:00,2026-01-15T20:39:59.999000+00:00,108.42793695291391,109.35311923504247,106.84712492733132,108.12747930211994,101.64893001478707,11337.326379517071,4379
2026-01-15T20:40:00+00:00,2026-01-15T20:44:59.999000+00:00,108.12747930211994,110.8507086086218,106.88563491502106,109.6030490119414,124.67947930144017,13206.334298177402,4380
2026-01-15T20:45:00+00:00,2026-01-15T20:49:59.999000+00:00,109.6030490119414,110.96729058461433,108.5885740948565,109.5774588597538,141.0472474748638,16395.443986771443,4381
2026-01-15T20:50:00+00:00,2026-01-15T20:54:59.999000+00:00,109.5774588597538,110.37059980644956,107.63960776815016,109.0419960539207,126.73144778030269,12611.494941546925,4382
2026-01-15T20:55:00+00:00,2026-01-15T20:59:59.999000+00:00,109.0419960539207,110.27072021119035,107.49081084368513,108.60528245787944,137.50435590959526,12382.99317171285,4383
2026-01-15T21:00:00+00:00,2026-01-15T21:04:59.999000+00:00,108.60528245787944,110.18480214388903,105.98978009573119,107.1754197840979,145.64382661513773,11955.03366647747,4384
2026-01-15T21:05:00+00:00,2026-01-15T21:09:59.999000+00:00,107.1754197840979,108.13781315874654,104.2635264734437,106.03855820455207,144.40524235439142,15044.30779096345,4385
2026-01-15T21:10:00+00:00,2026-01-15T21:14:59.999000+00:00,106.03855820455207,107.32687579374475,104.62578548985024,105.40596937497557,143.25480697453386,14168.917607592593,4386
2026-01-15T21:15:00+00:00,2026-01-15T21:19:59.999000+00:00,105.40596937497557,106.63030601131815,104.35589855178077,105.21150249680858,131.247317197289,15048.71903074636,4387
2026-01-15T21:20:00+00:00,2026-01-15T21:24:59.999000+00:00,105.21150249680858,106.7325632763374,103.29514008585895,103.96347832213011,110.74769430599014,14851.97270167545,4388
2026-01-15T21:25:00+00:00,2026-01-15T21:29:59.999000+00:00,103.96347832213011,105.79415987038708,102.79252526210882,104.12024989088006,113.01168140026805,14787.052399006689,4389
2026-01-15T21:30:00+00:00,2026-01-15T21:34:59.999000+00:00,104.12024989088006,104.98516546135492,102.53844361018093,104.38636010841267,103.20619151970855,15640.54478548397,4390
2026-01-15T21:35:00+00:00,2026-01-15T21:39:59.999000+00:00,104.38636010841267,104.97907814369071,102.70127622149998,104.16741723068968,121.65700454476735,13346.436915772932,4391
2026-01-15T21:40:00+00:00,2026-01-15T21:44:59.999000+00:00,104.16741723068968,106.02444170920246,102.64492719664206,104.92686220083796,124.43295677994186,12474.86700678908,4392
2026-01-15T21:45:00+00:00,2026-01-15T21:49:59.999000+00:00,104.92686220083796,106.22496425334828,103.56988722907012,105.13398000072613,123.27349003151915,12370.573719797778,4393
2026-01-15T21:50:00+00:00,2026-01-15T21:54:59.999000+00:00,105.13398000072613,106.17290294346789,103.63330708642378,105.00106275247623,136.08412964559318,10577.403374056974,4394
2026-01-15T21:55:00+00:00,2026-01-15T21:59:59.999000+00:00,105.00106275247623,105.94074645276966,104.28842346880302,105.19192231153838,147.40726798452795,11863.063785078888,4395
2026-01-15T22:00:00+00:00,2026-01-15T22:04:59.999000+00:00,105.19192231153838,106.176148356526,103.37377393449734,104.46431026430649,143.92503666206017,14469.689053536495,4396
2026-01-15T22:05:00+00:00,2026-01-15T22:09:59.999000+00:00,104.46431026430649,106.17559834394474,102.34039942455877,102.96238624496102,112.29665864594915,15324.133711447796,4397
2026-01-15T22:10:00+00:00,2026-01-15T22:14:59.999000+00:00,102.96238624496102,104.72269047197618,101.79252819926089,102.33721288329596,106.38417156885276,11124.508364375664,4398
2026-01-15T22:15:00+00:00,2026-01-15T22:19:59.999000+00:00,102.33721288329596,103.22703618645068,98.79514621044886,99.7266221988635,106.82685692152896,13249.333814841712,4399
2026-01-15T22:20:00+00:00,2026-01-15T22:24:59.999000+00:00,99.7266221988635,101.0403604920028,97.08164055267146,98.74691294747949,123.16651499507422,13201.91443208632,4400
2026-01-15T22:25:00+00:00,2026-01-15T22:29:59.999000+00:00,98.74691294747949,99.6337443470509,94.75222458957985,95.48881693699421,110.8429438482542,13706.872942262693,4401
2026-01-15T22:30:00+00:00,2026-01-15T22:34:59.999000+00:00,95.48881693699421,96.89685716355082,92.17120403964947,93.603995486039,133.5350580753311,9536.162385439433,4402
2026-01-15T22:35:00+00:00,2026-01-15T22:39:59.999000+00:00,93.603995486039,94.2496824489798,92.07283652779155,92.9389886835095,103.45898524836781,9990.287541284128,4403
2026-01-15T22:40:00+00:00,2026-01-15T22:44:59.999000+00:00,92.9389886835095,93.85671383554168,90.51322766807432,91.69183282461604,120.94541123087127,11294.286323260498,4404
2026-01-15T22:45:00+00:00,2026-01-15T22:49:59.999000+00:00,91.69183282461604,93.13330088964871,89.53994489866601,90.37004530656212,107.44180104738976,9485.412620172421,4405
2026-01-15T22:50:00+00:00,2026-01-15T22:54:59.999000+00:00,90.37004530656212,92.36525522264179,88.70377354979387,91.03246819734534,146.372235919117,11938.785220276666,4406
2026-01-15T22:55:00+00:00,2026-01-15T22:59:59.999000+00:00,91.03246819734534,91.5483982266137,89.30814110128864,90.18170786088164,127.28313685573562,9540.639368979897,4407
2026-01-15T23:00:00+00:00,2026-01-15T23:04:59.999000+00:00,90.18170786088164,91.79072685250415,89.64866720945027,91.0154022890179,149.70083093300852,10028.410354751111,4408
2026-01-15T23:05:00+00:00,2026-01-15T23:09:59.999000+00:00,91.0154022890179,92.87965940759231,90.40482779059519,91.69300744513974,106.20194401763182,12206.371191507877,4409
2026-01-15T23:10:00+00:00,2026-01-15T23:14:59.999000+00:00,91.69300744513974,93.71776983384594,89.9489166403749,92.47089325293274,118.96407026180204,9753.944896293195,4410
2026-01-15T23:15:00+00:00,2026-01-15T23:19:59.999000+00:00,92.47089325293274,95.0038060653157,91.5381001849106,94.35595713586918,130.52821855165055,13330.102927251111,4411
2026-01-15T23:20:00+00:00,2026-01-15T23:24:59.999000+00:00,94.35595713586918,96.83376683058405,93.41255243185398,95.16424828201929,147.40798858988262,11273.242266915655,4412
2026-01-15T23:25:00+00:00,2026-01-15T23:29:59.999000+00:00,95.16424828201929,95.98815087847461,93.98027749784985,95.17463123653904,101.80867116962222,13681.849696642825,4413
2026-01-15T23:30:00+00:00,2026-01-15T23:34:59.999000+00:00,95.17463123653904,97.99884881365656,94.41451490676141,96.32709238062826,130.99532289837055,10828.097071497585,4414
2026-01-15T23:35:00+00:00,2026-01-15T23:39:59.999000+00:00,96.32709238062826,97.18966023802137,94.30716877050659,95.36742022954412,103.47294698982333,12212.981209754404,4415
2026-01-15T23:40:00+00:00,2026-01-15T23:44:59.999000+00:00,95.36742022954412,97.26345848827653,93.63698645960932,95.72703006068674,129.56199612934273,11889.758165811281,4416
2026-01-15T23:45:00+00:00,2026-01-15T23:49:59.999000+00:00,95.72703006068674,96.5083181890854,95.08091850962731,95.97269661412625,115.99941627627234,11112.857923650787,4417
2026-01-15T23:50:00+00:00,2026-01-15T23:54:59.999000+00:00,95.97269661412625,96.51044603596861,93.86100221512068,95.26508191960151,103.71776459895058,9924.494651079494,4418
2026-01-15T23:55:00+00:00,2026-01-15T23:59:59.999000+00:00,95.26508191960151,96.78099597414482,94.338526699685,95.4273543707021,140.83777820773562,12147.028976451213,4419
2026-01-16T00:00:00+00:00,2026-01-16T00:04:59.999000+00:00,95.4273543707021,95.99523152479853,94.85466113282594,95.36603976974912,120.4208816701606,12815.842717184696,4420
2026-01-16T00:05:00+00:00,2026-01-16T00:09:59.999000+00:00,95.36603976974912,96.69706783456628,94.30546071662904,95.93129939257035,120.5212299308279,9778.114251401677,4421
2026-01-16T00:10:00+00:00,2026-01-16T00:14:59.999000+00:00,95.93129939257035,96.4461169324862,93.63511030613259,95.40497073581275,124.34821237347676,11918.347750421963,4422
2026-01-16T00:15:00+00:00,2026-01-16T00:19:59.999000+00:00,95.40497073581275,98.40823390625472,93.99948839424259,97.65265724984842,124.6551000011204,14574.087527908812,4423
2026-01-16T00:20:00+00:00,2026-01-16T00:24:59.999000+00:00,97.65265724984842,100.62581916945216,96.12079481215044,99.47122141920319,134.55382308758305,13134.710850651996,4424
2026-01-16T00:25:00+00:00,2026-01-16T00:29:59.999000+00:00,99.47122141920319,102.39243747907868,98.2218282606175,101.4912303970806,117.80975406496393,12677.0645734035,4425
2026-01-16T00:30:00+00:00,2026-01-16T00:34:59.999000+00:00,101.4912303970806,103.60201164578845,100.69427924966084,103.00651852894055,117.05054306574178,12471.866758683915,4426
2026-01-16T00:35:00+00:00,2026-01-16T00:39:59.999000+00:00,103.00651852894055,106.42630967072262,101.9637414104972,104.65523798810305,126.89433175527653,14714.262877043318,4427
2026-01-16T00:40:00+00:00,2026-01-16T00:44:59.999000+00:00,104.65523798810305,107.9484447653364,103.36252927359335,106.25190963182024,133.17647162626315,13574.84946704192,4428
2026-01-16T00:45:00+00:00,2026-01-16T00:49:59.999000+00:00,106.25190963182024,108.6297453339917,105.583010917712,107.7907860401638,119.09335835479084,16017.866490182158,4429
2026-01-16T00:50:00+00:00,2026-01-16T00:54:59.999000+00:00,107.7907860401638,111.5349572358613,106.2760333106002,110.01911688720482,142.71877182089884,13250.176190919476,4430
2026-01-16T00:55:00+00:00,2026-01-16T00:59:59.999000+00:00,110.01911688720482,111.40065083721478,108.25598267193524,109.3402396388331,103.4743551487877,11039.040944741158,4431
2026-01-16T01:00:00+00:00,2026-01-16T01:04:59.999000+00:00,109.3402396388331,111.53364093324446,108.00660722924344,110.27450372218058,124.83730462186449,14083.797698016899,4432
2026-01-16T01:05:00+00:00,2026-01-16T01:09:59.999000+00:00,110.27450372218058,111.69425147463838,107.83539795334416,109.21184133192507,110.43280869828139,11801.385056928604,4433
2026-01-16T01:10:00+00:00,2026-01-16T01:14:59.999000+00:00,109.21184133192507,110.21024852031192,106.16764804298084,107.76709499637813,138.82453168870927,13850.744817374973,4434
2026-01-16T01:15:00+00:00,2026-01-16T01:19:59.999000+00:00,107.76709499637813,109.04210284961188,106.10615278438134,108.16336003521985,102.20657206782238,12401.837225669824,4435
2026-01-16T01:20:00+00:00,2026-01-16T01:24:59.999000+00:00,108.16336003521985,109.77718908021315,105.9548004291453,106.7949031527236,114.08306002375582,11329.053544015973,4436
2026-01-16T01:25:00+00:00,2026-01-16T01:29:59.999000+00:00,106.7949031527236,108.1602573405477,104.14740186439481,104.65320939128371,107.03522866300801,13460.027496494908,4437
2026-01-16T01:30:00+00:00,2026-01-16T01:34:59.999000+00:00,104.65320939128371,106.01494170414334,103.42606456353323,104.06035586321813,106.49033314837865,14764.16659068149,4438
2026-01-16T01:35:00+00:00,2026-01-16T01:39:59.999000+00:00,104.06035586321813,105.86835639995167,103.24651460244347,104.14799925469609,121.45416827945623,12331.688907871705,4439
2026-01-16T01:40:00+00:00,2026-01-16T01:44:59.999000+00:00,104.14799925469609,105.78217200074641,103.24401388543433,104.18003813265585,124.92513233211776,10595.96597966011,4440
2026-01-16T01:45:00+00:00,2026-01-16T01:49:59.999000+00:00,104.18003813265585,104.89063694726849,102.30991196647473,103.84438422455015,114.27001039410766,13626.050130920059,4441
2026-01-16T01:50:00+00:00,2026-01-16T01:54:59.999000+00:00,103.84438422455015,106.52528103556905,102.58739731958286,105.0048295547532,131.10271722164302,15341.46746320118,4442
2026-01-16T01:55:00+00:00,2026-01-16T01:59:59.999000+00:00,105.0048295547532,105.98199218502904,103.33372954010304,105.2387507644555,133.40802591806874,11291.50488753443,4443
2026-01-16T02:00:00+00:00,2026-01-16T02:04:59.999000+00:00,105.2387507644555,106.27037101237222,103.20877458348403,104.46253797587542,137.3828674642247,14998.499621026895,4444
2026-01-16T02:05:00+00:00,2026-01-16T02:09:59.999000+00:00,104.46253797587542,107.37907737625468,103.0199582205468,105.61373311311227,111.50633865571548,11845.972479750037,4445
2026-01-16T02:10:00+00:00,2026-01-16T02:14:59.999000+00:00,105.61373311311227,107.1678343955245,103.41877044414244,105.17419188876609,133.20961173563327,15612.028700853427,4446
2026-01-16T02:15:00+00:00,2026-01-16T02:19:59.999000+00:00,105.17419188876609,106.79294309841401,102.35466573034782,103.7296661203759,114.17814899754535,13384.530745709764,4447
2026-01-16T02:20:00+00:00,2026-01-16T02:24:59.999000+00:00,103.7296661203759,104.8662424683355,100.74616945318247,102.09382842901577,145.6582422061854,13566.413560701301,4448
2026-01-16T02:25:00+00:00,2026-01-16T02:29:59.999000+00:00,102.09382842901577,103.65879182854576,100.1637434949619,100.79712794592712,105.84389871008926,12260.91756535954,4449
2026-01-16T02:30:00+00:00,2026-01-16T02:34:59.999000+00:00,100.79712794592712,101.40545569490757,99.3199074333778,99.95049067876789,131.0509724125032,12185.878427223166,4450
2026-01-16T02:35:00+00:00,2026-01-16T02:39:59.999000+00:00,99.95049067876789,100.90533055181983,96.60191396226567,97.76949502534475,146.7042037031455,12740.858715626176,4451
2026-01-16T02:40:00+00:00,2026-01-16T02:44:59.999000+00:00,97.76949502534475,98.44130926299721,95.33800389520397,95.87923698054189,130.29967364697637,9999.02595345929,4452
2026-01-16T02:45:00+00:00,2026-01-16T02:49:59.999000+00:00,95.87923698054189,97.49462275345523,91.29810145790509,93.07782276616419,134.75435779255812,10853.275335991158,4453
2026-01-16T02:50:00+00:00,2026-01-16T02:54:59.999000+00:00,93.07782276616419,93.66193802639549,90.62749483899475,92.2101275644683,100.8036579775319,13454.357078504796,4454
2026-01-16T02:55:00+00:00,2026-01-16T02:59:59.999000+00:00,92.2101275644683,93.29518137889997,88.41208339086099,90.16958051000502,145.56162647268485,13022.714391043857,4455
2026-01-16T03:00:00+00:00,2026-01-16T03:04:59.999000+00:00,90.16958051000502,90.99966710992999,88.9740263500166,90.26011858860598,108.35989458639622,11175.980794746087,4456
2026-01-16T03:05:00+00:00,2026-01-16T03:09:59.999000+00:00,90.26011858860598,91.61893862111839,88.77854116151101,89.57434646956379,110.23962231835306,11920.582362117788,4457
2026-01-16T03:10:00+00:00,2026-01-16T03:14:59.999000+00:00,89.57434646956379,90.80618628135943,88.27700274265626,89.86322280864505,141.90699875132668,13360.736086865812,4458
2026-01-16T03:15:00+00:00,2026-01-16T03:19:59.999000+00:00,89.86322280864505,91.90187853925151,88.82525415439474,91.31631672153668,121.63244079829268,12263.076776607502,4459
2026-01-16T03:20:00+00:00,2026-01-16T03:24:59.999000+00:00,91.31631672153668,92.88021585420225,90.58575093024912,91.69113575546524,122.42781810620538,12909.099599689109,4460
2026-01-16T03:25:00+00:00,2026-01-16T03:29:59.999000+00:00,91.69113575546524,94.42834832917185,90.17427814962635,93.88910875024835,105.13720291195129,10014.97860640082,4461
2026-01-16T03:30:00+00:00,2026-01-16T03:34:59.999000+00:00,93.88910875024835,95.83706511329397,92.75053166444467,94.42450509987442,115.69428856061823,11868.379128191993,4462
2026-01-16T03:35:00+00:00,2026-01-16T03:39:59.999000+00:00,94.42450509987442,96.58897987088136,93.51026815413933,95.0135544128106,141.55980526957006,12603.206474841392,4463
2026-01-16T03:40:00+00:00,2026-01-16T03:44:59.999000+00:00,95.0135544128106,97.85143291406878,94.0632355501175,96.50286239400286,109.12663986009548,11728.492324091229,4464
2026-01-16T03:45:00+00:00,2026-01-16T03:49:59.999000+00:00,96.50286239400286,97.2397734555032,94.56400043553911,95.35132158370499,139.0114765864495,9801.008340271243,4465
2026-01-16T03:50:00+00:00,2026-01-16T03:54:59.999000+00:00,95.35132158370499,96.88861237410562,93.6824838889079,96.11604460588343,122.87764513110332,13754.783872650702,4466
2026-01-16T03:55:00+00:00,2026-01-16T03:59:59.999000+00:00,96.11604460588343,97.8514005453125,94.56674283020298,95.42964884677502,122.90583607210391,10885.050417753508,4467
2026-01-16T04:00:00+00:00,2026-01-16T04:04:59.999000+00:00,95.42964884677502,97.33335420000599,94.22644742450522,96.08966408217098,144.98418646304128,10797.090703685924,4468
2026-01-16T04:05:00+00:00,2026-01-16T04:09:59.999000+00:00,96.08966408217098,96.75702888849275,94.14958708889576,95.35598701015365,111.65978899924731,13602.352868541217,4469
2026-01-16T04:10:00+00:00,2026-01-16T04:14:59.999000+00:00,95.35598701015365,95.89484612961303,94.54675613612534,95.16545439808165,140.19958617160202,13885.842631016107,4470
2026-01-16T04:15:00+00:00,2026-01-16T04:19:59.999000+00:00,95.16545439808165,97.25600625683471,93.83274835994895,95.67074616161565,140.42267271422443,12580.613834180664,4471
2026-01-16T04:20:00+00:00,2026-01-16T04:24:59.999000+00:00,95.67074616161565,96.97063307004692,94.77936746684614,96.41073203475598,118.30377791509179,12451.431313250709,4472
2026-01-16T04:25:00+00:00,2026-01-16T04:29:59.999000+00:00,96.41073203475598,98.89443608838752,95.35355926040396,97.34298302028564,106.66440447393015,13976.362607365658,4473
2026-01-16T04:30:00+00:00,2026-01-16T04:34:59.999000+00:00,97.34298302028564,99.23782732105626,96.33839854427806,97.98320706323956,109.35007902156043,11898.025251479063,4474
2026-01-16T04:35:00+00:00,2026-01-16T04:39:59.999000+00:00,97.98320706323956,101.45577852173054,96.94995584263987,100.5205695041462,100.51209700073991,14348.816416858437,4475
2026-01-16T04:40:00+00:00,2026-01-16T04:44:59.999000+00:00,100.5205695041462,103.07433417621263,99.82684300867825,101.51289131263195,110.94493804948777,13762.028972708045,4476
2026-01-16T04:45:00+00:00,2026-01-16T04:49:59.999000+00:00,101.51289131263195,104.42162694787235,100.52639526526781,103.41013674683164,140.29703965556155,14951.700480936996,4477
2026-01-16T04:50:00+00:00,2026-01-16T04:54:59.999000+00:00,103.41013674683164,106.67040088212107,102.636944165579,105.5465321961386,140.8040836017339,13988.399602968955,4478
2026-01-16T04:55:00+00:00,2026-01-16T04:59:59.999000+00:00,105.5465321961386,109.14357029090434,104.73827472700245,107.50501263366779,113.03544400502008,11591.09296230045,4479
2026-01-16T05:00:00+00:00,2026-01-16T05:04:59.999000+00:00,107.50501263366779,110.54430184543956,106.15112354756107,108.83057233044102,108.2424270820159,11952.626964554727,4480
2026-01-16T05:05:00+00:00,2026-01-16T05:09:59.999000+00:00,108.83057233044102,111.30455129525306,107.28466460515345,109.72860124969039,139.49239690532488,14611.297504278606,4481
2026-01-16T05:10:00+00:00,2026-01-16T05:14:59.999000+00:00,109.72860124969039,111.22830740190321,108.58445087193931,110.33279581008252,137.16768039202495,14294.290102685658,4482
2026-01-16T05:15:00+00:00,2026-01-16T05:19:59.999000+00:00,110.33279581008252,111.5810951189811,108.69615845073317,109.41597069592949,105.11728103146132,15206.440644079265,4483
2026-01-16T05:20:00+00:00,2026-01-16T05:24:59.999000+00:00,109.41597069592949,110.86494098400883,108.53009256661939,109.0515191687904,130.35078020013876,14759.260013577723,4484
2026-01-16T05:25:00+00:00,2026-01-16T05:29:59.999000+00:00,109.0515191687904,109.56459095267631,106.01937032076337,107.71818956207387,130.60085020450236,14604.920224361245,4485
2026-01-16T05:30:00+00:00,2026-01-16T05:34:59.999000+00:00,107.71818956207387,108.89209339043325,105.38881474792464,106.84385207948877,115.92886338650189,15737.593828839927,4486
2026-01-16T05:35:00+00:00,2026-01-16T05:39:59.999000+00:00,106.84385207948877,107.91860058788096,104.9188657617479,106.60093872066874,109.95080761792264,15290.843943986029,4487
2026-01-16T05:40:00+00:00,2026-01-16T05:44:59.999000+00:00,106.60093872066874,107.27853088037462,104.81783151777687,105.33559625912697,115.21775723422083,11296.962962628442,4488
2026-01-16T05:45:00+00:00,2026-01-16T05:49:59.999000+00:00,105.33559625912697,106.2020370013581,103.60545567460191,104.42795022309929,119.52631050314926,14869.712385757883,4489
2026-01-16T05:50:00+00:00,2026-01-16T05:54:59.999000+00:00,104.42795022309929,105.87486171809998,103.2242397155473,104.65518628633919,143.43882431431823,12939.613499516403,4490
2026-01-16T05:55:00+00:00,2026-01-16T05:59:59.999000+00:00,104.65518628633919,106.44548528209604,103.67826911480293,104.37719418460074,141.97156752707411,13141.764576220146,4491
2026-01-16T06:00:00+00:00,2026-01-16T06:04:59.999000+00:00,104.37719418460074,105.1286574406667,102.48914271823847,103.39015075396556,102.28036578111983,13108.875799970074,4492
2026-01-16T06:05:00+00:00,2026-01-16T06:09:59.999000+00:00,103.39015075396556,105.60902072360057,102.14265057128851,104.29081522342595,105.96374615591644,13461.407617985084,4493
2026-01-16T06:10:00+00:00,2026-01-16T06:14:59.999000+00:00,104.29081522342595,106.0476328709596,102.54665617912241,104.60052585492534,123.47100544473972,14654.641872455883,4494
2026-01-16T06:15:00+00:00,2026-01-16T06:19:59.999000+00:00,104.60052585492534,105.91395614751112,102.65954503484808,103.99807803148057,104.64071498173736,13147.321243661378,4495
2026-01-16T06:20:00+00:00,2026-01-16T06:24:59.999000+00:00,103.99807803148057,104.64923189899295,103.00231431564077,103.5802375446932,147.60225808669517,14783.89939271313,4496
2026-01-16T06:25:00+00:00,2026-01-16T06:29:59.999000+00:00,103.5802375446932,104.68216225079283,102.3830632510965,103.37402816184971,103.55149015185819,13328.470651159885,4497
2026-01-16T06:30:00+00:00,2026-01-16T06:34:59.999000+00:00,103.37402816184971,103.93234231156714,102.66657075865206,103.3526491200785,108.2899804482297,12866.378961088521,4498
2026-01-16T06:35:00+00:00,2026-01-16T06:39:59.999000+00:00,103.3526491200785,104.5995642895937,101.35695836261272,102.03850428923212,147.9138676059985,13468.283787203738,4499
2026-01-16T06:40:00+00:00,2026-01-16T06:44:59.999000+00:00,102.03850428923212,103.42555685025603,99.04092948741494,100.71301987072727,113.08742292455958,11630.705377002854,4500
2026-01-16T06:45:00+00:00,2026-01-16T06:49:59.999000+00:00,100.71301987072727,101.58186182720965,96.85223125494403,98.32897995156642,125.65093395865797,12035.005523762899,4501
2026-01-16T06:50:00+00:00,2026-01-16T06:54:59.999000+00:00,98.32897995156642,99.39842821279879,95.21941248104959,96.42487951592783,135.09552375574478,11495.306076151093,4502
2026-01-16T06:55:00+00:00,2026-01-16T06:59:59.999000+00:00,96.42487951592783,97.18727832250764,92.40215670120298,94.16341808573078,140.4402238173859,10330.919874032856,4503
2026-01-16T07:00:00+00:00,2026-01-16T07:04:59.999000+00:00,94.16341808573078,95.77160416680887,91.9958844335863,93.65717793532207,134.65444553458596,10274.399550975171,4504
2026-01-16T07:05:00+00:00,2026-01-16T07:09:59.999000+00:00,93.65717793532207,94.28545579622192,89.85488221537489,91.10328686065519,125.7225633818885,13622.815741504503,4505
2026-01-16T07:10:00+00:00,2026-01-16T07:14:59.999000+00:00,91.10328686065519,92.274831935801,90.17423800940479,90.90549630571911,122.42945180718112,12204.506097317475,4506
2026-01-16T07:15:00+00:00,2026-01-16T07:19:59.999000+00:00,90.90549630571911,91.48663866862927,89.42077714370336,90.30393679611387,133.41114880228324,11655.63435076706,4507
2026-01-16T07:20:00+00:00,2026-01-16T07:24:59.999000+00:00,90.30393679611387,90.92362690914722,89.51698404026978,90.415905842414,146.40354136566242,9714.624669602514,4508
2026-01-16T07:25:00+00:00,2026-01-16T07:29:59.999000+00:00,90.415905842414,92.03963673375328,89.75109788779046,90.35537071002382,142.3074334786031,9385.427893187834,4509
2026-01-16T07:30:00+00:00,2026-01-16T07:34:59.999000+00:00,90.35537071002382,91.06431394044384,88.56229398600641,90.44750906383437,132.83646748559033,10417.93136940135,4510
2026-01-16T07:35:00+00:00,2026-01-16T07:39:59.999000+00:00,90.44750906383437,94.36553335838232,89.70124754061824,92.91317548067434,141.69722022807818,11495.711941071297,4511
2026-01-16T07:40:00+00:00,2026-01-16T07:44:59.999000+00:00,92.91317548067434,94.48635309652819,92.23240686834721,93.98613398763031,120.58697113409096,11441.539150718832,4512
2026-01-16T07:45:00+00:00,2026-01-16T07:49:59.999000+00:00,93.98613398763031,94.80829639015816,93.08088982312793,93.89804432278515,141.6172475837958,12729.035644251202,4513
2026-01-16T07:50:00+00:00,2026-01-16T07:54:59.999000+00:00,93.89804432278515,96.66430140747724,92.99545634103619,95.17879316570833,101.75430344841516,13211.138154932936,4514
2026-01-16T07:55:00+00:00,2026-01-16T07:59:59.999000+00:00,95.17879316570833,97.14483860155494,93.68652746940016,96.52243496990508,111.87835200170316,10306.273782839498,4515
2026-01-16T08:00:00+00:00,2026-01-16T08:04:59.999000+00:00,96.52243496990508,98.18592954888648,94.8805340048735,96.74441306655123,105.13167614887831,10653.390923944527,4516
2026-01-16T08:05:00+00:00,2026-01-16T08:09:59.999000+00:00,96.74441306655123,97.40881020381643,95.36726659005166,96.68122721904831,120.82556513645505,12871.312985171331,4517
2026-01-16T08:10:00+00:00,2026-01-16T08:14:59.999000+00:00,96.68122721904831,97.47821635119963,94.47776288475826,95.70976667683821,131.45508493764007,11100.402985783932,4518
2026-01-16T08:15:00+00:00,2026-01-16T08:19:59.999000+00:00,95.70976667683821,97.78673115551632,94.85160134002203,96.79295967448006,101.10678988993322,12327.643880323643,4519
2026-01-16T08:20:00+00:00,2026-01-16T08:24:59.999000+00:00,96.79295967448006,97.55825272366873,94.65198555198415,95.30697663282949,108.06271205594831,9562.588304647194,4520
2026-01-16T08:25:00+00:00,2026-01-16T08:29:59.999000+00:00,95.30697663282949,96.50716963356312,94.18876152179492,95.61865902792425,123.27749546534501,14210.245443254806,4521
2026-01-16T08:30:00+00:00,2026-01-16T08:34:59.999000+00:00,95.61865902792425,96.85345868135965,93.9683438994259,95.88130810314982,146.166554198394,13591.315193197765,4522
2026-01-16T08:35:00+00:00,2026-01-16T08:39:59.999000+00:00,95.88130810314982,97.42263334784975,94.09996193645149,96.10328152144585,109.50930195143525,10839.951966339167,4523
2026-01-16T08:40:00+00:00,2026-01-16T08:44:59.999000+00:00,96.10328152144585,97.9802092963164,94.41283394235755,96.95111690692592,101.31658586337413,12734.272809851282,4524
2026-01-16T08:45:00+00:00,2026-01-16T08:49:59.999000+00:00,96.95111690692592,100.10435158358116,95.79629796310869,99.4541044491421,100.95108264383126,12101.993728612442,4525
2026-01-16T08:50:00+00:00,2026-01-16T08:54:59.999000+00:00,99.4541044491421,101.32723482935168,98.63553473257257,100.38349319129777,117.86557793720894,13666.22360293011,4526
2026-01-16T08:55:00+00:00,2026-01-16T08:59:59.999000+00:00,100.38349319129777,103.92875815601984,98.67474147714688,103.3020579697248,105.83036070319172,15471.517606548936,4527
2026-01-16T09:00:00+00:00,2026-01-16T09:04:59.999000+00:00,103.3020579697248,106.81974674601749,102.32870182783049,105.38011589015522,127.38255770062253,15580.49607322163,4528
2026-01-16T09:05:00+00:00,2026-01-16T09:09:59.999000+00:00,105.38011589015522,109.03221339068746,103.82619846678575,107.24051017723397,129.4540242955309,12418.29924044677,4529
2026-01-16T09:10:00+00:00,2026-01-16T09:14:59.999000+00:00,107.24051017723397,108.83826118209066,105.71062662300635,107.40033827419099,129.22835967680905,14483.242420171839,4530
2026-01-16T09:15:00+00:00,2026-01-16T09:19:59.999000+00:00,107.40033827419099,109.87317107656776,106.79151524957321,108.63539453746115,140.14903363743554,16028.282022037858,4531
2026-01-16T09:20:00+00:00,2026-01-16T09:24:59.999000+00:00,108.63539453746115,111.3977234276886,107.45218029736708,109.63781288885343,129.72857395142614,12991.511846322299,4532
2026-01-16T09:25:00+00:00,2026-01-16T09:29:59.999000+00:00,109.63781288885343,111.08739802472986,108.14369141548256,109.55030873783956,110.68838435538258,11260.578346819113,4533
2026-01-16T09:30:00+00:00,2026-01-16T09:34:59.999000+00:00,109.55030873783956,110.47048330711772,108.99499393246693,109.52591636089238,118.19295643273182,15603.959720148641,4534
2026-01-16T09:35:00+00:00,2026-01-16T09:39:59.999000+00:00,109.52591636089238,110.28577132640636,107.9278051288077,108.48465037007347,144.6982955008893,14289.26214877168,4535
2026-01-16T09:40:00+00:00,2026-01-16T09:44:59.999000+00:00,108.48465037007347,110.22285160277495,107.17715784894233,107.99732732215259,142.36484202805906,10817.718090780276,4536
2026-01-16T09:45:00+00:00,2026-01-16T09:49:59.999000+00:00,107.99732732215259,109.43325030189659,105.87275152540778,107.38331823054554,131.27545836917636,13336.910905666004,4537
2026-01-16T09:50:00+00:00,2026-01-16T09:54:59.999000+00:00,107.38331823054554,108.22781161688744,104.65468675297089,105.46361138811606,122.75246592037848,10908.078412322488,4538
2026-01-16T09:55:00+00:00,2026-01-16T09:59:59.999000+00:00,105.46361138811606,106.53781507252152,103.6391120346139,104.67623666386619,146.3153960479512,15634.138319694408,4539
2026-01-16T10:00:00+00:00,2026-01-16T10:04:59.999000+00:00,104.67623666386619,105.70468554023702,102.40366507418221,103.45795697398096,100.57202948849593,13113.515848567204,4540
2026-01-16T10:05:00+00:00,2026-01-16T10:09:59.999000+00:00,103.45795697398096,104.00476515137798,101.77318176739658,102.70090674985467,104.97100994402767,14614.899152859995,4541
2026-01-16T10:10:00+00:00,2026-01-16T10:14:59.999000+00:00,102.70090674985467,104.20536707077241,100.93091254166156,103.00946512412644,114.6812680641697,12226.39555043722,4542
2026-01-16T10:15:00+00:00,2026-01-16T10:19:59.999000+00:00,103.00946512412644,105.34694628778189,102.30238448193576,103.57260724044218,115.57687665310075,10865.652755145647,4543
2026-01-16T10:20:00+00:00,2026-01-16T10:24:59.999000+00:00,103.57260724044218,105.33184764253139,102.43981166774276,103.1077540647115,117.85054637941894,10731.657817109523,4544
2026-01-16T10:25:00+00:00,2026-01-16T10:29:59.999000+00:00,103.1077540647115,104.83050537909517,101.55216970212076,104.00438512554743,130.04392747169643,11256.664593148165,4545
2026-01-16T10:30:00+00:00,2026-01-16T10:34:59.999000+00:00,104.00438512554743,105.73442958896352,102.84895539093021,104.06127082357632,133.65372544678678,14675.85825281888,4546
2026-01-16T10:35:00+00:00,2026-01-16T10:39:59.999000+00:00,104.06127082357632,105.77916844095172,102.88185123696088,104.10705621612651,144.615265159446,11662.627635894109,4547
2026-01-16T10:40:00+00:00,2026-01-16T10:44:59.999000+00:00,104.10705621612651,104.76639347225154,101.7050058694659,102.73703964786789,118.84484416206394,10556.90202372568,4548
2026-01-16T10:45:00+00:00,2026-01-16T10:49:59.999000+00:00,102.73703964786789,103.6511402770099,100.77886820560164,102.03510805424875,142.39899353540474,14033.337180014743,4549
2026-01-16T10:50:00+00:00,2026-01-16T10:54:59.999000+00:00,102.03510805424875,103.53001883642948,99.56460228376453,100.7515174452455,143.20918200523022,13600.903744311521,4550
2026-01-16T10:55:00+00:00,2026-01-16T10:59:59.999000+00:00,100.7515174452455,101.81436211418577,98.8877576735835,99.49936459093446,108.8354725028445,11125.164445121049,4551
2026-01-16T11:00:00+00:00,2026-01-16T11:04:59.999000+00:00,99.49936459093446,100.05398062566111,97.18481156628886,98.02894499092176,127.58014441708697,12172.968234304733,4552
2026-01-16T11:05:00+00:00,2026-01-16T11:09:59.999000+00:00,98.02894499092176,98.62558436416776,95.1176029161323,95.82233966410958,118.63442887946798,13131.595413798697,4553
2026-01-16T11:10:00+00:00,2026-01-16T11:14:59.999000+00:00,95.82233966410958,97.27235189916622,92.13849789835876,93.57697046842539,107.77531322895386,12978.844892850153,4554
2026-01-16T11:15:00+00:00,2026-01-16T11:19:59.999000+00:00,93.57697046842539,94.47765717075431,90.99771162671315,92.49310276204307,126.22269031354082,10840.271810734072,4555
2026-01-16T11:20:00+00:00,2026-01-16T11:24:59.999000+00:00,92.49310276204307,93.50815568606819,89.4323117172964,90.90644077002561,123.2915254217187,12053.347920532462,4556
2026-01-16T11:25:00+00:00,2026-01-16T11:29:59.999000+00:00,90.90644077002561,92.4337274918596,89.13117080734133,90.6655570261862,133.56155867905045,9682.40102525276,4557
2026-01-16T11:30:00+00:00,2026-01-16T11:34:59.999000+00:00,90.6655570261862,91.79640961881908,89.64859657728312,90.19171237729367,138.3109900480772,10395.976938625841,4558
2026-01-16T11:35:00+00:00,2026-01-16T11:39:59.999000+00:00,90.19171237729367,91.89593596523508,87.5701227501662,89.32799466800536,132.0129948697508,9285.97415137302,4559
2026-01-16T11:40:00+00:00,2026-01-16T11:44:59.999000+00:00,89.32799466800536,92.18719896375474,87.97124836189427,90.80699595447649,134.27042123125796,12878.649159951012,4560
2026-01-16T11:45:00+00:00,2026-01-16T11:49:59.999000+00:00,90.80699595447649,92.7346264940156,89.60917696706106,91.49347572441454,142.24278555618872,9163.263430821613,4561
2026-01-16T11:50:00+00:00,2026-01-16T11:54:59.999000+00:00,91.49347572441454,93.63233478675761,90.306654717318,91.97096703548956,122.49783284001177,10583.46037520611,4562
2026-01-16T11:55:00+00:00,2026-01-16T11:59:59.999000+00:00,91.97096703548956,93.83880442721646,90.35220632640703,93.14518270417386,130.18025707250644,9539.897345599278,4563
2026-01-16T12:00:00+00:00,2026-01-16T12:04:59.999000+00:00,93.14518270417386,94.90761086168035,91.9326056261241,94.23722914015673,113.05119916746324,12828.547014328973,4564
2026-01-16T12:05:00+00:00,2026-01-16T12:09:59.999000+00:00,94.23722914015673,96.03594009375776,93.31778560264196,95.23418794418934,122.52264978771508,13250.170551489586,4565
2026-01-16T12:10:00+00:00,2026-01-16T12:14:59.999000+00:00,95.23418794418934,97.0432832101248,93.70906259487862,96.11104875666139,104.46016117950597,12822.696985626344,4566
2026-01-16T12:15:00+00:00,2026-01-16T12:19:59.999000+00:00,96.11104875666139,97.92216743666461,95.54774496962003,96.52798410552168,111.00522012743058,10945.780689062218,4567
2026-01-16T12:20:00+00:00,2026-01-16T12:24:59.999000+00:00,96.52798410552168,97.46197193671851,95.48462434731135,96.53953113392846,141.7091118187382,12952.397847006354,4568
2026-01-16T12:25:00+00:00,2026-01-16T12:29:59.999000+00:00,96.53953113392846,97.77933548409551,95.39218621340753,96.72136391451119,128.40948645923964,10441.60369150109,4569
2026-01-16T12:30:00+00:00,2026-01-16T12:34:59.999000+00:00,96.72136391451119,98.16180731577283,95.12394322891811,96.09886081198371,132.16081856050212,14203.131018597862,4570
2026-01-16T12:35:00+00:00,2026-01-16T12:39:59.999000+00:00,96.09886081198371,97.53548962543013,94.88296318124048,96.13721361163468,102.99482106271809,12256.15994978289,4571
2026-01-16T12:40:00+00:00,2026-01-16T12:44:59.999000+00:00,96.13721361163468,97.7652682587693,94.57163943794157,96.4932210065253,147.85783529382152,10061.737761344202,4572
2026-01-16T12:45:00+00:00,2026-01-16T12:49:59.999000+00:00,96.4932210065253,98.68034045444597,95.9329307972016,97.23571034724446,120.7162228432064,12359.998604332162,4573
2026-01-16T12:50:00+00:00,2026-01-16T12:54:59.999000+00:00,97.23571034724446,98.85242937437715,96.27964047310466,96.951608243029,145.69755901342074,10796.178427892157,4574
2026-01-16T12:55:00+00:00,2026-01-16T12:59:59.999000+00:00,96.951608243029,99.3603232344703,95.23378773592134,98.72644024856727,118.36213734114963,14402.103891678167,4575
2026-01-16T13:00:00+00:00,2026-01-16T13:04:59.999000+00:00,98.72644024856727,100.65058186197928,97.11306446247102,99.08453628797456,140.73908913117378,11072.464229817404,4576
2026-01-16T13:05:00+00:00,2026-01-16T13:09:59.999000+00:00,99.08453628797456,102.54111318136735,97.79124619031062,101.97527990896455,103.53592381132702,13593.301820631892,4577
2026-01-16T13:10:00+00:00,2026-01-16T13:14:59.999000+00:00,101.97527990896455,104.70614805992778,100.68167249716647,103.21431799385037,122.24972403524296,15415.763656235538,4578
2026-01-16T13:15:00+00:00,2026-01-16T13:19:59.999000+00:00,103.21431799385037,106.37954703623886,102.06695608977999,105.28494103326976,127.78712143835537,11315.08646852246,4579
2026-01-16T13:20:00+00:00,2026-01-16T13:24:59.999000+00:00,105.28494103326976,108.2282626825429,103.54790278169305,107.14288061427942,141.6440802983251,13940.443550541646,4580
2026-01-16T13:25:00+00:00,2026-01-16T13:29:59.999000+00:00,107.14288061427942,108.6254050699937,106.25395484473356,107.86791219856173,127.19354446208091,11018.404992571821,4581
2026-01-16T13:30:00+00:00,2026-01-16T13:34:59.999000+00:00,107.86791219856173,110.77343436866649,106.27432057057545,109.30420759063283,125.07874956206639,15018.016436743013,4582
2026-01-16T13:35:00+00:00,2026-01-16T13:39:59.999000+00:00,109.30420759063283,111.88874710419175,108.76522919617634,110.3425667713439,138.0825797026044,14342.140453607886,4583
2026-01-16T13:40:00+00:00,2026-01-16T13:44:59.999000+00:00,110.3425667713439,111.31249110011959,109.01382536463284,109.71489531165693,143.10474885374805,15853.32794696979,4584
2026-01-16T13:45:00+00:00,2026-01-16T13:49:59.999000+00:00,109.71489531165693,111.74264919419576,109.02316139379688,110.18674327611427,149.56268092485863,12537.321627727186,4585
2026-01-16T13:50:00+00:00,2026-01-16T13:54:59.999000+00:00,110.18674327611427,110.82889040182937,108.66464349447597,109.66939568350081,141.87245896031723,15731.97866403686,4586
2026-01-16T13:55:00+00:00,2026-01-16T13:59:59.999000+00:00,109.66939568350081,110.47634018332909,106.13663543718214,107.68407739879675,101.57524107263843,13845.180195833083,4587
2026-01-16T14:00:00+00:00,2026-01-16T14:04:59.999000+00:00,107.68407739879675,109.23569733884653,105.85571566516404,106.64504262305103,147.3296306801828,14499.23979208027,4588
2026-01-16T14:05:00+00:00,2026-01-16T14:09:59.999000+00:00,106.64504262305103,108.2672552465988,103.46830119149158,105.09576389521627,117.5579080492239,13250.321829180362,4589
2026-01-16T14:10:00+00:00,2026-01-16T14:14:59.999000+00:00,105.09576389521627,106.57275686986505,102.90107342789658,104.38674046050131,148.94218019155863,11795.770419471899,4590
2026-01-16T14:15:00+00:00,2026-01-16T14:19:59.999000+00:00,104.38674046050131,105.0588707261896,103.13985117217474,104.15053605441763,115.7131520243357,10622.508388022005,4591
2026-01-16T14:20:00+00:00,2026-01-16T14:24:59.999000+00:00,104.15053605441763,105.5905055655136,102.50854883764765,103.03781506626885,105.03359312751245,15100.434805625253,4592
2026-01-16T14:25:00+00:00,2026-01-16T14:29:59.999000+00:00,103.03781506626885,105.37093662652518,101.81523609030026,103.58663207685046,147.3205741751615,13190.33833074589,4593
2026-01-16T14:30:00+00:00,2026-01-16T14:34:59.999000+00:00,103.58663207685046,104.17866591547327,102.11788696105117,103.24639839682403,130.45309665637822,13157.32989196028,4594
2026-01-16T14:35:00+00:00,2026-01-16T14:39:59.999000+00:00,103.24639839682403,104.32239730619935,101.12744909083956,102.73536920936714,138.41658039001777,14878.934712508504,4595
2026-01-16T14:40:00+00:00,2026-01-16T14:44:59.999000+00:00,102.73536920936714,103.93669801377361,101.81333351947205,103.0118759538241,132.72062793625724,15156.855319157492,4596
2026-01-16T14:45:00+00:00,2026-01-16T14:49:59.999000+00:00,103.0118759538241,105.02103348911967,102.37110516531291,103.71304089650481,132.09693678498198,14812.410618526199,4597
2026-01-16T14:50:00+00:00,2026-01-16T14:54:59.999000+00:00,103.71304089650481,105.07615370924897,101.59610474695607,102.81320521488075,141.85118598138305,13077.397317070201,4598
2026-01-16T14:55:00+00:00,2026-01-16T14:59:59.999000+00:00,102.81320521488075,104.04893951215035,101.85513003481901,103.2649645792325,136.2041415851203,15396.738105046397,4599
2026-01-16T15:00:00+00:00,2026-01-16T15:04:59.999000+00:00,103.2649645792325,104.04241802293028,101.0988531289466,102.49418594528903,100.89817154870393,12981.742328816797,4600
2026-01-16T15:05:00+00:00,2026-01-16T15:09:59.999000+00:00,102.49418594528903,103.61438607079035,100.10671653818063,100.76452862758802,143.73440567287494,12864.157901874365,4601
2026-01-16T15:10:00+00:00,2026-01-16T15:14:59.999000+00:00,100.76452862758802,102.34722131712795,98.4770579834461,99.6867600481785,134.76032424240722,14286.216145604434,4602
2026-01-16T15:15:00+00:00,2026-01-16T15:19:59.999000+00:00,99.6867600481785,101.46113344283748,96.72321068803438,97.7296008159758,122.69807430163107,12535.098512720224,4603
2026-01-16T15:20:00+00:00,2026-01-16T15:24:59.999000+00:00,97.7296008159758,98.55902707854578,94.74663707214283,95.59083779465713,109.65827985679466,10611.401574771047,4604
2026-01-16T15:25:00+00:00,2026-01-16T15:29:59.999000+00:00,95.59083779465713,97.20974400417198,91.1006593791789,92.72197956354984,134.9612696363277,11779.62207107563,4605
2026-01-16T15:30:00+00:00,2026-01-16T15:34:59.999000+00:00,92.72197956354984,94.00948585048289,91.80574688681179,92.4454262040506,115.13625769294026,12910.885428075995,4606
2026-01-16T15:35:00+00:00,2026-01-16T15:39:59.999000+00:00,92.4454262040506,93.10227401340958,90.18972932696175,91.17849880443143,141.87875529537078,11617.478652125279,4607
2026-01-16T15:40:00+00:00,2026-01-16T15:44:59.999000+00:00,91.17849880443143,92.74869503511775,88.9847387814919,90.263006919939,113.7303482633061,10457.013904829593,4608
2026-01-16T15:45:00+00:00,2026-01-16T15:49:59.999000+00:00,90.263006919939,91.99995245344527,88.5131585783323,89.07471707663649,107.40722434374581,9729.25776411018,4609
2026-01-16T15:50:00+00:00,2026-01-16T15:54:59.999000+00:00,89.07471707663649,90.02155257266898,88.19195323685099,89.27804304513768,146.92804202945854,9104.531756770131,4610
2026-01-16T15:55:00+00:00,2026-01-16T15:59:59.999000+00:00,89.27804304513768,91.58561707718805,88.19452412510778,91.00367739882034,108.14081074369125,9986.163660523222,4611
2026-01-16T16:00:00+00:00,2026-01-16T16:04:59.999000+00:00,91.00367739882034,92.6340655920927,89.5433546139674,91.76434374965969,139.75020315910518,12426.5743830204,4612
2026-01-16T16:05:00+00:00,2026-01-16T16:09:59.999000+00:00,91.76434374965969,95.10880302609291,90.1958525228008,93.3113209243188,141.83458205621073,12927.672415887795,4613
2026-01-16T16:10:00+00:00,2026-01-16T16:14:59.999000+00:00,93.3113209243188,95.57332727811111,92.39649311222985,94.7374001388999,143.05555326945708,13670.024829380325,4614
2026-01-16T16:15:00+00:00,2026-01-16T16:19:59.999000+00:00,94.7374001388999,96.52699166233047,93.22813991113586,95.3596193888382,149.97661741952464,12446.082261821966,4615
2026-01-16T16:20:00+00:00,2026-01-16T16:24:59.999000+00:00,95.3596193888382,97.29953527653153,94.33832356084656,95.52723797630733,104.94799673402346,12078.156463723935,4616
2026-01-16T16:25:00+00:00,2026-01-16T16:29:59.999000+00:00,95.52723797630733,97.33647589768756,94.59756047355921,96.83496717911375,111.86128717589862,10350.296999986835,4617
2026-01-16T16:30:00+00:00,2026-01-16T16:34:59.999000+00:00,96.83496717911375,97.48950726861806,96.20724113224111,96.98736654161463,116.3144121183191,10599.272765309583,4618
2026-01-16T16:35:00+00:00,2026-01-16T16:39:59.999000+00:00,96.98736654161463,98.96637551590808,96.35164215307994,97.42153351239405,137.08022602703235,14035.398232257668,4619
2026-01-16T16:40:00+00:00,2026-01-16T16:44:59.999000+00:00,97.42153351239405,98.53213913403074,95.75835380588357,97.91675125925161,140.03240778268395,10962.973346720648,4620
2026-01-16T16:45:00+00:00,2026-01-16T16:49:59.999000+00:00,97.91675125925161,99.54013189625755,95.84959537705639,97.16978423649117,123.91865284014438,11275.356766860003,4621
2026-01-16T16:50:00+00:00,2026-01-16T16:54:59.999000+00:00,97.16978423649117,98.29351969359611,96.29225596899501,97.71260913160427,128.64373212633754,14235.961928477369,4622
2026-01-16T16:55:00+00:00,2026-01-16T16:59:59.999000+00:00,97.71260913160427,98.6270706548953,97.00294007882846,97.68725428054825,125.64252216656561,10274.822930819973,4623
2026-01-16T17:00:00+00:00,2026-01-16T17:04:59.999000+00:00,97.68725428054825,99.4024783407542,96.33783086207919,97.70526039184439,122.44089784460742,10404.110950439257,4624
2026-01-16T17:05:00+00:00,2026-01-16T17:09:59.999000+00:00,97.70526039184439,100.33910157804807,96.22200109472628,98.75935172820617,105.6602752737631,12287.468674413687,4625
2026-01-16T17:10:00+00:00,2026-01-16T17:14:59.999000+00:00,98.75935172820617,100.38642602056495,97.7686334462284,99.65966798566397,107.53991212092508,12468.54931572264,4626
2026-01-16T17:15:00+00:00,2026-01-16T17:19:59.999000+00:00,99.65966798566397,101.90893825087814,98.42160303630875,100.1099250254957,126.73715145781443,11101.250263737773,4627
2026-01-16T17:20:00+00:00,2026-01-16T17:24:59.999000+00:00,100.1099250254957,103.89227669634714,99.25075399134202,102.33984114213088,103.15525480204874,11377.862444348133,4628
2026-01-16T17:25:00+00:00,2026-01-16T17:29:59.999000+00:00,102.33984114213088,104.62947020209072,101.01166877976044,103.7899046075023,144.25601821763905,14876.975161985922,4629
2026-01-16T17:30:00+00:00,2026-01-16T17:34:59.999000+00:00,103.7899046075023,106.85165747601327,102.61085489639201,106.17085410489886,129.40802384807645,14757.265106824661,4630
2026-01-16T17:35:00+00:00,2026-01-16T17:39:59.999000+00:00,106.17085410489886,108.97427773754733,104.6929230586079,108.05392878757922,113.56366127145857,10813.868891306554,4631
2026-01-16T17:40:00+00:00,2026-01-16T17:44:59.999000+00:00,108.05392878757922,111.37171925147612,107.31763625056733,109.87584997157444,145.6762755533749,16195.935720241789,4632
2026-01-16T17:45:00+00:00,2026-01-16T17:49:59.999000+00:00,109.87584997157444,111.33372393425367,108.42698937557773,109.81121202574624,107.61728834553942,14549.888358860579,4633
2026-01-16T17:50:00+00:00,2026-01-16T17:54:59.999000+00:00,109.81121202574624,112.57740694352727,108.97608244893645,110.99868140143951,141.7056171976525,14375.194462081592,4634
2026-01-16T17:55:00+00:00,2026-01-16T17:59:59.999000+00:00,110.99868140143951,111.75673067794693,108.63478755388562,110.07333560253106,117.68163480723183,11902.003898536459,4635
2026-01-16T18:00:00+00:00,2026-01-16T18:04:59.999000+00:00,110.07333560253106,110.59096345563034,108.72710931841986,109.60843763591753,126.50623042398306,13157.441085286802,4636
2026-01-16T18:05:00+00:00,2026-01-16T18:09:59.999000+00:00,109.60843763591753,110.77601836148212,107.43002394842318,108.92542050923383,128.56274631086634,12333.536251096255,4637
2026-01-16T18:10:00+00:00,2026-01-16T18:14:59.999000+00:00,108.92542050923383,109.70664261193492,107.24366177725486,108.353061220427,137.58964465405813,13289.60833538459,4638
2026-01-16T18:15:00+00:00,2026-01-16T18:19:59.999000+00:00,108.353061220427,109.50588664931396,105.35645137906937,106.59965041331789,141.67322912815644,14960.337127806304,4639
2026-01-16T18:20:00+00:00,2026-01-16T18:24:59.999000+00:00,106.59965041331789,107.80386649524411,104.49455697538752,105.25792476031467,100.47987118063133,14895.220179035005,4640
2026-01-16T18:25:00+00:00,2026-01-16T18:29:59.999000+00:00,105.25792476031467,105.86350523269918,102.39642569765185,103.44338433202122,124.77029073970562,10917.576475266827,4641
2026-01-16T18:30:00+00:00,2026-01-16T18:34:59.999000+00:00,103.44338433202122,105.58780758142531,101.82924774604719,103.85309370521983,122.4238739747084,11193.740922347044,4642
2026-01-16T18:35:00+00:00,2026-01-16T18:39:59.999000+00:00,103.85309370521983,105.06469289331216,102.07284471646943,102.78427063078095,103.99191870739446,12843.081244813855,4643
2026-01-16T18:40:00+00:00,2026-01-16T18:44:59.999000+00:00,102.78427063078095,104.47436737197553,101.00404402583078,102.17133162042053,118.5027062008356,11301.419219396312,4644
2026-01-16T18:45:00+00:00,2026-01-16T18:49:59.999000+00:00,102.17133162042053,103.49829652869364,100.48727333581485,102.68687120592176,130.92304290722078,14164.863582768952,4645
2026-01-16T18:50:00+00:00,2026-01-16T18:54:59.999000+00:00,102.68687120592176,103.59201813923839,101.82792095245983,103.07702732284575,115.28656784072635,14421.095780165528,4646
2026-01-16T18:55:00+00:00,2026-01-16T18:59:59.999000+00:00,103.07702732284575,104.02441119442899,101.72977789634373,102.97206831265625,135.33114249930304,10832.60420956138,4647
2026-01-16T19:00:00+00:00,2026-01-16T19:04:59.999000+00:00,102.97206831265625,104.9745746898525,101.33342549054075,103.19362377698187,146.28113140570412,11020.041484284477,4648
2026-01-16T19:05:00+00:00,2026-01-16T19:09:59.999000+00:00,103.19362377698187,104.79838037128363,100.74067452133137,101.72843405385385,126.1979208477438,10756.228904213183,4649
2026-01-16T19:10:00+00:00,2026-01-16T19:14:59.999000+00:00,101.72843405385385,103.21697538115689,100.53033181922679,101.64982627823419,126.37712901314059,13491.275419353111,4650
2026-01-16T19:15:00+00:00,2026-01-16T19:19:59.999000+00:00,101.64982627823419,102.93349782299903,99.0074343011355,100.63162264277736,120.9086794999701,13814.76894907976,4651
2026-01-16T19:20:00+00:00,2026-01-16T19:24:59.999000+00:00,100.63162264277736,102.31363990959173,98.16421750947048,99.70346624013021,143.0381349803964,11349.112191740065,4652
2026-01-16T19:25:00+00:00,2026-01-16T19:29:59.999000+00:00,99.70346624013021,101.39548893918666,96.45502331344352,97.57217807071893,101.51953342185418,14251.408041117327,4653
2026-01-16T19:30:00+00:00,2026-01-16T19:34:59.999000+00:00,97.57217807071893,98.33117166739841,96.11983434667994,96.75520034763925,120.34508280129305,10769.99851646261,4654
2026-01-16T19:35:00+00:00,2026-01-16T19:39:59.999000+00:00,96.75520034763925,97.97932470975606,94.03804803338572,94.90524822857711,138.6086828174939,13909.73661447986,4655
2026-01-16T19:40:00+00:00,2026-01-16T19:44:59.999000+00:00,94.90524822857711,96.22717955658153,90.96693489830402,91.99833934131382,105.54567482892035,9523.01502591502,4656
2026-01-16T19:45:00+00:00,2026-01-16T19:49:59.999000+00:00,91.99833934131382,93.77558793701851,89.71962765439714,90.88262590142708,149.49392612142282,12506.931129034567,4657
2026-01-16T19:50:00+00:00,2026-01-16T19:54:59.999000+00:00,90.88262590142708,91.86808712835384,88.5473330582906,89.98421649817371,122.24236372866088,11963.643200658165,4658
2026-01-16T19:55:00+00:00,2026-01-16T19:59:59.999000+00:00,89.98421649817371,91.7512160871531,87.9737124717789,88.91716762939025,115.72761186525364,10199.886725046388,4659
2026-01-16T20:00:00+00:00,2026-01-16T20:04:59.999000+00:00,88.91716762939025,90.24257788340614,87.84240106838287,89.34563417963993,122.15026349772111,9208.346659788576,4660
2026-01-16T20:05:00+00:00,2026-01-16T20:09:59.999000+00:00,89.34563417963993,90.4146190698018,88.73977804782787,89.681927846935,146.81667985716328,11826.657947274583,4661
2026-01-16T20:10:00+00:00,2026-01-16T20:14:59.999000+00:00,89.681927846935,90.78214683831895,88.28210653556809,89.87244463463165,108.71717549521996,13205.690682346074,4662
2026-01-16T20:15:00+00:00,2026-01-16T20:19:59.999000+00:00,89.87244463463165,92.71878149845907,89.30792516375114,90.96151535691355,127.13499743901656,12508.089840034872,4663
2026-01-16T20:20:00+00:00,2026-01-16T20:24:59.999000+00:00,90.96151535691355,94.2705177750932,89.72868471920829,92.8697421708158,139.44703681052223,12099.318803101309,4664
2026-01-16T20:25:00+00:00,2026-01-16T20:29:59.999000+00:00,92.8697421708158,94.15300769340958,92.27519878695637,93.59795004079889,147.06527029245512,9925.38094755899,4665
2026-01-16T20:30:00+00:00,2026-01-16T20:34:59.999000+00:00,93.59795004079889,96.59342025178503,92.18389705306268,95.79637507050737,118.15693587643165,13858.401769923385,4666
2026-01-16T20:35:00+00:00,2026-01-16T20:39:59.999000+00:00,95.79637507050737,98.60513296852176,95.08080374770252,97.0362203539686,128.17524814440017,13792.374766753685,4667
2026-01-16T20:40:00+00:00,2026-01-16T20:44:59.999000+00:00,97.0362203539686,99.35507356296526,95.73155177985016,97.62992462138986,106.97032480754027,10555.387974366777,4668
2026-01-16T20:45:00+00:00,2026-01-16T20:49:59.999000+00:00,97.62992462138986,98.27428981678113,96.42597733800993,97.4835980566419,111.37660676907491,12103.59094663532,4669
2026-01-16T20:50:00+00:00,2026-01-16T20:54:59.999000+00:00,97.4835980566419,99.86181083170514,95.98017958545059,98.6469460672012,143.31868730021944,11389.348663798723,4670
2026-01-16T20:55:00+00:00,2026-01-16T20:59:59.999000+00:00,98.6469460672012,99.30742095009182,96.02738933489566,97.31452231932695,140.7097690144208,11211.624496145558,4671
2026-01-16T21:00:00+00:00,2026-01-16T21:04:59.999000+00:00,97.31452231932695,99.83404938480558,96.22637496732726,98.08349109504213,140.87155395167542,12990.76646507902,4672
2026-01-16T21:05:00+00:00,2026-01-16T21:09:59.999000+00:00,98.08349109504213,99.38977044545247,95.83340762482615,96.93195881893146,127.32205572288284,10991.878202186817,4673
2026-01-16T21:10:00+00:00,2026-01-16T21:14:59.999000+00:00,96.93195881893146,99.91376798498003,96.17842132313693,98.29279626397157,149.55776994739927,11946.147170082824,4674
2026-01-16T21:15:00+00:00,2026-01-16T21:19:59.999000+00:00,98.29279626397157,99.17451413686692,97.57182636083948,98.48870556718998,112.38309153925115,11119.193284305564,4675
2026-01-16T21:20:00+00:00,2026-01-16T21:24:59.999000+00:00,98.48870556718998,99.78930765393947,97.69374875003669,98.3625445306948,135.55160597383465,11330.441515924946,4676
2026-01-16T21:25:00+00:00,2026-01-16T21:29:59.999000+00:00,98.3625445306948,101.67459244909732,96.5724558760648,99.94552030095109,142.43144412295993,12880.880317093368,4677
2026-01-16T21:30:00+00:00,2026-01-16T21:34:59.999000+00:00,99.94552030095109,102.34870159260521,98.87231647143447,100.61662925394579,112.00400216617284,11329.139897237506,4678
2026-01-16T21:35:00+00:00,2026-01-16T21:39:59.999000+00:00,100.61662925394579,103.92053341585803,99.97042815255085,102.53622127300741,143.59239970679266,13790.32528463705,4679
2026-01-16T21:40:00+00:00,2026-01-16T21:44:59.999000+00:00,102.53622127300741,106.06814452943178,101.39528112098893,104.56419134480926,104.0626669602503,15137.129712235439,4680
2026-01-16T21:45:00+00:00,2026-01-16T21:49:59.999000+00:00,104.56419134480926,107.1088841042805,103.96806639437561,106.15183148268754,139.66551498130625,14606.541696816017,4681
2026-01-16T21:50:00+00:00,2026-01-16T21:54:59.999000+00:00,106.15183148268754,109.46778696071365,104.74225513790756,107.72856434661047,121.85704670433473,15357.585139625393,4682
2026-01-16T21:55:00+00:00,2026-01-16T21:59:59.999000+00:00,107.72856434661047,110.43722308954054,106.88822927091736,108.78847869913372,100.40784811136595,11865.547953512563,4683
2026-01-16T22:00:00+00:00,2026-01-16T22:04:59.999000+00:00,108.78847869913372,111.81659241638276,108.11756985102494,110.37616943664825,136.76608120759107,12762.963284597503,4684
2026-01-16T22:05:00+00:00,2026-01-16T22:09:59.999000+00:00,110.37616943664825,112.5922481235764,108.75879085640335,111.48589883924882,111.1222048246471,13114.999156020995,4685
2026-01-16T22:10:00+00:00,2026-01-16T22:14:59.999000+00:00,111.48589883924882,113.11064916663504,109.69362636016463,111.37553579456345,120.65701865909939,13692.403852412319,4686
2026-01-16T22:15:00+00:00,2026-01-16T22:19:59.999000+00:00,111.37553579456345,112.12233560289398,109.5109312519401,110.54493145139413,132.65744750748868,12917.831198139887,4687
2026-01-16T22:20:00+00:00,2026-01-16T22:24:59.999000+00:00,110.54493145139413,111.61789319468598,108.01236783343822,109.56824262082999,141.92221310476134,14886.766708277117,4688
2026-01-16T22:25:00+00:00,2026-01-16T22:29:59.999000+00:00,109.56824262082999,110.23621920496635,105.93080694970423,107.62565860204576,128.29185220094058,11791.382604116126,4689
2026-01-16T22:30:00+00:00,2026-01-16T22:34:59.999000+00:00,107.62565860204576,109.16320703597592,105.23031164220164,106.49971766124139,113.61033031105654,12794.052401476087,4690
2026-01-16T22:35:00+00:00,2026-01-16T22:39:59.999000+00:00,106.49971766124139,107.03297358817477,104.21841417232802,105.28019936663183,139.77593585718802,11112.72252267634,4691
2026-01-16T22:40:00+00:00,2026-01-16T22:44:59.999000+00:00,105.28019936663183,107.01853114614651,102.05430534324084,103.08288772536926,139.16501531331977,12844.522276752681,4692
2026-01-16T22:45:00+00:00,2026-01-16T22:49:59.999000+00:00,103.08288772536926,105.15679288849115,102.02110465102484,103.37600717725554,134.70956308770903,14059.156663573602,4693
2026-01-16T22:50:00+00:00,2026-01-16T22:54:59.999000+00:00,103.37600717725554,104.33417512534945,100.24326017771443,101.5733447312399,126.75594309714592,12561.198872769028,4694
2026-01-16T22:55:00+00:00,2026-01-16T22:59:59.999000+00:00,101.5733447312399,103.33786517360653,100.38459314051326,101.30370223426442,113.55137719889473,12546.888288302498,4695
2026-01-16T23:00:00+00:00,2026-01-16T23:04:59.999000+00:00,101.30370223426442,102.81190351855099,99.57802045470214,102.27171994843546,126.09517410899704,14599.545648898005,4696
2026-01-16T23:05:00+00:00,2026-01-16T23:09:59.999000+00:00,102.27171994843546,103.06306035330174,101.21097386028917,102.4248578510374,127.78378595067494,14588.018865791126,4697
2026-01-16T23:10:00+00:00,2026-01-16T23:14:59.999000+00:00,102.4248578510374,103.24172144138358,100.26161890778961,101.79914488983653,127.69041676816659,12188.05901067113,4698
2026-01-16T23:15:00+00:00,2026-01-16T23:19:59.999000+00:00,101.79914488983653,102.9195041206415,100.32150793359446,101.33677745760122,123.18527627672722,10710.350901639049,4699
2026-01-16T23:20:00+00:00,2026-01-16T23:24:59.999000+00:00,101.33677745760122,102.73358449892369,100.49595417515401,102.02028124813357,137.17778526633194,14653.439184622534,4700
2026-01-16T23:25:00+00:00,2026-01-16T23:29:59.999000+00:00,102.02028124813357,102.66142716347372,100.1274810313604,100.70752808117476,107.59026838617474,14624.081180800971,4701
2026-01-16T23:30:00+00:00,2026-01-16T23:34:59.999000+00:00,100.70752808117476,101.53154148937362,99.81973316834113,100.6835329054272,137.59299556425273,13732.590882015687,4702
2026-01-16T23:35:00+00:00,2026-01-16T23:39:59.999000+00:00,100.6835329054272,102.43349035848759,98.31900575231886,99.04781118115343,125.07259522738768,11534.382811060104,4703
2026-01-16T23:40:00+00:00,2026-01-16T23:44:59.999000+00:00,99.04781118115343,99.98797672013193,97.30743101030733,98.26509027805265,129.7096908231681,13122.496139614641,4704
2026-01-16T23:45:00+00:00,2026-01-16T23:49:59.999000+00:00,98.26509027805265,98.81637195511402,94.36344921269705,95.50048972652286,117.26618417418597,13860.311518484255,4705
2026-01-16T23:50:00+00:00,2026-01-16T23:54:59.999000+00:00,95.50048972652286,97.0670910917093,91.93745577732173,93.69137703698117,100.92472817778004,11162.75944831878,4706
2026-01-16T23:55:00+00:00,2026-01-16T23:59:59.999000+00:00,93.69137703698117,94.88457691908052,90.1380390901829,91.57967793342513,119.89676871294266,10693.441931486774,4707
2026-01-17T00:00:00+00:00,2026-01-17T00:04:59.999000+00:00,91.57967793342513,92.96088573249898,89.25714382349709,90.51869444581463,121.27336858647305,11049.810022658368,4708
2026-01-17T00:05:00+00:00,2026-01-17T00:09:59.999000+00:00,90.51869444581463,91.43793762178132,89.18135484209336,90.07926037801094,148.94137769424594,11692.756957616102,4709
2026-01-17T00:10:00+00:00,2026-01-17T00:14:59.999000+00:00,90.07926037801094,91.40651146894817,88.43085706743359,89.84467480030021,115.78211169127917,10753.817303049005,4710
2026-01-17T00:15:00+00:00,2026-01-17T00:19:59.999000+00:00,89.84467480030021,90.87045112544486,87.1109448286622,88.87581658656767,114.45486866895202,12568.544073230401,4711
2026-01-17T00:20:00+00:00,2026-01-17T00:24:59.999000+00:00,88.87581658656767,90.07125935350346,87.24401756097463,89.05709198227932,133.8671525894288,8938.34745496295,4712
2026-01-17T00:25:00+00:00,2026-01-17T00:29:59.999000+00:00,89.05709198227932,91.08331737467377,88.27433999468559,90.3415873011726,134.901518086662,11854.79675397863,4713
2026-01-17T00:30:00+00:00,2026-01-17T00:34:59.999000+00:00,90.3415873011726,92.3668824269902,89.77480019829694,91.75357542975227,124.87512777438462,9456.116860962116,4714
2026-01-17T00:35:00+00:00,2026-01-17T00:39:59.999000+00:00,91.75357542975227,93.88894409204742,89.98244576368906,93.17997122426782,101.74553498024814,12569.947748581357,4715
2026-01-17T00:40:00+00:00,2026-01-17T00:44:59.999000+00:00,93.17997122426782,94.65115999288986,92.13803992153218,94.05235093214277,109.1840597651155,13283.638768986395,4716
2026-01-17T00:45:00+00:00,2026-01-17T00:49:59.999000+00:00,94.05235093214277,97.16782855641105,93.46570647175972,96.01170203402835,107.59126098032723,11570.06083600944,4717
2026-01-17T00:50:00+00:00,2026-01-17T00:54:59.999000+00:00,96.01170203402835,97.67099734223216,94.29948440413553,96.69891979263342,103.65077383454376,11497.049433593382,4718
2026-01-17T00:55:00+00:00,2026-01-17T00:59:59.999000+00:00,96.69891979263342,100.34545231059987,96.02610483293645,98.6557484028903,119.53344945178556,11925.704442896153,4719
2026-01-17T01:00:00+00:00,2026-01-17T01:04:59.999000+00:00,98.6557484028903,99.92298913169155,96.06822893159467,97.85022729600718,121.7463890774431,11320.75365661719,4720
2026-01-17T01:05:00+00:00,2026-01-17T01:09:59.999000+00:00,97.85022729600718,99.62509082019157,96.29553012568913,98.96990080685853,113.79356161852323,14713.492074332748,4721
2026-01-17T01:10:00+00:00,2026-01-17T01:14:59.999000+00:00,98.96990080685853,99.89342664148468,96.92211597003526,97.8074890545531,129.02920574505583,12834.801281334143,4722
2026-01-17T01:15:00+00:00,2026-01-17T01:19:59.999000+00:00,97.8074890545531,100.40534040491895,97.10297030093892,99.04196765273655,120.61935934138879,14129.51711869835,4723
2026-01-17T01:20:00+00:00,2026-01-17T01:24:59.999000+00:00,99.04196765273655,100.32512322043075,96.65077089795977,97.60318132032502,137.91521104306588,12817.949724442504,4724
2026-01-17T01:25:00+00:00,2026-01-17T01:29:59.999000+00:00,97.60318132032502,100.24691932466659,96.44093251164172,99.00426435696399,111.85414649607227,12245.514672738762,4725
2026-01-17T01:30:00+00:00,2026-01-17T01:34:59.999000+00:00,99.00426435696399,100.22101736417761,97.83230695161748,98.5726215502104,132.47307352672718,11608.78166425225,4726
2026-01-17T01:35:00+00:00,2026-01-17T01:39:59.999000+00:00,98.5726215502104,99.70634468529398,97.59631338175791,99.07862241578195,148.57978300280826,12847.602838402803,4727
2026-01-17T01:40:00+00:00,2026-01-17T01:44:59.999000+00:00,99.07862241578195,101.39406314357124,98.38273454178177,100.75216174103319,120.19850951151494,11401.362034431659,4728
2026-01-17T01:45:00+00:00,2026-01-17T01:49:59.999000+00:00,100.75216174103319,103.626875695889,100.21727208883696,102.33899973624109,112.50689679657422,11724.262438209435,4729
2026-01-17T01:50:00+00:00,2026-01-17T01:54:59.999000+00:00,102.33899973624109,103.68621673067629,101.19748640189736,103.05202084323987,110.34906733764903,13306.337070631545,4730
2026-01-17T01:55:00+00:00,2026-01-17T01:59:59.999000+00:00,103.05202084323987,105.99294735360424,102.51047093188082,105.29773265054678,139.82398941552623,11842.49254418759,4731
2026-01-17T02:00:00+00:00,2026-01-17T02:04:59.999000+00:00,105.29773265054678,107.0873533713842,103.60002420401922,106.48516674559225,126.55427388359058,12622.444076318496,4732
2026-01-17T02:05:00+00:00,2026-01-17T02:09:59.999000+00:00,106.48516674559225,110.89896903561409,104.71563660600307,109.38775509018369,138.83382573704927,14874.01254453662,4733
2026-01-17T02:10:00+00:00,2026-01-17T02:14:59.999000+00:00,109.38775509018369,110.52260067620897,108.0109377312912,109.19869362995661,135.73753183535587,15608.905019595946,4734
2026-01-17T02:15:00+00:00,2026-01-17T02:19:59.999000+00:00,109.19869362995661,111.61503422719628,108.12908785851852,109.9281825924551,127.28166092105293,11910.63795816414,4735
2026-01-17T02:20:00+00:00,2026-01-17T02:24:59.999000+00:00,109.9281825924551,112.90878766516171,109.29991723264143,111.21676466057112,145.16267475366706,13443.26331533892,4736
2026-01-17T02:25:00+00:00,2026-01-17T02:29:59.999000+00:00,111.21676466057112,112.04491365003092,108.33651282882971,110.05379430617995,145.84877338874094,16203.863360845131,4737
2026-01-17T02:30:00+00:00,2026-01-17T02:34:59.999000+00:00,110.05379430617995,111.41322351537549,108.85869712605749,109.60876981185825,108.53045630494586,12102.433910076474,4738
2026-01-17T02:35:00+00:00,2026-01-17T02:39:59.999000+00:00,109.60876981185825,110.77977192493333,106.43194917439088,107.99907313872966,149.97180931074053,10898.836722369424,4739
2026-01-17T02:40:00+00:00,2026-01-17T02:44:59.999000+00:00,107.99907313872966,109.27219381136247,105.56586762584945,106.99034807557717,110.85917074940781,16030.91547284313,4740
2026-01-17T02:45:00+00:00,2026-01-17T02:49:59.999000+00:00,106.99034807557717,108.20841716270766,103.55819883042543,105.12207813311532,114.80009931626486,10818.458476212105,4741
2026-01-17T02:50:00+00:00,2026-01-17T02:54:59.999000+00:00,105.12207813311532,106.08454477292094,102.73241189702892,103.68556189359991,128.12846404040445,15495.228340961416,4742
2026-01-17T02:55:00+00:00,2026-01-17T02:59:59.999000+00:00,103.68556189359991,104.83362007431072,101.731846022559,102.34029764093697,125.32407678656187,10873.721606868385,4743
2026-01-17T03:00:00+00:00,2026-01-17T03:04:59.999000+00:00,102.34029764093697,103.17484448914884,101.04689455724925,101.85952324644018,130.01327182951087,10296.966610977244,4744
2026-01-17T03:05:00+00:00,2026-01-17T03:09:59.999000+00:00,101.85952324644018,102.57282943386248,100.38257385546365,101.07277029803637,105.33525499068905,13931.020465255642,4745
2026-01-17T03:10:00+00:00,2026-01-17T03:14:59.999000+00:00,101.07277029803637,101.77837276528533,98.98650557393765,100.61118393685166,147.295953488821,14026.363044901334,4746
2026-01-17T03:15:00+00:00,2026-01-17T03:19:59.999000+00:00,100.61118393685166,102.82868388122502,99.74179378585298,101.46774065667701,102.19788185208014,11729.598709991657,4747
2026-01-17T03:20:00+00:00,2026-01-17T03:24:59.999000+00:00,101.46774065667701,103.05780356393649,99.732413617353,100.82116005923575,133.57099883628095,13988.814975314057,4748
2026-01-17T03:25:00+00:00,2026-01-17T03:29:59.999000+00:00,100.82116005923575,102.75501365072874,100.05178354354949,101.20772277135961,127.51924799374913,12392.245283593062,4749
2026-01-17T03:30:00+00:00,2026-01-17T03:34:59.999000+00:00,101.20772277135961,101.93630028020297,100.4358010687818,101.2123262992868,143.99836170094102,11970.292834203214,4750
2026-01-17T03:35:00+00:00,2026-01-17T03:39:59.999000+00:00,101.2123262992868,102.0251536915195,100.27836619459553,100.80266644008401,100.62346757289933,12026.630622574472,4751
2026-01-17T03:40:00+00:00,2026-01-17T03:44:59.999000+00:00,100.80266644008401,102.09777702057835,98.9916812076211,100.7849802136864,133.7736750497383,15110.637378590263,4752
2026-01-17T03:45:00+00:00,2026-01-17T03:49:59.999000+00:00,100.7849802136864,101.80990269146024,98.86749440068877,99.72306488379857,120.95767080095989,12588.603547742161,4753
2026-01-17T03:50:00+00:00,2026-01-17T03:54:59.999000+00:00,99.72306488379857,100.79486323590267,97.14068697820578,97.82355954921576,102.92701753495803,13502.597829429538,4754
2026-01-17T03:55:00+00:00,2026-01-17T03:59:59.999000+00:00,97.82355954921576,99.5073116637383,95.70133850749434,96.51003826371948,109.97455112211728,12271.713417870173,4755
2026-01-17T04:00:00+00:00,2026-01-17T04:04:59.999000+00:00,96.51003826371948,97.99311428576402,93.47763223713734,94.75504608581156,125.94769197140702,12972.814654174399,4756
2026-01-17T04:05:00+00:00,2026-01-17T04:09:59.999000+00:00,94.75504608581156,95.34934315057156,93.24109189956177,93.96012541670493,104.2307838346969,13833.633603740676,4757
2026-01-17T04:10:00+00:00,2026-01-17T04:14:59.999000+00:00,93.96012541670493,95.50311783303987,89.59477426675838,91.07245498982738,121.70747655931305,9414.445996419006,4758
2026-01-17T04:15:00+00:00,2026-01-17T04:19:59.999000+00:00,91.07245498982738,92.09877508640552,89.686372857762,90.33897131471929,119.82830105662403,12548.408394034945,4759
2026-01-17T04:20:00+00:00,2026-01-17T04:24:59.999000+00:00,90.33897131471929,91.8732276481068,89.33910678830745,90.12665993148217,144.4391365123091,13461.35980084077,4760
2026-01-17T04:25:00+00:00,2026-01-17T04:29:59.999000+00:00,90.12665993148217,91.37467984551564,88.51226512326421,89.82904075567873,141.09428671010733,11126.671548622806,4761
2026-01-17T04:30:00+00:00,2026-01-17T04:34:59.999000+00:00,89.82904075567873,90.50808399647538,87.72227483876229,89.01506146058156,107.98341731822408,9864.118214928276,4762
2026-01-17T04:35:00+00:00,2026-01-17T04:39:59.999000+00:00,89.01506146058156,91.15295230182157,87.48609094685861,90.07691441798806,130.32073330537227,12997.777605190213,4763
2026-01-17T04:40:00+00:00,2026-01-17T04:44:59.999000+00:00,90.07691441798806,90.84347412885936,88.4599218704017,90.28816916212192,147.69610264878395,10614.847999759424,4764
2026-01-17T04:45:00+00:00,2026-01-17T04:49:59.999000+00:00,90.28816916212192,93.1798106404419,89.47166718574042,91.52356034583958,116.08466672192222,9240.36443271082,4765
2026-01-17T04:50:00+00:00,2026-01-17T04:54:59.999000+00:00,91.52356034583958,96.09556894432751,90.66010745886052,94.41972308863193,115.75419465026293,11338.60240658733,4766
2026-01-17T04:55:00+00:00,2026-01-17T04:59:59.999000+00:00,94.41972308863193,97.14181108681153,93.20088485156286,95.94685333844183,119.71629470911668,13620.493819632433,4767
2026-01-17T05:00:00+00:00,2026-01-17T05:04:59.999000+00:00,95.94685333844183,97.43486085076287,95.24298742524418,95.94687838543231,117.69476280811182,10909.864294799181,4768
2026-01-17T05:05:00+00:00,2026-01-17T05:09:59.999000+00:00,95.94687838543231,98.86819652221055,94.28036093552822,97.1506575968772,125.9083145126423,13777.23784916341,4769
2026-01-17T05:10:00+00:00,2026-01-17T05:14:59.999000+00:00,97.1506575968772,100.41338651606004,95.73795466396139,98.94670018493595,120.62321035107122,10337.695390671164,4770
2026-01-17T05:15:00+00:00,2026-01-17T05:19:59.999000+00:00,98.94670018493595,99.50477551566749,97.74457206515113,98.40640385699116,109.23783146345379,12928.13967711476,4771
2026-01-17T05:20:00+00:00,2026-01-17T05:24:59.999000+00:00,98.40640385699116,100.41923561486453,96.77666806484702,99.11426813206758,123.27000018427037,14551.47749679672,4772
2026-01-17T05:25:00+00:00,2026-01-17T05:29:59.999000+00:00,99.11426813206758,99.93703838348037,97.1679735994281,98.34384955393647,133.43989122299143,9936.818929586085,4773
2026-01-17T05:30:00+00:00,2026-01-17T05:34:59.999000+00:00,98.34384955393647,100.05009457758986,97.74555767294532,98.70267356737087,112.24131773357287,12259.510777194626,4774
2026-01-17T05:35:00+00:00,2026-01-17T05:39:59.999000+00:00,98.70267356737087,99.94102327394218,97.17328249877208,98.27749168559527,133.6654280252346,13578.198538856297,4775
2026-01-17T05:40:00+00:00,2026-01-17T05:44:59.999000+00:00,98.27749168559527,100.24566260853686,97.05751816044317,99.36862043001446,128.6390072034063,12229.480088545652,4776
2026-01-17T05:45:00+00:00,2026-01-17T05:49:59.999000+00:00,99.36862043001446,100.34836610376139,97.46461283250711,99.22961632178634,115.4348174794174,13841.118114985062,4777
2026-01-17T05:50:00+00:00,2026-01-17T05:54:59.999000+00:00,99.22961632178634,101.74398593697455,97.85009487074558,99.96209701906223,113.4440289480656,10802.510831757078,4778
2026-01-17T05:55:00+00:00,2026-01-17T05:59:59.999000+00:00,99.96209701906223,103.28746424185147,98.2079992800202,101.64368300203478,140.13166475844233,13492.724481103307,4779
2026-01-17T06:00:00+00:00,2026-01-17T06:04:59.999000+00:00,101.64368300203478,103.96175752490261,100.43484213103578,102.88762775707188,109.4105016108141,12138.502900068132,4780
2026-01-17T06:05:00+00:00,2026-01-17T06:09:59.999000+00:00,102.88762775707188,104.99892479952166,102.31947558421207,104.02177166515276,132.88299545789755,10875.407547996101,4781
2026-01-17T06:10:00+00:00,2026-01-17T06:14:59.999000+00:00,104.02177166515276,108.023596736846,103.51911469456033,106.52545524754612,102.04494599859922,11324.027488314681,4782
2026-01-17T06:15:00+00:00,2026-01-17T06:19:59.999000+00:00,106.52545524754612,109.20749026795613,104.95307871320921,107.50045259116028,125.29112570149711,14912.765174058399,4783
2026-01-17T06:20:00+00:00,2026-01-17T06:24:59.999000+00:00,107.50045259116028,109.85377971773455,106.97002837158415,108.71892507773497,118.23431511894002,11599.696065904935,4784
2026-01-17T06:25:00+00:00,2026-01-17T06:29:59.999000+00:00,108.71892507773497,111.82792467882956,108.15756343033442,110.1038747830372,144.88222464936686,16443.113104483014,4785
2026-01-17T06:30:00+00:00,2026-01-17T06:34:59.999000+00:00,110.1038747830372,112.5703246547549,109.14770828904066,110.86128714859045,100.81701025289237,13795.380802783395,4786
2026-01-17T06:35:00+00:00,2026-01-17T06:39:59.999000+00:00,110.86128714859045,111.83455450315441,109.84146978080632,110.78413856000584,108.27563853726639,13866.683083895734,4787
2026-01-17T06:40:00+00:00,2026-01-17T06:44:59.999000+00:00,110.78413856000584,112.31641298311605,108.73252552554993,109.76394150407776,108.52389603742975,12456.913960143742,4788
2026-01-17T06:45:00+00:00,2026-01-17T06:49:59.999000+00:00,109.76394150407776,111.81716619649893,108.51200277987992,110.30396695478646,140.74881331184704,11322.616706928613,4789
2026-01-17T06:50:00+00:00,2026-01-17T06:54:59.999000+00:00,110.30396695478646,111.25815232929419,106.85325344565257,107.55877096431293,116.53412351767872,12010.84187331928,4790
2026-01-17T06:55:00+00:00,2026-01-17T06:59:59.999000+00:00,107.55877096431293,108.5713510323441,106.30916721772783,107.39090052194832,122.62913560073228,13199.376006502656,4791
2026-01-17T07:00:00+00:00,2026-01-17T07:04:59.999000+00:00,107.39090052194832,108.45032310751205,104.68127473135849,105.40043317285786,128.74626198519562,14852.802894924023,4792
2026-01-17T07:05:00+00:00,2026-01-17T07:09:59.999000+00:00,105.40043317285786,106.3028952225747,102.77700160629594,103.90432671655704,132.25867138163255,13490.808747448165,4793
2026-01-17T07:10:00+00:00,2026-01-17T07:14:59.999000+00:00,103.90432671655704,104.46043118111918,101.5548866987784,103.22587398265738,126.7131286061208,11335.954853994479,4794
2026-01-17T07:15:00+00:00,2026-01-17T07:19:59.999000+00:00,103.22587398265738,104.60876959630549,100.40955616891942,101.39978632233927,100.6113520792029,13979.930316349506,4795
2026-01-17T07:20:00+00:00,2026-01-17T07:24:59.999000+00:00,101.39978632233927,103.05412268443074,99.97401863550049,101.05512580549888,133.06100678369899,14908.995615703847,4796
2026-01-17T07:25:00+00:00,2026-01-17T07:29:59.999000+00:00,101.05512580549888,102.40812314305244,99.61863258294828,100.17568289961777,113.62899406753127,11446.87251093645,4797
2026-01-17T07:30:00+00:00,2026-01-17T07:34:59.999000+00:00,100.17568289961777,102.32808419828014,99.04251313531226,101.06978428502329,136.5985080310196,11611.303230312564,4798
2026-01-17T07:35:00+00:00,2026-01-17T07:39:59.999000+00:00,101.06978428502329,101.78937646175513,99.4316690793517,101.2684198510338,101.32897040798673,12926.6480915093,4799
2026-01-17T07:40:00+00:00,2026-01-17T07:44:59.999000+00:00,101.2684198510338,102.07800489727931,100.35070602032533,101.36497101425816,132.51130216684163,11234.957060815133,4800
2026-01-17T07:45:00+00:00,2026-01-17T07:49:59.999000+00:00,101.36497101425816,103.14238122530168,100.09979552653877,101.39883512111554,121.07115154120635,12551.192657075484,4801
2026-01-17T07:50:00+00:00,2026-01-17T07:54:59.999000+00:00,101.39883512111554,101.90924115411445,98.23302518750451,99.9658471295797,148.929123166728,10765.95682009326,4802
2026-01-17T07:55:00+00:00,2026-01-17T07:59:59.999000+00:00,99.9658471295797,101.5678550625358,98.11166078028754,99.74025282124713,138.62960094088385,10448.9659751829,4803
2026-01-17T08:00:00+00:00,2026-01-17T08:04:59.999000+00:00,99.74025282124713,100.85765049702337,97.65264881276485,99.38491755918864,134.4764130085892,10157.88736284555,4804
2026-01-17T08:05:00+00:00,2026-01-17T08:09:59.999000+00:00,99.38491755918864,100.36217347661808,96.40130985356342,97.73436884750961,141.67827591190127,11707.97521012336,4805
2026-01-17T08:10:00+00:00,2026-01-17T08:14:59.999000+00:00,97.73436884750961,98.55273962659919,95.35400500889803,96.30155305515879,112.11242302122513,11085.026263053223,4806
2026-01-17T08:15:00+00:00,2026-01-17T08:19:59.999000+00:00,96.30155305515879,97.79038285758412,93.09307419987844,94.71554609328997,128.0743405363133,13234.166876255278,4807
2026-01-17T08:20:00+00:00,2026-01-17T08:24:59.999000+00:00,94.71554609328997,96.38966737558236,91.43220658933133,92.13804006027631,107.42098953773856,13348.402564040729,4808
2026-01-17T08:25:00+00:00,2026-01-17T08:29:59.999000+00:00,92.13804006027631,93.81414064628747,89.78983677492245,90.72523149256516,120.50603580791172,13569.566388717169,4809
2026-01-17T08:30:00+00:00,2026-01-17T08:34:59.999000+00:00,90.72523149256516,92.04258952750973,88.75508496044584,90.48016363186025,142.88672689093454,11091.714204530674,4810
2026-01-17T08:35:00+00:00,2026-01-17T08:39:59.999000+00:00,90.48016363186025,91.44862071716763,87.62373911720417,89.41714243550108,110.60600976546911,9932.560528616686,4811
2026-01-17T08:40:00+00:00,2026-01-17T08:44:59.999000+00:00,89.41714243550108,91.1391454347348,87.10681598949975,88.43253312738099,113.22541910632894,9887.745246783305,4812
2026-01-17T08:45:00+00:00,2026-01-17T08:49:59.999000+00:00,88.43253312738099,90.03159531505572,87.58459065541574,88.97093265895897,109.17894483052177,12678.413888660143,4813
2026-01-17T08:50:00+00:00,2026-01-17T08:54:59.999000+00:00,88.97093265895897,91.40766874060232,87.44691389928369,89.86941246331806,144.99748474760568,13193.560491108505,4814
2026-01-17T08:55:00+00:00,2026-01-17T08:59:59.999000+00:00,89.86941246331806,92.55212652687487,88.85642979678789,91.82092427328492,111.93202979514876,9945.35717100776,4815
2026-01-17T09:00:00+00:00,2026-01-17T09:04:59.999000+00:00,91.82092427328492,93.88145972816973,90.04253635209015,93.01420328496515,102.6845520840336,10125.925063224176,4816
2026-01-17T09:05:00+00:00,2026-01-17T09:09:59.999000+00:00,93.01420328496515,95.66257527705714,91.60840066996954,94.17657023038691,111.75753134282473,9875.236084620836,4817
2026-01-17T09:10:00+00:00,2026-01-17T09:14:59.999000+00:00,94.17657023038691,97.99759957834694,93.4092804768475,96.45450794164312,146.98249878150654,11540.907812392265,4818
2026-01-17T09:15:00+00:00,2026-01-17T09:19:59.999000+00:00,96.45450794164312,97.80125410631575,94.78312015564241,96.94857533245282,115.58072001690611,10317.615546149962,4819
2026-01-17T09:20:00+00:00,2026-01-17T09:24:59.999000+00:00,96.94857533245282,100.05716460024267,95.87282716754144,98.99644555974037,143.45402580008002,11376.421923356407,4820
2026-01-17T09:25:00+00:00,2026-01-17T09:29:59.999000+00:00,98.99644555974037,100.0353126464642,96.66182809101615,98.3635144418761,146.10024657275844,11451.757130182548,4821
2026-01-17T09:30:00+00:00,2026-01-17T09:34:59.999000+00:00,98.3635144418761,101.2436073509454,97.67448698314189,99.56193897462167,130.40196459151508,13836.947392805114,4822
2026-01-17T09:35:00+00:00,2026-01-17T09:39:59.999000+00:00,99.56193897462167,101.01873226478976,98.06092345624859,99.72839791714613,143.7313383150215,13449.04055048387,4823
2026-01-17T09:40:00+00:00,2026-01-17T09:44:59.999000+00:00,99.72839791714613,100.47128970858398,99.05792666641561,99.79418770563677,119.44476612882644,12639.770735290092,4824
2026-01-17T09:45:00+00:00,2026-01-17T09:49:59.999000+00:00,99.79418770563677,100.45002999744146,98.61071056636048,99.82277505900424,104.36414856413158,12566.689033679644,4825
2026-01-17T09:50:00+00:00,2026-01-17T09:54:59.999000+00:00,99.82277505900424,101.34394836543026,97.9553541640859,99.14682866791551,118.34247908574383,11599.627704172268,4826
2026-01-17T09:55:00+00:00,2026-01-17T09:59:59.999000+00:00,99.14682866791551,100.43430075994132,97.81121118571139,99.30105713131734,123.78146771034015,10249.0936092282,4827
2026-01-17T10:00:00+00:00,2026-01-17T10:04:59.999000+00:00,99.30105713131734,101.43793044428129,97.55975068327605,100.09464660960056,124.22779141308942,10362.351858509375,4828
2026-01-17T10:05:00+00:00,2026-01-17T10:09:59.999000+00:00,100.09464660960056,101.9395925291093,98.6584684405646,101.0826963203864,140.83480079801467,10925.808121610246,4829
2026-01-17T10:10:00+00:00,2026-01-17T10:14:59.999000+00:00,101.0826963203864,103.65437890264454,100.4324207180381,102.37246058429773,130.17203689551997,14109.751714934635,4830
2026-01-17T10:15:00+00:00,2026-01-17T10:19:59.999000+00:00,102.37246058429773,105.10380890021202,101.54672420394452,103.38677837591115,133.29088311392832,14981.565787561898,4831
2026-01-17T10:20:00+00:00,2026-01-17T10:24:59.999000+00:00,103.38677837591115,106.67271923456919,101.66093766127905,105.15111280989152,122.70781078649722,12726.14651764057,4832
2026-01-17T10:25:00+00:00,2026-01-17T10:29:59.999000+00:00,105.15111280989152,108.07736953354785,104.35015279793991,107.33042763765015,149.13776690814007,11429.812019649316,4833
2026-01-17T10:30:00+00:00,2026-01-17T10:34:59.999000+00:00,107.33042763765015,110.02356408304,106.315414147443,108.30421435388155,105.10943912412039,13983.03560696471,4834
2026-01-17T10:35:00+00:00,2026-01-17T10:39:59.999000+00:00,108.30421435388155,110.55117676613204,106.70896519401613,109.03240888430089,108.26900778666871,12884.18853819909,4835
2026-01-17T10:40:00+00:00,2026-01-17T10:44:59.999000+00:00,109.03240888430089,112.24505585089376,107.95226211073442,110.66840985542407,133.31166512799342,11702.877991409296,4836
2026-01-17T10:45:00+00:00,2026-01-17T10:49:59.999000+00:00,110.66840985542407,113.2159009304086,109.34131982431396,111.49757451533873,118.91547964294763,15811.36807861985,4837
2026-01-17T10:50:00+00:00,2026-01-17T10:54:59.999000+00:00,111.49757451533873,112.12258251511383,110.37832202105622,111.0245682564227,123.20551679359535,13246.170964736244,4838
2026-01-17T10:55:00+00:00,2026-01-17T10:59:59.999000+00:00,111.0245682564227,112.43230905817076,108.50338389330233,110.17267016165712,145.0025748724649,13788.676604595546,4839
2026-01-17T11:00:00+00:00,2026-01-17T11:04:59.999000+00:00,110.17267016165712,111.2862947012318,107.66954371918447,109.30492743099269,124.43710082191278,12686.65766255517,4840
2026-01-17T11:05:00+00:00,2026-01-17T11:09:59.999000+00:00,109.30492743099269,110.3862921240663,106.2476539083965,107.69069672650987,111.3036848012194,14834.768227463088,4841
2026-01-17T11:10:00+00:00,2026-01-17T11:14:59.999000+00:00,107.69069672650987,109.38310949629538,105.36811932649357,106.32095961837538,133.72963571314784,12979.097997277306,4842
2026-01-17T11:15:00+00:00,2026-01-17T11:19:59.999000+00:00,106.32095961837538,107.07906675784724,103.50071926385745,104.08032720891049,100.07442930741293,14059.76318537702,4843
2026-01-17T11:20:00+00:00,2026-01-17T11:24:59.999000+00:00,104.08032720891049,105.28521093146554,102.11060917219858,103.20335909638159,144.4564738557493,15359.862164943343,4844
2026-01-17T11:25:00+00:00,2026-01-17T11:29:59.999000+00:00,103.20335909638159,104.75959689166487,100.18909951762186,101.8052952577161,132.89284431609252,14870.094859017376,4845
2026-01-17T11:30:00+00:00,2026-01-17T11:34:59.999000+00:00,101.8052952577161,102.99208655666358,100.3977445220852,101.43732417524711,101.18390778078081,12210.431787432417,4846
2026-01-17T11:35:00+00:00,2026-01-17T11:39:59.999000+00:00,101.43732417524711,102.95309160177268,98.90323925632268,99.51627949669776,123.78162765472544,10207.243229611562,4847
2026-01-17T11:40:00+00:00,2026-01-17T11:44:59.999000+00:00,99.51627949669776,100.84702730292769,98.26569702260096,99.48320436780917,144.82364321644764,14393.428554587612,4848
2026-01-17T11:45:00+00:00,2026-01-17T11:49:59.999000+00:00,99.48320436780917,100.67000448915499,98.83737884467547,99.98989280257885,108.24034699378721,12969.779554409413,4849
2026-01-17T11:50:00+00:00,2026-01-17T11:54:59.999000+00:00,99.98989280257885,100.83909177907942,97.95886216213209,99.31298428537374,103.90960273558593,11439.048729116976,4850
2026-01-17T11:55:00+00:00,2026-01-17T11:59:59.999000+00:00,99.31298428537374,101.1574382575538,98.46125476933825,100.10096737186184,130.40549505223166,10974.971191784636,4851
2026-01-17T12:00:00+00:00,2026-01-17T12:04:59.999000+00:00,100.10096737186184,102.13169829762494,99.27352071704522,100.65784361291381,127.54502552009929,13953.402561670659,4852
2026-01-17T12:05:00+00:00,2026-01-17T12:09:59.999000+00:00,100.65784361291381,101.98201711064253,98.01125057241008,99.42191375900937,114.27017523969276,11112.839300842983,4853
2026-01-17T12:10:00+00:00,2026-01-17T12:14:59.999000+00:00,99.42191375900937,100.49123317058697,97.64513221207326,99.73831164049751,143.9389204479298,10377.188550299092,4854
2026-01-17T12:15:00+00:00,2026-01-17T12:19:59.999000+00:00,99.73831164049751,100.25247937710371,96.91800465333792,97.81883846250129,137.12235812485488,10994.390263137577,4855
2026-01-17T12:20:00+00:00,2026-01-17T12:24:59.999000+00:00,97.81883846250129,99.13843378040045,96.032502018864,97.71450263018087,117.08077655036911,12731.373278138359,4856
2026-01-17T12:25:00+00:00,2026-01-17T12:29:59.999000+00:00,97.71450263018087,99.32015324198186,93.72128269719792,95.49171394888604,102.88110535315916,9911.867790282253,4857
2026-01-17T12:30:00+00:00,2026-01-17T12:34:59.999000+00:00,95.49171394888604,96.36275853943143,93.64941319124485,94.24786681495368,103.88028350850247,11929.231929402747,4858
2026-01-17T12:35:00+00:00,2026-01-17T12:39:59.999000+00:00,94.24786681495368,95.69577759697978,90.80806405262321,91.79867451315833,100.7419648398204,10052.59183655489,4859
2026-01-17T12:40:00+00:00,2026-01-17T12:44:59.999000+00:00,91.79867451315833,93.43848402351195,89.34501805576708,90.92723550750678,130.07069747565185,9111.722028145876,4860
2026-01-17T12:45:00+00:00,2026-01-17T12:49:59.999000+00:00,90.92723550750678,92.16443075521623,89.32245545221664,90.38219595631568,121.93673576436949,9639.098889558476,4861
2026-01-17T12:50:00+00:00,2026-01-17T12:54:59.999000+00:00,90.38219595631568,91.9217849660775,88.69402241611945,89.22691850345689,129.69652129097852,11059.546087080145,4862
2026-01-17T12:55:00+00:00,2026-01-17T12:59:59.999000+00:00,89.22691850345689,90.66287752724605,87.96427535009141,89.40726106026239,143.33758024391906,11573.922028917454,4863
2026-01-17T13:00:00+00:00,2026-01-17T13:04:59.999000+00:00,89.40726106026239,90.1722311696303,87.32057605270434,88.73895758721237,107.17238656337281,12354.351904019004,4864
2026-01-17T13:05:00+00:00,2026-01-17T13:09:59.999000+00:00,88.73895758721237,91.31261072729404,86.98373467516149,89.76691372784391,104.7458364892003,9789.317681917437,4865
2026-01-17T13:10:00+00:00,2026-01-17T13:14:59.999000+00:00,89.76691372784391,93.48780709430366,88.12010463525664,92.28360124391116,121.64463809592178,13196.99812619518,4866
2026-01-17T13:15:00+00:00,2026-01-17T13:19:59.999000+00:00,92.28360124391116,95.28182321234173,91.22837391257002,93.66832684997028,128.9123771538387,11861.553810196649,4867
2026-01-17T13:20:00+00:00,2026-01-17T13:24:59.999000+00:00,93.66832684997028,96.09851343520208,92.11530725594409,95.3134084754517,127.22611730903103,9604.964073170833,4868
2026-01-17T13:25:00+00:00,2026-01-17T13:29:59.999000+00:00,95.3134084754517,97.72616341926833,94.11653639105037,96.21390770254472,145.66084792427426,9720.54966217488,4869
2026-01-17T13:30:00+00:00,2026-01-17T13:34:59.999000+00:00,96.21390770254472,99.29509046118204,95.23938022112068,97.6550123524202,116.94535197010993,10243.858035446901,4870
2026-01-17T13:35:00+00:00,2026-01-17T13:39:59.999000+00:00,97.6550123524202,99.39345144338736,96.16143860279945,98.62959600750067,127.30434237521901,14022.003974163634,4871
2026-01-17T13:40:00+00:00,2026-01-17T13:44:59.999000+00:00,98.62959600750067,100.68627638578158,96.8359769731288,98.98111562803523,120.02876375061891,10901.304228470857,4872
2026-01-17T13:45:00+00:00,2026-01-17T13:49:59.999000+00:00,98.98111562803523,102.16163773666598,97.39194731454218,100.41235768050653,120.56069630098115,11940.915670338629,4873
2026-01-17T13:50:00+00:00,2026-01-17T13:54:59.999000+00:00,100.41235768050653,101.18995684033136,99.42998057721553,100.0892888698807,142.4339371601266,13706.086581377314,4874
2026-01-17T13:55:00+00:00,2026-01-17T13:59:59.999000+00:00,100.0892888698807,101.81606502741735,98.96183290180123,101.11124495062356,105.04564107413626,11848.158050892662,4875
2026-01-17T14:00:00+00:00,2026-01-17T14:04:59.999000+00:00,101.11124495062356,102.09020229180608,99.2656550337217,100.98596811000098,143.2516121300606,13190.090532338509,4876
2026-01-17T14:05:00+00:00,2026-01-17T14:09:59.999000+00:00,100.98596811000098,101.96353364737368,99.18411096002298,100.01821864468991,114.36033690540474,12044.180859260568,4877
2026-01-17T14:10:00+00:00,2026-01-17T14:14:59.999000+00:00,100.01821864468991,102.41580340279567,98.2342234554324,100.88126250118198,123.53707613629624,12420.890006828755,4878
2026-01-17T14:15:00+00:00,2026-01-17T14:19:59.999000+00:00,100.88126250118198,102.34129223561487,100.04754928773637,101.0879811108582,143.56608285600348,13422.054353950654,4879
2026-01-17T14:20:00+00:00,2026-01-17T14:24:59.999000+00:00,101.0879811108582,102.47828401692733,100.1982236513617,101.4944819714381,149.50327497464525,11891.532674458069,4880
2026-01-17T14:25:00+00:00,2026-01-17T14:29:59.999000+00:00,101.4944819714381,103.38703158090891,100.92239995452712,102.5354815633013,122.89057453432926,14705.414362132658,4881
2026-01-17T14:30:00+00:00,2026-01-17T14:34:59.999000+00:00,102.5354815633013,105.32816191038421,101.32040290606025,104.59553002276208,118.16861245006527,15075.303481214267,4882
2026-01-17T14:35:00+00:00,2026-01-17T14:39:59.999000+00:00,104.59553002276208,107.17128689216688,103.67985355019529,105.91542170197184,141.1847790451422,10705.62288144485,4883
2026-01-17T14:40:00+00:00,2026-01-17T14:44:59.999000+00:00,105.91542170197184,107.73881529323855,104.60828032685063,106.38821700190229,116.54976720206568,10971.776161347285,4884
2026-01-17T14:45:00+00:00,2026-01-17T14:49:59.999000+00:00,106.38821700190229,110.38036955038693,105.16580010174933,109.3601560851429,127.13480533538548,15329.551372650169,4885
2026-01-17T14:50:00+00:00,2026-01-17T14:54:59.999000+00:00,109.3601560851429,110.63809218879229,107.74502043172933,109.31670627434062,137.85053763324765,11693.963130034812,4886
2026-01-17T14:55:00+00:00,2026-01-17T14:59:59.999000+00:00,109.31670627434062,111.72531709595363,108.63948827983114,110.34290043429344,138.54478848648208,13304.16232018518,4887
2026-01-17T15:00:00+00:00,2026-01-17T15:04:59.999000+00:00,110.34290043429344,112.05270580575004,108.82786510037253,111.33704275080346,134.32569736824001,12791.96464240615,4888
2026-01-17T15:05:00+00:00,2026-01-17T15:09:59.999000+00:00,111.33704275080346,111.84905837882661,109.53330569860036,111.19310708777724,131.8531786141415,13795.907921944457,4889
2026-01-17T15:10:00+00:00,2026-01-17T15:14:59.999000+00:00,111.19310708777724,111.85981510240767,109.33461009078565,110.22056555512079,140.91366620637535,12750.593743031872,4890
2026-01-17T15:15:00+00:00,2026-01-17T15:19:59.999000+00:00,110.22056555512079,111.89312381123145,107.44715582668226,108.41339797914206,121.11227637685552,10846.502178119734,4891
2026-01-17T15:20:00+00:00,2026-01-17T15:24:59.999000+00:00,108.41339797914206,109.03604115903208,106.72466496509843,108.19869209298744,131.37025578483224,14343.960694999005,4892
2026-01-17T15:25:00+00:00,2026-01-17T15:29:59.999000+00:00,108.19869209298744,109.2112661285521,104.65203036003875,106.30620057969038,126.87558495424291,11888.13363370739,4893
2026-01-17T15:30:00+00:00,2026-01-17T15:34:59.999000+00:00,106.30620057969038,107.34447408391375,103.36660843291376,104.59382228921739,148.78042909310545,13891.61742663089,4894
2026-01-17T15:35:00+00:00,2026-01-17T15:39:59.999000+00:00,104.59382228921739,105.89897711526227,102.00148117940975,102.60765324074832,105.44907706152279,12265.001791177765,4895
2026-01-17T15:40:00+00:00,2026-01-17T15:44:59.999000+00:00,102.60765324074832,103.19755873636853,100.17956945300242,101.7870578137123,100.5010741069925,11607.639050579815,4896
2026-01-17T15:45:00+00:00,2026-01-17T15:49:59.999000+00:00,101.7870578137123,103.51482798817004,99.87100472542734,100.50987737877068,140.39144622647396,13619.122641215468,4897
2026-01-17T15:50:00+00:00,2026-01-17T15:54:59.999000+00:00,100.50987737877068,101.9453308315282,98.80384533384405,99.77370865981949,115.37515760060548,13962.046225206723,4898
2026-01-17T15:55:00+00:00,2026-01-17T15:59:59.999000+00:00,99.77370865981949,101.53476444872003,98.00961171891444,99.38215492902381,146.91147988753974,14378.092083108144,4899
2026-01-17T16:00:00+00:00,2026-01-17T16:04:59.999000+00:00,99.38215492902381,100.38680792069898,98.28362218357942,99.39839668434611,109.5881319005108,13385.108915090384,4900
2026-01-17T16:05:00+00:00,2026-01-17T16:09:59.999000+00:00,99.39839668434611,101.61159447289013,98.65751628356936,100.08787679169347,148.27665541115775,12061.657711053105,4901
2026-01-17T16:10:00+00:00,2026-01-17T16:14:59.999000+00:00,100.08787679169347,101.80535254256239,98.57629173485363,99.32359056453127,137.1514809463569,10655.496063467748,4902
2026-01-17T16:15:00+00:00,2026-01-17T16:19:59.999000+00:00,99.32359056453127,100.23336377046478,97.15103346855744,98.93601253151532,129.86393819043602,10715.046025582027,4903
2026-01-17T16:20:00+00:00,2026-01-17T16:24:59.999000+00:00,98.93601253151532,100.11265727037443,97.30566010735419,98.79394225778174,126.83399137628624,13265.420895239413,4904
2026-01-17T16:25:00+00:00,2026-01-17T16:29:59.999000+00:00,98.79394225778174,99.66808840303541,97.4779097384996,98.440246598542,121.4694889292534,14386.613882083671,4905
2026-01-17T16:30:00+00:00,2026-01-17T16:34:59.999000+00:00,98.440246598542,99.7822264747624,96.52603362844994,98.06379231966692,124.63248510182925,10237.377809408694,4906
2026-01-17T16:35:00+00:00,2026-01-17T16:39:59.999000+00:00,98.06379231966692,98.69440467419629,95.16288694547895,95.92454653792628,131.93732479864036,9790.726448499512,4907
2026-01-17T16:40:00+00:00,2026-01-17T16:44:59.999000+00:00,95.92454653792628,97.59723792317406,93.90362165013451,94.95932151978096,111.77792793303989,12748.658495873708,4908
2026-01-17T16:45:00+00:00,2026-01-17T16:49:59.999000+00:00,94.95932151978096,95.55413072919768,92.2356838420263,93.54063532867016,135.53606852404627,10166.213532725778,4909
2026-01-17T16:50:00+00:00,2026-01-17T16:54:59.999000+00:00,93.54063532867016,94.985325078762,90.61782708068993,91.8838768286277,121.54458335884304,12635.58813213197,4910
2026-01-17T16:55:00+00:00,2026-01-17T16:59:59.999000+00:00,91.8838768286277,93.49276262708786,89.6165890086668,91.08927939139953,104.21121450817515,11999.340452025312,4911
2026-01-17T17:00:00+00:00,2026-01-17T17:04:59.999000+00:00,91.08927939139953,91.70744971846246,88.38782180712147,89.18110430993609,100.03854328344256,9034.548378183008,4912
2026-01-17T17:05:00+00:00,2026-01-17T17:09:59.999000+00:00,89.18110430993609,89.76931241252078,88.50344795388055,89.22221916128208,106.52698043285555,10711.552546556373,4913
2026-01-17T17:10:00+00:00,2026-01-17T17:14:59.999000+00:00,89.22221916128208,90.77538005313409,87.43512886945021,88.92881692016189,114.39178306475446,12768.171644472706,4914
2026-01-17T17:15:00+00:00,2026-01-17T17:19:59.999000+00:00,88.92881692016189,91.629681371282,87.37235367615632,89.91669672821972,103.54007246091182,13291.558636289574,4915
2026-01-17T17:20:00+00:00,2026-01-17T17:24:59.999000+00:00,89.91669672821972,92.58460168825988,89.27844551281957,90.86872755835859,115.3892598755618,13573.598216264338,4916
2026-01-17T17:25:00+00:00,2026-01-17T17:29:59.999000+00:00,90.86872755835859,93.10021305913607,89.49767701507452,91.51075960048436,117.57134198732892,10979.150677658441,4917
2026-01-17T17:30:00+00:00,2026-01-17T17:34:59.999000+00:00,91.51075960048436,94.67011952352401,90.54936702007875,93.14848900198982,107.63539298476958,12451.654763422535,4918
2026-01-17T17:35:00+00:00,2026-01-17T17:39:59.999000+00:00,93.14848900198982,95.8834238577643,91.83699377590776,95.10493053984948,102.5669088819484,10987.74351253181,4919
2026-01-17T17:40:00+00:00,2026-01-17T17:44:59.999000+00:00,95.10493053984948,98.66159251294378,94.37799030235601,97.79142410503435,138.8218510940414,12688.500578048805,4920
2026-01-17T17:45:00+00:00,2026-01-17T17:49:59.999000+00:00,97.79142410503435,99.55081991622009,96.41987240889041,98.32216014173629,107.80885922772522,10171.976658309455,4921
2026-01-17T17:50:00+00:00,2026-01-17T17:54:59.999000+00:00,98.32216014173629,100.81914880428059,97.40278902058854,99.8961768885398,125.18972080525303,12796.27852017829,4922
2026-01-17T17:55:00+00:00,2026-01-17T17:59:59.999000+00:00,99.8961768885398,101.56017198532413,99.13396584593613,100.52846179539036,110.00275958382383,13931.46823897604,4923
2026-01-17T18:00:00+00:00,2026-01-17T18:04:59.999000+00:00,100.52846179539036,101.1730104635848,99.118292269139,100.0982656438506,137.96960035700002,11307.940015830778,4924
2026-01-17T18:05:00+00:00,2026-01-17T18:09:59.999000+00:00,100.0982656438506,102.90277674339328,99.47492817897376,101.69888082187506,132.62063324848305,13713.773171796218,4925
2026-01-17T18:10:00+00:00,2026-01-17T18:14:59.999000+00:00,101.69888082187506,102.26310461238026,100.32319316417389,100.9781579967611,128.94165259730212,10438.152847891728,4926
2026-01-17T18:15:00+00:00,2026-01-17T18:19:59.999000+00:00,100.9781579967611,102.16999818765206,99.58209284728903,100.46058648575094,112.3680901804352,12556.672848710534,4927
2026-01-17T18:20:00+00:00,2026-01-17T18:24:59.999000+00:00,100.46058648575094,102.11578554520962,98.94778591540232,101.57781001727906,136.74671252373417,12534.748619508779,4928
2026-01-17T18:25:00+00:00,2026-01-17T18:29:59.999000+00:00,101.57781001727906,103.04915193863422,100.18595631847711,101.05661037448215,116.92776776856151,13455.002394552457,4929
2026-01-17T18:30:00+00:00,2026-01-17T18:34:59.999000+00:00,101.05661037448215,102.79410147397013,99.78285989105908,101.78501154190992,112.16462328742233,12107.448494293865,4930
2026-01-17T18:35:00+00:00,2026-01-17T18:39:59.999000+00:00,101.78501154190992,102.40761673532378,100.49526904336734,101.76927664489271,128.6062305479553,11063.778860927488,4931
2026-01-17T18:40:00+00:00,2026-01-17T18:44:59.999000+00:00,101.76927664489271,104.75188409407593,100.88426528425263,103.15351360812379,120.85219176725514,13042.211143739081,4932
2026-01-17T18:45:00+00:00,2026-01-17T18:49:59.999000+00:00,103.15351360812379,105.04378797835207,102.24624594420726,104.17240330970229,118.5554529170647,12213.707165373859,4933
2026-01-17T18:50:00+00:00,2026-01-17T18:54:59.999000+00:00,104.17240330970229,106.55716141638972,103.39778702646574,105.90299225260539,101.76334403636372,13862.191474374367,4934
2026-01-17T18:55:00+00:00,2026-01-17T18:59:59.999000+00:00,105.90299225260539,109.30589522514207,105.11868025229826,107.61149291696243,115.26828234288311,11887.180899395771,4935
2026-01-17T19:00:00+00:00,2026-01-17T19:04:59.999000+00:00,107.61149291696243,110.51796810760415,106.81336367462518,109.34837684452393,120.4620071444597,13643.035978272335,4936
2026-01-17T19:05:00+00:00,2026-01-17T19:09:59.999000+00:00,109.34837684452393,111.73791518129192,108.82871874545108,110.2566438080039,108.84582783577326,13318.100406925545,4937
2026-01-17T19:10:00+00:00,2026-01-17T19:14:59.999000+00:00,110.2566438080039,111.12090217049895,109.00825919540249,110.0322193826919,149.67236795223215,16052.378944411816,4938
2026-01-17T19:15:00+00:00,2026-01-17T19:19:59.999000+00:00,110.0322193826919,112.32294401200946,108.47044427119569,111.24732792596939,118.11710985782237,13327.143314371335,4939
2026-01-17T19:20:00+00:00,2026-01-17T19:24:59.999000+00:00,111.24732792596939,112.67814352878682,109.86591167816422,110.79461746548644,136.42392117513862,12559.257401041119,4940
2026-01-17T19:25:00+00:00,2026-01-17T19:29:59.999000+00:00,110.79461746548644,111.85439010937392,108.60981655281032,109.19655161233834,128.81544251594426,13369.68979878405,4941
2026-01-17T19:30:00+00:00,2026-01-17T19:34:59.999000+00:00,109.19655161233834,110.3578760312809,108.19040975644027,108.8994675383142,108.64645914067017,15081.015266274973,4942
2026-01-17T19:35:00+00:00,2026-01-17T19:39:59.999000+00:00,108.8994675383142,109.40181517105977,105.84348745024322,106.71151260815108,107.66981894087343,10984.6359519126,4943
2026-01-17T19:40:00+00:00,2026-01-17T19:44:59.999000+00:00,106.71151260815108,108.07659459721734,103.71724764866073,104.69675964365094,114.23627763177231,11808.240868941257,4944
2026-01-17T19:45:00+00:00,2026-01-17T19:49:59.999000+00:00,104.69675964365094,105.34354562275276,102.37369661417975,103.71302554897848,144.56329255311434,13658.620128526694,4945
2026-01-17T19:50:00+00:00,2026-01-17T19:54:59.999000+00:00,103.71302554897848,104.25665399865869,100.5645115016593,101.69589763409341,112.25703220270157,13212.76110454537,4946
2026-01-17T19:55:00+00:00,2026-01-17T19:59:59.999000+00:00,101.69589763409341,102.68908281394937,98.46644693310101,99.937521965609,113.5909209160645,12510.597642943256,4947
2026-01-17T20:00:00+00:00,2026-01-17T20:04:59.999000+00:00,99.937521965609,100.83604939337356,99.04522250347408,100.0008590570301,142.43333943421993,13913.622432251328,4948
2026-01-17T20:05:00+00:00,2026-01-17T20:09:59.999000+00:00,100.0008590570301,101.27225566346767,98.56123144116167,99.56609175802157,115.28655506843242,13368.030850394507,4949
2026-01-17T20:10:00+00:00,2026-01-17T20:14:59.999000+00:00,99.56609175802157,100.45325566377929,97.86669394545336,99.06602954323459,137.67410901227868,10031.622563953277,4950
2026-01-17T20:15:00+00:00,2026-01-17T20:19:59.999000+00:00,99.06602954323459,100.91917856440996,97.90065994259682,99.1949934235657,115.33204769891991,14448.447115520526,4951
2026-01-17T20:20:00+00:00,2026-01-17T20:24:59.999000+00:00,99.1949934235657,100.73116770567967,98.685546282552,99.26112834908548,137.35414421384186,14022.992291493216,4952
2026-01-17T20:25:00+00:00,2026-01-17T20:29:59.999000+00:00,99.26112834908548,100.03914790604972,97.41827017338697,98.40159710555784,124.78299271119852,10998.120365285235,4953
2026-01-17T20:30:00+00:00,2026-01-17T20:34:59.999000+00:00,98.40159710555784,101.13817158968536,97.8850228573991,99.64298995031865,111.76527168592632,12151.10556017785,4954
2026-01-17T20:35:00+00:00,2026-01-17T20:39:59.999000+00:00,99.64298995031865,100.70456485837398,98.03251724369699,99.25133673227721,148.51445372014058,14055.157046916504,4955
2026-01-17T20:40:00+00:00,2026-01-17T20:44:59.999000+00:00,99.25133673227721,100.37592868507478,97.79479073876993,98.71651475353246,137.39731733250667,14277.032030577982,4956
2026-01-17T20:45:00+00:00,2026-01-17T20:49:59.999000+00:00,98.71651475353246,100.49295167175602,94.61389187570158,96.33638593148507,123.038682602128,11452.861212553025,4957
2026-01-17T20:50:00+00:00,2026-01-17T20:54:59.999000+00:00,96.33638593148507,97.50246991655499,95.26056634412765,96.70784462074995,103.75226619176283,10175.847844357528,4958
2026-01-17T20:55:00+00:00,2026-01-17T20:59:59.999000+00:00,96.70784462074995,97.8419149857853,93.07126717606926,93.83631936808426,142.8657234535014,12008.335115203972,4959
2026-01-17T21:00:00+00:00,2026-01-17T21:04:59.999000+00:00,93.83631936808426,94.85018504975666,91.99028382874053,93.67721732472774,129.99929026812413,13304.098687588707,4960
2026-01-17T21:05:00+00:00,2026-01-17T21:09:59.999000+00:00,93.67721732472774,95.33448783946865,90.02536289013268,91.64794100701894,103.25984799348616,12510.558701757744,4961
2026-01-17T21:10:00+00:00,2026-01-17T21:14:59.999000+00:00,91.64794100701894,93.38338863313501,88.46933265158837,89.99866271075484,125.88064766437708,12914.136398862838,4962
2026-01-17T21:15:00+00:00,2026-01-17T21:19:59.999000+00:00,89.99866271075484,90.65178546809813,88.54487446081818,89.15549341347857,127.65317715369179,13153.190314661304,4963
2026-01-17T21:20:00+00:00,2026-01-17T21:24:59.999000+00:00,89.15549341347857,90.87692876609734,87.44692479678102,89.08764798349205,142.8007488275478,11279.030519108768,4964
2026-01-17T21:25:00+00:00,2026-01-17T21:29:59.999000+00:00,89.08764798349205,90.35390933947689,88.08417639861449,89.70292448522065,121.25240508498513,9432.395205367664,4965
2026-01-17T21:30:00+00:00,2026-01-17T21:34:59.999000+00:00,89.70292448522065,91.22242674032724,88.32365643366157,89.52514992546892,128.33450705681923,9608.925143180299,4966
2026-01-17T21:35:00+00:00,2026-01-17T21:39:59.999000+00:00,89.52514992546892,91.8367517542767,88.04655586804485,90.66559623824027,138.51250895662037,12757.232719434358,4967
2026-01-17T21:40:00+00:00,2026-01-17T21:44:59.999000+00:00,90.66559623824027,92.98354114101483,89.9932230159875,92.38623422168982,132.21358945380342,10837.264256116965,4968
2026-01-17T21:45:00+00:00,2026-01-17T21:49:59.999000+00:00,92.38623422168982,95.98266096620632,91.64191413954501,94.38303673163954,136.825376216188,11504.786963097311,4969
2026-01-17T21:50:00+00:00,2026-01-17T21:54:59.999000+00:00,94.38303673163954,97.66037530433574,93.2522188469382,96.09862972133922,142.0469390906945,14087.038304889977,4970
2026-01-17T21:55:00+00:00,2026-01-17T21:59:59.999000+00:00,96.09862972133922,98.93233708278319,94.57532700478217,97.5835593382952,103.53734754502638,9926.2211070692,4971
2026-01-17T22:00:00+00:00,2026-01-17T22:04:59.999000+00:00,97.5835593382952,100.75420163093773,97.05027669955616,99.16323155252248,112.04699763844414,12080.417566253444,4972
2026-01-17T22:05:00+00:00,2026-01-17T22:09:59.999000+00:00,99.16323155252248,101.55619056425336,97.98884518797676,100.96686203869815,121.7056732060989,13599.692732683798,4973
2026-01-17T22:10:00+00:00,2026-01-17T22:14:59.999000+00:00,100.96686203869815,102.44732473387734,99.29514239623475,100.75615200513471,149.83432552395033,13556.828366948756,4974
2026-01-17T22:15:00+00:00,2026-01-17T22:19:59.999000+00:00,100.75615200513471,102.2785681444622,99.23997826850962,100.8882408278148,148.9429558626148,11948.887729749804,4975
2026-01-17T22:20:00+00:00,2026-01-17T22:24:59.999000+00:00,100.8882408278148,102.81952390368915,99.31331899532479,102.2381218391385,136.18025938555965,10361.671614564591,4976
2026-01-17T22:25:00+00:00,2026-01-17T22:29:59.999000+00:00,102.2381218391385,102.88654171650121,100.07991726963702,101.82236770527757,126.38285528715848,12959.291044711235,4977
2026-01-17T22:30:00+00:00,2026-01-17T22:34:59.999000+00:00,101.82236770527757,103.04302138051699,100.53664576520357,101.53482550043965,111.85298883396557,13194.46073337745,4978
2026-01-17T22:35:00+00:00,2026-01-17T22:39:59.999000+00:00,101.53482550043965,102.98854044938635,100.54080460932501,102.00699675927864,147.01710368259768,10709.481837974714,4979
2026-01-17T22:40:00+00:00,2026-01-17T22:44:59.999000+00:00,102.00699675927864,103.26632362185856,100.7488785931282,101.92923631781504,112.1170824990771,11752.549523687738,4980
2026-01-17T22:45:00+00:00,2026-01-17T22:49:59.999000+00:00,101.92923631781504,104.45742839658419,100.22074192478574,102.73994736077401,119.09708443673168,13515.581922653042,4981
2026-01-17T22:50:00+00:00,2026-01-17T22:54:59.999000+00:00,102.73994736077401,103.80305730599135,101.04933915163049,102.36621223461238,111.76535206763047,12068.779400626137,4982
2026-01-17T22:55:00+00:00,2026-01-17T22:59:59.999000+00:00,102.36621223461238,104.02809462449692,100.62716835157804,103.16815817806153,145.24864022554323,12404.273267864233,4983
2026-01-17T23:00:00+00:00,2026-01-17T23:04:59.999000+00:00,103.16815817806153,104.84310525372494,102.2298310667793,104.23567880305266,115.96000080570465,14864.254107581542,4984
2026-01-17T23:05:00+00:00,2026-01-17T23:09:59.999000+00:00,104.23567880305266,108.21649192153458,102.93230580358674,106.8763584220797,128.34569782680305,13554.312957364831,4985
2026-01-17T23:10:00+00:00,2026-01-17T23:14:59.999000+00:00,106.8763584220797,109.48028776848054,105.2315104471478,108.07391875054901,107.11183100354961,11681.103771191067,4986
2026-01-17T23:15:00+00:00,2026-01-17T23:19:59.999000+00:00,108.07391875054901,109.87965693219202,107.13472827365425,108.94527568053162,108.85497550013756,11770.372483975007,4987
2026-01-17T23:20:00+00:00,2026-01-17T23:24:59.999000+00:00,108.94527568053162,111.82938097141985,108.11618793253525,110.14883284451636,132.22379669747878,14106.09137069623,4988
2026-01-17T23:25:00+00:00,2026-01-17T23:29:59.999000+00:00,110.14883284451636,112.04460307180172,108.51931910927651,110.66172433420972,126.95344628057587,13342.264692916544,4989
2026-01-17T23:30:00+00:00,2026-01-17T23:34:59.999000+00:00,110.66172433420972,112.37340812192816,109.93327691387647,110.67616744395244,140.44654600382492,12012.74488522815,4990
2026-01-17T23:35:00+00:00,2026-01-17T23:39:59.999000+00:00,110.67616744395244,112.24153854338954,109.46230731667443,110.85780278159845,120.50437116138167,15880.553537338132,4991
2026-01-17T23:40:00+00:00,2026-01-17T23:44:59.999000+00:00,110.85780278159845,112.42296998308208,108.61609613143945,110.16431049833587,133.4798074387584,14859.378960746139,4992
2026-01-17T23:45:00+00:00,2026-01-17T23:49:59.999000+00:00,110.16431049833587,111.67228908814556,107.03516942390482,107.80184392989447,127.64493108292268,15705.059244388327,4993
2026-01-17T23:50:00+00:00,2026-01-17T23:54:59.999000+00:00,107.80184392989447,108.98138829888404,105.35379321792652,106.30432100298918,146.76473980118328,14464.320876850772,4994
2026-01-17T23:55:00+00:00,2026-01-17T23:59:59.999000+00:00,106.30432100298918,107.9557608905354,103.62218586467058,104.25423214346284,111.80723230816297,13784.202561397136,4995
2026-01-18T00:00:00+00:00,2026-01-18T00:04:59.999000+00:00,104.25423214346284,105.38989053101025,101.20167170252961,102.08588656103332,148.68312828717768,12279.374581261294,4996
2026-01-18T00:05:00+00:00,2026-01-18T00:09:59.999000+00:00,102.08588656103332,103.06935312647163,99.9159367600784,100.62895540367289,122.9462950106628,11721.756439246177,4997
2026-01-18T00:10:00+00:00,2026-01-18T00:14:59.999000+00:00,100.62895540367289,101.38433331804356,99.30588582574833,100.60667021853097,144.03819766369537,14363.449515298953,4998
2026-01-18T00:15:00+00:00,2026-01-18T00:19:59.999000+00:00,100.60667021853097,101.1854892127026,97.65742697624985,98.30055480421935,126.1989931492392,13007.05241306691,4999
2026-01-18T00:20:00+00:00,2026-01-18T00:24:59.999000+00:00,98.30055480421935,100.29280884122821,97.11322438014147,98.93759743839618,122.31348477892651,11290.55988205336,5000
2026-01-18T00:25:00+00:00,2026-01-18T00:29:59.999000+00:00,98.93759743839618,99.57888977368714,97.92086323668974,98.63500230675696,143.9643575411818,13001.487167161686,5001
2026-01-18T00:30:00+00:00,2026-01-18T00:34:59.999000+00:00,98.63500230675696,99.68741714386991,96.6274567684977,97.5479258304672,123.63135178361003,13766.559614817212,5002
2026-01-18T00:35:00+00:00,2026-01-18T00:39:59.999000+00:00,97.5479258304672,100.5340784391887,96.24350913631832,98.87273112032796,122.73325797649551,9943.801457442183,5003
2026-01-18T00:40:00+00:00,2026-01-18T00:44:59.999000+00:00,98.87273112032796,99.82382005709472,96.59619105498747,97.86751971938206,135.65786335033857,13461.111802620577,5004
2026-01-18T00:45:00+00:00,2026-01-18T00:49:59.999000+00:00,97.86751971938206,100.61624131340831,96.46138040834599,98.91058556108443,106.00344848483574,14778.37727109026,5005
2026-01-18T00:50:00+00:00,2026-01-18T00:54:59.999000+00:00,98.91058556108443,100.23499883764593,97.16003454260454,98.49319725655113,108.94038627297513,10339.638343078077,5006
2026-01-18T00:55:00+00:00,2026-01-18T00:59:59.999000+00:00,98.49319725655113,100.13824981019758,96.00145108014817,97.79852687604321,101.22721106301626,12180.940818913601,5007
2026-01-18T01:00:00+00:00,2026-01-18T01:04:59.999000+00:00,97.79852687604321,99.42808713522125,96.15465216122986,97.0493924605696,115.06453339080099,13020.416803551505,5008
2026-01-18T01:05:00+00:00,2026-01-18T01:09:59.999000+00:00,97.0493924605696,98.69574261098748,94.6562998397662,95.23173976858762,131.98063502870093,10711.944992879886,5009
2026-01-18T01:10:00+00:00,2026-01-18T01:14:59.999000+00:00,95.23173976858762,95.87881096525997,92.21748014261644,93.90476639595308,125.94839846499218,12052.479401421637,5010
2026-01-18T01:15:00+00:00,2026-01-18T01:19:59.999000+00:00,93.90476639595308,95.04800563058464,91.76014513748015,93.36266082095858,102.06164579192544,12664.249863423604,5011
2026-01-18T01:20:00+00:00,2026-01-18T01:24:59.999000+00:00,93.36266082095858,93.98565241819408,90.21214380581299,91.94444323638217,105.814917771851,11967.96962670351,5012
2026-01-18T01:25:00+00:00,2026-01-18T01:29:59.999000+00:00,91.94444323638217,93.4024767945957,89.5994822502888,90.1316699762605,112.08705067401716,11054.703356562652,5013
2026-01-18T01:30:00+00:00,2026-01-18T01:34:59.999000+00:00,90.1316699762605,91.58269796276822,87.81412750112885,88.70474624583508,114.05146566142106,10256.159365130445,5014
2026-01-18T01:35:00+00:00,2026-01-18T01:39:59.999000+00:00,88.70474624583508,90.67718835750402,86.90753177610257,89.14440612103849,144.93140045573898,13278.827997699784,5015
2026-01-18T01:40:00+00:00,2026-01-18T01:44:59.999000+00:00,89.14440612103849,90.28012432149814,87.20747643012962,88.76744263347751,100.7292424390038,12080.195819877154,5016
2026-01-18T01:45:00+00:00,2026-01-18T01:49:59.999000+00:00,88.76744263347751,90.90012575143012,87.55446845183529,90.03211407837456,104.56220697055271,12017.07928586895,5017
2026-01-18T01:50:00+00:00,2026-01-18T01:54:59.999000+00:00,90.03211407837456,92.4531025360495,89.49797658004138,91.82825461773241,142.93131961034692,10076.980870533991,5018
2026-01-18T01:55:00+00:00,2026-01-18T01:59:59.999000+00:00,91.82825461773241,94.02664008812239,90.41355355526004,92.32926053607687,142.6758882507443,9925.115293058174,5019
2026-01-18T02:00:00+00:00,2026-01-18T02:04:59.999000+00:00,92.32926053607687,96.26151554741357,91.14544621637042,95.05703233759378,123.45414545940122,10838.081615417717,5020
2026-01-18T02:05:00+00:00,2026-01-18T02:09:59.999000+00:00,95.05703233759378,97.49013536545904,93.26196165661034,96.52090512097858,117.82555564944093,10785.781038371575,5021
2026-01-18T02:10:00+00:00,2026-01-18T02:14:59.999000+00:00,96.52090512097858,98.96573597195773,94.88482598951389,98.32499450285292,129.64500741929027,9976.285384307528,5022
2026-01-18T02:15:00+00:00,2026-01-18T02:19:59.999000+00:00,98.32499450285292,101.41836065145235,97.68665977465827,100.35649518104498,131.55970801892798,12005.599825288542,5023
2026-01-18T02:20:00+00:00,2026-01-18T02:24:59.999000+00:00,100.35649518104498,101.68644380863161,99.1376768017528,100.36135121990029,105.99510921530947,11644.902280408149,5024
2026-01-18T02:25:00+00:00,2026-01-18T02:29:59.999000+00:00,100.36135121990029,103.10887554498676,99.36554690500469,101.66627020154054,117.94438803284584,11499.481107254218,5025
2026-01-18T02:30:00+00:00,2026-01-18T02:34:59.999000+00:00,101.66627020154054,102.73348728726006,100.8064508899512,101.7867923734112,113.8738937736182,12128.994513319125,5026
2026-01-18T02:35:00+00:00,2026-01-18T02:39:59.999000+00:00,101.7867923734112,103.06311355189175,100.52152790183929,102.3460144953447,113.43606709960407,15270.332087081244,5027
2026-01-18T02:40:00+00:00,2026-01-18T02:44:59.999000+00:00,102.3460144953447,104.00792515867919,101.54138946952713,102.4920774189875,139.59085011969677,11960.17690223528,5028
2026-01-18T02:45:00+00:00,2026-01-18T02:49:59.999000+00:00,102.4920774189875,104.08586845908,101.55949360097486,102.56828853956938,122.40834394680633,12813.98841617089,5029
2026-01-18T02:50:00+00:00,2026-01-18T02:54:59.999000+00:00,102.56828853956938,103.41141839279608,100.48919627759467,101.2591733822487,128.30440174469828,10770.41455968418,5030
2026-01-18T02:55:00+00:00,2026-01-18T02:59:59.999000+00:00,101.2591733822487,102.47888899130758,100.39005747394987,101.90903112979525,122.9808564987825,13609.605473317291,5031
2026-01-18T03:00:00+00:00,2026-01-18T03:04:59.999000+00:00,101.90903112979525,103.29382749957585,100.38781813093046,102.38055646060094,134.58970687091693,13872.708655533766,5032
2026-01-18T03:05:00+00:00,2026-01-18T03:09:59.999000+00:00,102.38055646060094,104.60976412505161,101.62828340232353,103.76938721095098,132.95641204841874,13027.269133239985,5033
2026-01-18T03:10:00+00:00,2026-01-18T03:14:59.999000+00:00,103.76938721095098,105.7000816489145,102.0018753954988,104.73628209255762,105.86212030068371,10770.080240521756,5034
2026-01-18T03:15:00+00:00,2026-01-18T03:19:59.999000+00:00,104.73628209255762,106.04482314398801,103.67606251104138,104.71114271788522,132.24732765295892,14301.933525089882,5035
2026-01-18T03:20:00+00:00,2026-01-18T03:24:59.999000+00:00,104.71114271788522,107.82442362012549,103.95016962912639,106.75852533523958,140.3774451534972,14479.561065114598,5036
2026-01-18T03:25:00+00:00,2026-01-18T03:29:59.999000+00:00,106.75852533523958,108.34857360681114,105.63280980421766,107.54355581923028,139.54246785091908,15339.566914012092,5037
2026-01-18T03:30:00+00:00,2026-01-18T03:34:59.999000+00:00,107.54355581923028,111.03066410419297,106.34673952689782,110.00543645881318,138.43986642181142,14294.702757255951,5038
2026-01-18T03:35:00+00:00,2026-01-18T03:39:59.999000+00:00,110.00543645881318,111.87289735174919,108.64884653153908,110.47246288319418,100.00326121881069,12013.529550277122,5039
2026-01-18T03:40:00+00:00,2026-01-18T03:44:59.999000+00:00,110.47246288319418,112.21111104953818,108.93604658821083,111.1957897934948,131.86276544889373,16559.69758158532,5040
2026-01-18T03:45:00+00:00,2026-01-18T03:49:59.999000+00:00,111.1957897934948,112.01201426239517,109.26532128925899,110.83736811216365,110.15691909881077,11330.730405565911,5041
2026-01-18T03:50:00+00:00,2026-01-18T03:54:59.999000+00:00,110.83736811216365,111.56092471043522,108.0960978288586,109.5791089167812,112.07124895010432,15829.89749072944,5042
2026-01-18T03:55:00+00:00,2026-01-18T03:59:59.999000+00:00,109.5791089167812,111.37409712559813,107.60009246303379,108.91469774429777,121.67323025661773,13275.373710308473,5043
2026-01-18T04:00:00+00:00,2026-01-18T04:04:59.999000+00:00,108.91469774429777,109.81136523913503,105.67770052673146,107.40466770682883,108.31378056444068,10811.257094102348,5044
2026-01-18T04:05:00+00:00,2026-01-18T04:09:59.999000+00:00,107.40466770682883,108.35693613433887,103.33539947125527,105.03792550065238,101.81927895761402,15422.895709175753,5045
2026-01-18T04:10:00+00:00,2026-01-18T04:14:59.999000+00:00,105.03792550065238,106.80399714942946,103.14278941295174,103.86152296369046,100.23539865586632,14563.129067208996,5046
2026-01-18T04:15:00+00:00,2026-01-18T04:19:59.999000+00:00,103.86152296369046,105.39280611691503,101.61921488445532,102.69841701471425,140.01795728270685,11712.921067492425,5047
2026-01-18T04:20:00+00:00,2026-01-18T04:24:59.999000+00:00,102.69841701471425,103.62642499383423,99.38499862263444,99.90229924792543,112.36284013316494,13892.650629839036,5048
2026-01-18T04:25:00+00:00,2026-01-18T04:29:59.999000+00:00,99.90229924792543,101.69247357150799,97.37639964414845,98.84336069040212,138.27865882171187,9947.455575159081,5049
2026-01-18T04:30:00+00:00,2026-01-18T04:34:59.999000+00:00,98.84336069040212,99.64735824948055,97.62542039446787,98.14544279045768,134.07552007894654,10849.510581997636,5050
2026-01-18T04:35:00+00:00,2026-01-18T04:39:59.999000+00:00,98.14544279045768,99.78756247382589,96.49760821494141,98.29322097911113,113.70306617900452,11429.088258200814,5051
2026-01-18T04:40:00+00:00,2026-01-18T04:44:59.999000+00:00,98.29322097911113,99.09426404878327,96.2705884986526,97.21457350135938,108.81166749442669,9785.168261798979,5052
2026-01-18T04:45:00+00:00,2026-01-18T04:49:59.999000+00:00,97.21457350135938,98.54500903660839,96.00026761132231,97.23426014555609,143.7921944497777,14109.973316007101,5053
2026-01-18T04:50:00+00:00,2026-01-18T04:54:59.999000+00:00,97.23426014555609,99.67412462904579,96.0117297169784,98.15919618731769,133.05719459766675,12631.177072864113,5054
2026-01-18T04:55:00+00:00,2026-01-18T04:59:59.999000+00:00,98.15919618731769,99.14456453761423,96.07223017997552,97.08900243508705,137.49994690971926,12860.723176394908,5055
2026-01-18T05:00:00+00:00,2026-01-18T05:04:59.999000+00:00,97.08900243508705,98.11264412256892,95.74521976548338,97.3278186703323,114.66219474338365,14033.839171853311,5056
2026-01-18T05:05:00+00:00,2026-01-18T05:09:59.999000+00:00,97.3278186703323,98.27092214296263,95.57412181749106,97.37159105571693,136.8601639754426,13942.161374650568,5057
2026-01-18T05:10:00+00:00,2026-01-18T05:14:59.999000+00:00,97.37159105571693,98.50267500237297,96.08767150630416,97.69760338919343,143.1148975014309,13109.780348883463,5058
2026-01-18T05:15:00+00:00,2026-01-18T05:19:59.999000+00:00,97.69760338919343,99.44085473431475,94.97100219137114,95.80606714681929,141.40314706262686,14083.257931341974,5059
2026-01-18T05:20:00+00:00,2026-01-18T05:24:59.999000+00:00,95.80606714681929,97.03993283046441,95.1223467523396,95.68241780002437,104.48076693017144,14309.708672692372,5060
2026-01-18T05:25:00+00:00,2026-01-18T05:29:59.999000+00:00,95.68241780002437,96.23102385629045,92.45865467230047,93.14261564694117,143.65866650869694,12776.057939422322,5061
2026-01-18T05:30:00+00:00,2026-01-18T05:34:59.999000+00:00,93.14261564694117,93.79601765346153,91.76559879653561,92.39024788326638,134.55171404500254,10407.388744445612,5062
2026-01-18T05:35:00+00:00,2026-01-18T05:39:59.999000+00:00,92.39024788326638,93.86320637795323,89.18195402484501,90.67338572406797,110.49613271835835,12029.577911765171,5063
2026-01-18T05:40:00+00:00,2026-01-18T05:44:59.999000+00:00,90.67338572406797,92.30714968035316,89.15305921483461,90.4144189671499,102.71617782733212,11754.905764504845,5064
2026-01-18T05:45:00+00:00,2026-01-18T05:49:59.999000+00:00,90.4144189671499,91.25372633838472,88.25295231561924,89.54395105215849,111.36353533394404,11313.175608211086,5065
2026-01-18T05:50:00+00:00,2026-01-18T05:54:59.999000+00:00,89.54395105215849,90.76110075089125,88.80829190994955,89.8766379485809,145.024300734937,11124.937980713394,5066
2026-01-18T05:55:00+00:00,2026-01-18T05:59:59.999000+00:00,89.8766379485809,91.52603504944685,89.11121631839697,90.48469723278475,111.22183120326774,12532.587515662348,5067
2026-01-18T06:00:00+00:00,2026-01-18T06:04:59.999000+00:00,90.48469723278475,91.31616953470986,89.52764072100499,90.5429504252992,149.19111998268124,11307.593139806719,5068
2026-01-18T06:05:00+00:00,2026-01-18T06:09:59.999000+00:00,90.5429504252992,92.53473765216087,88.86119362912062,91.73221360706206,132.1611679869012,10062.239792136268,5069
2026-01-18T06:10:00+00:00,2026-01-18T06:14:59.999000+00:00,91.73221360706206,93.73006799254505,90.69957083082234,93.01699061702746,108.29102253701281,11639.089040981547,5070
2026-01-18T06:15:00+00:00,2026-01-18T06:19:59.999000+00:00,93.01699061702746,97.16026033884839,92.08633004286781,95.82081352176839,131.53102310621298,10433.464012534178,5071
2026-01-18T06:20:00+00:00,2026-01-18T06:24:59.999000+00:00,95.82081352176839,98.1731931206486,94.2739267294915,97.03137054177705,104.36410107306874,12805.813235293304,5072
2026-01-18T06:25:00+00:00,2026-01-18T06:29:59.999000+00:00,97.03137054177705,101.19513820618225,95.69490661012905,99.85795013339916,108.8917890992987,12285.91035663875,5073
2026-01-18T06:30:00+00:00,2026-01-18T06:34:59.999000+00:00,99.85795013339916,100.55086841598639,98.18554778759994,99.84589198865324,136.10552777965225,13962.18280318403,5074
2026-01-18T06:35:00+00:00,2026-01-18T06:39:59.999000+00:00,99.84589198865324,102.96795373576815,99.07252035320482,101.9975490273129,143.8685315704085,10612.891882254567,5075
2026-01-18T06:40:00+00:00,2026-01-18T06:44:59.999000+00:00,101.9975490273129,103.77045920333973,100.79962914796508,102.47622877518067,131.63061051876375,10603.773450252203,5076
2026-01-18T06:45:00+00:00,2026-01-18T06:49:59.999000+00:00,102.47622877518067,103.5483724366402,101.94771039624243,102.60642228488574,143.56428380540575,14252.856135466714,5077
2026-01-18T06:50:00+00:00,2026-01-18T06:54:59.999000+00:00,102.60642228488574,103.9429260732607,101.85348778871965,102.56658901956827,110.83004893871735,11480.181879509628,5078
2026-01-18T06:55:00+00:00,2026-01-18T06:59:59.999000+00:00,102.56658901956827,105.28452206001896,101.60979473233644,103.55776055697743,134.76228226789104,15467.988156966925,5079
2026-01-18T07:00:00+00:00,2026-01-18T07:04:59.999000+00:00,103.55776055697743,104.66933351904235,100.94209581382047,102.29723397971256,113.9314176618144,11302.822503102996,5080
2026-01-18T07:05:00+00:00,2026-01-18T07:09:59.999000+00:00,102.29723397971256,103.70339953115689,100.59679914181598,102.21562984929038,109.71881293308417,14037.764725532576,5081
2026-01-18T07:10:00+00:00,2026-01-18T07:14:59.999000+00:00,102.21562984929038,104.63420474681536,100.65851335621004,103.21829155274324,121.44055139867204,11902.164279647075,5082
2026-01-18T07:15:00+00:00,2026-01-18T07:19:59.999000+00:00,103.21829155274324,104.977691184681,102.65297277020022,103.46137896883427,134.54700525028224,13438.970793594606,5083
2026-01-18T07:20:00+00:00,2026-01-18T07:24:59.999000+00:00,103.46137896883427,105.89962855803518,101.75383015758173,104.27486927478036,123.42062813136809,11746.460721768393,5084
2026-01-18T07:25:00+00:00,2026-01-18T07:29:59.999000+00:00,104.27486927478036,105.75266464918934,103.46543148563231,104.89096568288026,113.93159162991266,15111.191540898466,5085
2026-01-18T07:30:00+00:00,2026-01-18T07:34:59.999000+00:00,104.89096568288026,106.87506344988566,104.25384133520173,105.18762881976211,124.04972646341355,14373.228635809894,5086
2026-01-18T07:35:00+00:00,2026-01-18T07:39:59.999000+00:00,105.18762881976211,107.39843271194019,103.56621207609929,106.49644128720823,132.9400757231333,13835.818771850783,5087
2026-01-18T07:40:00+00:00,2026-01-18T07:44:59.999000+00:00,106.49644128720823,110.75811291865733,105.64843159125998,109.1473878157152,125.10411946428107,14708.995752491972,5088
2026-01-18T07:45:00+00:00,2026-01-18T07:49:59.999000+00:00,109.1473878157152,110.61530753385715,107.85687293090834,109.78044030859539,126.39728556229053,11598.096966072308,5089
2026-01-18T07:50:00+00:00,2026-01-18T07:54:59.999000+00:00,109.78044030859539,111.83314308752585,108.42522837673695,111.04263276779004,141.98859482984747,13244.660015943746,5090
2026-01-18T07:55:00+00:00,2026-01-18T07:59:59.999000+00:00,111.04263276779004,112.6038122659458,110.05373551873649,110.69675356171716,141.79719297863193,12992.934024947517,5091
2026-01-18T08:00:00+00:00,2026-01-18T08:04:59.999000+00:00,110.69675356171716,112.08860783837989,109.34903007299184,110.63897201451888,108.39876188467701,15468.695639466967,5092
2026-01-18T08:05:00+00:00,2026-01-18T08:09:59.999000+00:00,110.63897201451888,112.43068018163903,107.97963349424096,109.63461831857067,145.2241445774798,13266.703711982755,5093
2026-01-18T08:10:00+00:00,2026-01-18T08:14:59.999000+00:00,109.63461831857067,110.6168093953179,106.87825745729465,107.95270493824977,144.31459963852976,14485.078523016367,5094
2026-01-18T08:15:00+00:00,2026-01-18T08:19:59.999000+00:00,107.95270493824977,109.17884943109237,106.47554183526245,107.30313572978099,114.00423443155519,14695.482264420389,5095
2026-01-18T08:20:00+00:00,2026-01-18T08:24:59.999000+00:00,107.30313572978099,108.51800888647546,103.42258399565996,104.84634272015435,133.1723221644193,13383.994981772927,5096
2026-01-18T08:25:00+00:00,2026-01-18T08:29:59.999000+00:00,104.84634272015435,105.51548840091355,101.76160586418332,102.86846809469117,135.6732167906028,11493.849749339619,5097
2026-01-18T08:30:00+00:00,2026-01-18T08:34:59.999000+00:00,102.86846809469117,104.45097825384843,100.30741162154067,100.8471056326068,146.0000072949853,11651.305491151541,5098
2026-01-18T08:35:00+00:00,2026-01-18T08:39:59.999000+00:00,100.8471056326068,102.28199491095744,97.74948474995344,99.41565387407272,126.45600108614755,14448.229899169008,5099
