笔序号,方向,起点时间,起点类型,起点价格,终点时间,终点类型,终点价格,无包含K数,内部分型数,价差力度,涨跌幅,原始K起点,原始K终点,内部无包含K时间,内部分型
0,↓ 向下,2026-01-01 00:30:00+00:00,顶分型,109.0806836428213,2026-01-01 02:45:00+00:00,底分型,90.21135257685897,20,6,18.87,-0.173,2026-01-01 00:25:00+00:00,2026-01-01 02:50:00+00:00,2026-01-01T00:25:00+00:00 | 2026-01-01T00:30:00+00:00 | 2026-01-01T00:40:00+00:00 | 2026-01-01T00:45:00+00:00 | 2026-01-01T00:55:00+00:00 | 2026-01-01T01:10:00+00:00 | 2026-01-01T01:15:00+00:00 | 2026-01-01T01:20:00+00:00 | 2026-01-01T01:25:00+00:00 | 2026-01-01T01:50:00+00:00 | 2026-01-01T01:55:00+00:00 | 2026-01-01T02:00:00+00:00 | 2026-01-01T02:05:00+00:00 | 2026-01-01T02:10:00+00:00 | 2026-01-01T02:15:00+00:00 | 2026-01-01T02:20:00+00:00 | 2026-01-01T02:25:00+00:00 | 2026-01-01T02:40:00+00:00 | 2026-01-01T02:45:00+00:00 | 2026-01-01T02:50:00+00:00,2026-01-01T00:30:00+00:00:G:109.080683643 | 2026-01-01T00:55:00+00:00:D:103.785064109 | 2026-01-01T01:10:00+00:00:G:107.523091776 | 2026-01-01T01:15:00+00:00:D:103.640858147 | 2026-01-01T01:25:00+00:00:G:109.021893052 | 2026-01-01T02:45:00+00:00:D:90.2113525769
1,↑ 向上,2026-01-01 02:45:00+00:00,底分型,90.21135257685897,2026-01-01 03:05:00+00:00,顶分型,96.81851170503464,7,2,6.61,0.0732,2026-01-01 02:30:00+00:00,2026-01-01 03:15:00+00:00,2026-01-01T02:40:00+00:00 | 2026-01-01T02:45:00+00:00 | 2026-01-01T02:50:00+00:00 | 2026-01-01T02:55:00+00:00 | 2026-01-01T03:00:00+00:00 | 2026-01-01T03:05:00+00:00 | 2026-01-01T03:15:00+00:00,2026-01-01T02:45:00+00:00:D:90.2113525769 | 2026-01-01T03:05:00+00:00:G:96.818511705
2,↓ 向下,2026-01-01 03:05:00+00:00,顶分型,96.81851170503464,2026-01-01 03:50:00+00:00,底分型,90.49466805075645,9,4,6.32,-0.0653,2026-01-01 03:00:00+00:00,2026-01-01 03:55:00+00:00,2026-01-01T03:00:00+00:00 | 2026-01-01T03:05:00+00:00 | 2026-01-01T03:15:00+00:00 | 2026-01-01T03:20:00+00:00 | 2026-01-01T03:30:00+00:00 | 2026-01-01T03:35:00+00:00 | 2026-01-01T03:45:00+00:00 | 2026-01-01T03:50:00+00:00 | 2026-01-01T03:55:00+00:00,2026-01-01T03:05:00+00:00:G:96.818511705 | 2026-01-01T03:15:00+00:00:D:93.6048562138 | 2026-01-01T03:20:00+00:00:G:95.9418712439 | 2026-01-01T03:50:00+00:00:D:90.4946680508
3,↑ 向上,2026-01-01 03:50:00+00:00,底分型,90.49466805075645,2026-01-01 04:45:00+00:00,顶分型,110.1655985483843,11,2,19.67,0.2174,2026-01-01 03:45:00+00:00,2026-01-01 04:50:00+00:00,2026-01-01T03:45:00+00:00 | 2026-01-01T03:50:00+00:00 | 2026-01-01T03:55:00+00:00 | 2026-01-01T04:00:00+00:00 | 2026-01-01T04:05:00+00:00 | 2026-01-01T04:10:00+00:00 | 2026-01-01T04:15:00+00:00 | 2026-01-01T04:35:00+00:00 | 2026-01-01T04:40:00+00:00 | 2026-01-01T04:45:00+00:00 | 2026-01-01T04:50:00+00:00,2026-01-01T03:50:00+00:00:D:90.4946680508 | 2026-01-01T04:45:00+00:00:G:110.165598548
4,↓ 向下,2026-01-01 04:45:00+00:00,顶分型,110.1655985483843,2026-01-01 05:30:00+00:00,底分型,103.19397181164493,10,4,6.97,-0.0633,2026-01-01 04:40:00+00:00,2026-01-01 05:35:00+00:00,2026-01-01T04:40:00+00:00 | 2026-01-01T04:45:00+00:00 | 2026-01-01T04:55:00+00:00 | 2026-01-01T05:00:00+00:00 | 2026-01-01T05:05:00+00:00 | 2026-01-01T05:10:00+00:00 | 2026-01-01T05:15:00+00:00 | 2026-01-01T05:25:00+00:00 | 2026-01-01T05:30:00+00:00 | 2026-01-01T05:35:00+00:00,2026-01-01T04:45:00+00:00:G:110.165598548 | 2026-01-01T05:15:00+00:00:D:103.818221064 | 2026-01-01T05:25:00+00:00:G:107.070107865 | 2026-01-01T05:30:00+00:00:D:103.193971812
5,↑ 向上,2026-01-01 05:30:00+00:00,底分型,103.19397181164493,2026-01-01 05:45:00+00:00,顶分型,109.30490369644671,6,2,6.11,0.0592,2026-01-01 05:25:00+00:00,2026-01-01 05:50:00+00:00,2026-01-01T05:25:00+00:00 | 2026-01-01T05:30:00+00:00 | 2026-01-01T05:35:00+00:00 | 2026-01-01T05:40:00+00:00 | 2026-01-01T05:45:00+00:00 | 2026-01-01T05:50:00+00:00,2026-01-01T05:30:00+00:00:D:103.193971812 | 2026-01-01T05:45:00+00:00:G:109.304903696
6,↓ 向下,2026-01-01 05:45:00+00:00,顶分型,109.30490369644671,2026-01-01 06:55:00+00:00,底分型,90.02383139102206,14,4,19.28,-0.1764,2026-01-01 05:40:00+00:00,2026-01-01 07:00:00+00:00,2026-01-01T05:40:00+00:00 | 2026-01-01T05:45:00+00:00 | 2026-01-01T05:50:00+00:00 | 2026-01-01T06:00:00+00:00 | 2026-01-01T06:05:00+00:00 | 2026-01-01T06:10:00+00:00 | 2026-01-01T06:15:00+00:00 | 2026-01-01T06:20:00+00:00 | 2026-01-01T06:25:00+00:00 | 2026-01-01T06:30:00+00:00 | 2026-01-01T06:40:00+00:00 | 2026-01-01T06:45:00+00:00 | 2026-01-01T06:55:00+00:00 | 2026-01-01T07:00:00+00:00,2026-01-01T05:45:00+00:00:G:109.304903696 | 2026-01-01T05:50:00+00:00:D:105.305196963 | 2026-01-01T06:00:00+00:00:G:109.279413834 | 2026-01-01T06:55:00+00:00:D:90.023831391
7,↑ 向上,2026-01-01 06:55:00+00:00,底分型,90.02383139102206,2026-01-01 07:30:00+00:00,顶分型,97.06547295506631,6,2,7.04,0.0782,2026-01-01 06:45:00+00:00,2026-01-01 07:35:00+00:00,2026-01-01T06:45:00+00:00 | 2026-01-01T06:55:00+00:00 | 2026-01-01T07:15:00+00:00 | 2026-01-01T07:25:00+00:00 | 2026-01-01T07:30:00+00:00 | 2026-01-01T07:35:00+00:00,2026-01-01T06:55:00+00:00:D:90.023831391 | 2026-01-01T07:30:00+00:00:G:97.0654729551
8,↓ 向下,2026-01-01 07:30:00+00:00,顶分型,97.06547295506631,2026-01-01 08:05:00+00:00,底分型,91.48553340269935,6,2,5.58,-0.0575,2026-01-01 07:25:00+00:00,2026-01-01 08:10:00+00:00,2026-01-01T07:25:00+00:00 | 2026-01-01T07:30:00+00:00 | 2026-01-01T07:35:00+00:00 | 2026-01-01T07:50:00+00:00 | 2026-01-01T08:05:00+00:00 | 2026-01-01T08:10:00+00:00,2026-01-01T07:30:00+00:00:G:97.0654729551 | 2026-01-01T08:05:00+00:00:D:91.4855334027
9,↑ 向上,2026-01-01 08:05:00+00:00,底分型,91.48553340269935,2026-01-01 09:00:00+00:00,顶分型,110.04996753043196,13,2,18.56,0.2029,2026-01-01 07:40:00+00:00,2026-01-01 09:05:00+00:00,2026-01-01T07:50:00+00:00 | 2026-01-01T08:05:00+00:00 | 2026-01-01T08:10:00+00:00 | 2026-01-01T08:20:00+00:00 | 2026-01-01T08:25:00+00:00 | 2026-01-01T08:30:00+00:00 | 2026-01-01T08:35:00+00:00 | 2026-01-01T08:40:00+00:00 | 2026-01-01T08:45:00+00:00 | 2026-01-01T08:50:00+00:00 | 2026-01-01T08:55:00+00:00 | 2026-01-01T09:00:00+00:00 | 2026-01-01T09:05:00+00:00,2026-01-01T08:05:00+00:00:D:91.4855334027 | 2026-01-01T09:00:00+00:00:G:110.04996753
10,↓ 向下,2026-01-01 09:00:00+00:00,顶分型,110.04996753043196,2026-01-01 11:15:00+00:00,底分型,89.32242699416904,20,4,20.73,-0.1883,2026-01-01 08:55:00+00:00,2026-01-01 11:20:00+00:00,2026-01-01T08:55:00+00:00 | 2026-01-01T09:00:00+00:00 | 2026-01-01T09:05:00+00:00 | 2026-01-01T09:20:00+00:00 | 2026-01-01T09:25:00+00:00 | 2026-01-01T09:30:00+00:00 | 2026-01-01T09:35:00+00:00 | 2026-01-01T09:40:00+00:00 | 2026-01-01T10:05:00+00:00 | 2026-01-01T10:10:00+00:00 | 2026-01-01T10:20:00+00:00 | 2026-01-01T10:25:00+00:00 | 2026-01-01T10:30:00+00:00 | 2026-01-01T10:35:00+00:00 | 2026-01-01T10:40:00+00:00 | 2026-01-01T10:45:00+00:00 | 2026-01-01T11:00:00+00:00 | 2026-01-01T11:05:00+00:00 | 2026-01-01T11:15:00+00:00 | 2026-01-01T11:20:00+00:00,2026-01-01T09:00:00+00:00:G:110.04996753 | 2026-01-01T09:40:00+00:00:D:102.650535593 | 2026-01-01T10:05:00+00:00:G:108.62338787 | 2026-01-01T11:15:00+00:00:D:89.3224269942
11,↑ 向上,2026-01-01 11:15:00+00:00,底分型,89.32242699416904,2026-01-01 11:40:00+00:00,顶分型,96.92762435451456,6,2,7.61,0.0851,2026-01-01 11:05:00+00:00,2026-01-01 11:50:00+00:00,2026-01-01T11:05:00+00:00 | 2026-01-01T11:15:00+00:00 | 2026-01-01T11:20:00+00:00 | 2026-01-01T11:30:00+00:00 | 2026-01-01T11:40:00+00:00 | 2026-01-01T11:50:00+00:00,2026-01-01T11:15:00+00:00:D:89.3224269942 | 2026-01-01T11:40:00+00:00:G:96.9276243545
12,↓ 向下,2026-01-01 11:40:00+00:00,顶分型,96.92762435451456,2026-01-01 12:05:00+00:00,底分型,92.0764842983984,6,2,4.85,-0.05,2026-01-01 11:25:00+00:00,2026-01-01 12:15:00+00:00,2026-01-01T11:30:00+00:00 | 2026-01-01T11:40:00+00:00 | 2026-01-01T11:50:00+00:00 | 2026-01-01T12:00:00+00:00 | 2026-01-01T12:05:00+00:00 | 2026-01-01T12:15:00+00:00,2026-01-01T11:40:00+00:00:G:96.9276243545 | 2026-01-01T12:05:00+00:00:D:92.0764842984
13,↑ 向上,2026-01-01 12:05:00+00:00,底分型,92.0764842983984,2026-01-01 13:15:00+00:00,顶分型,110.70300877779218,12,2,18.63,0.2023,2026-01-01 11:55:00+00:00,2026-01-01 13:20:00+00:00,2026-01-01T12:00:00+00:00 | 2026-01-01T12:05:00+00:00 | 2026-01-01T12:25:00+00:00 | 2026-01-01T12:30:00+00:00 | 2026-01-01T12:35:00+00:00 | 2026-01-01T12:40:00+00:00 | 2026-01-01T12:45:00+00:00 | 2026-01-01T12:50:00+00:00 | 2026-01-01T13:05:00+00:00 | 2026-01-01T13:10:00+00:00 | 2026-01-01T13:15:00+00:00 | 2026-01-01T13:20:00+00:00,2026-01-01T12:05:00+00:00:D:92.0764842984 | 2026-01-01T13:15:00+00:00:G:110.703008778
14,↓ 向下,2026-01-01 13:15:00+00:00,顶分型,110.70300877779218,2026-01-01 15:20:00+00:00,底分型,88.48868487145315,20,4,22.21,-0.2007,2026-01-01 13:10:00+00:00,2026-01-01 15:25:00+00:00,2026-01-01T13:10:00+00:00 | 2026-01-01T13:15:00+00:00 | 2026-01-01T13:20:00+00:00 | 2026-01-01T13:25:00+00:00 | 2026-01-01T13:30:00+00:00 | 2026-01-01T13:35:00+00:00 | 2026-01-01T13:40:00+00:00 | 2026-01-01T13:45:00+00:00 | 2026-01-01T13:55:00+00:00 | 2026-01-01T14:25:00+00:00 | 2026-01-01T14:35:00+00:00 | 2026-01-01T14:45:00+00:00 | 2026-01-01T14:50:00+00:00 | 2026-01-01T14:55:00+00:00 | 2026-01-01T15:00:00+00:00 | 2026-01-01T15:05:00+00:00 | 2026-01-01T15:10:00+00:00 | 2026-01-01T15:15:00+00:00 | 2026-01-01T15:20:00+00:00 | 2026-01-01T15:25:00+00:00,2026-01-01T13:15:00+00:00:G:110.703008778 | 2026-01-01T13:55:00+00:00:D:102.978439817 | 2026-01-01T14:25:00+00:00:G:108.016405287 | 2026-01-01T15:20:00+00:00:D:88.4886848715
15,↑ 向上,2026-01-01 15:20:00+00:00,底分型,88.48868487145315,2026-01-01 16:05:00+00:00,顶分型,97.27854774450441,9,2,8.79,0.0993,2026-01-01 15:15:00+00:00,2026-01-01 16:15:00+00:00,2026-01-01T15:15:00+00:00 | 2026-01-01T15:20:00+00:00 | 2026-01-01T15:25:00+00:00 | 2026-01-01T15:35:00+00:00 | 2026-01-01T15:40:00+00:00 | 2026-01-01T15:45:00+00:00 | 2026-01-01T15:55:00+00:00 | 2026-01-01T16:05:00+00:00 | 2026-01-01T16:15:00+00:00,2026-01-01T15:20:00+00:00:D:88.4886848715 | 2026-01-01T16:05:00+00:00:G:97.2785477445
16,↓ 向下,2026-01-01 16:05:00+00:00,顶分型,97.27854774450441,2026-01-01 16:40:00+00:00,底分型,93.13273354608877,8,4,4.15,-0.0426,2026-01-01 15:55:00+00:00,2026-01-01 16:45:00+00:00,2026-01-01T15:55:00+00:00 | 2026-01-01T16:05:00+00:00 | 2026-01-01T16:15:00+00:00 | 2026-01-01T16:20:00+00:00 | 2026-01-01T16:25:00+00:00 | 2026-01-01T16:30:00+00:00 | 2026-01-01T16:40:00+00:00 | 2026-01-01T16:45:00+00:00,2026-01-01T16:05:00+00:00:G:97.2785477445 | 2026-01-01T16:25:00+00:00:D:93.5581720979 | 2026-01-01T16:30:00+00:00:G:95.955076009 | 2026-01-01T16:40:00+00:00:D:93.1327335461
17,↑ 向上,2026-01-01 16:40:00+00:00,底分型,93.13273354608877,2026-01-01 17:30:00+00:00,顶分型,111.4056493520864,12,2,18.27,0.1962,2026-01-01 16:30:00+00:00,2026-01-01 17:35:00+00:00,2026-01-01T16:30:00+00:00 | 2026-01-01T16:40:00+00:00 | 2026-01-01T16:45:00+00:00 | 2026-01-01T16:50:00+00:00 | 2026-01-01T16:55:00+00:00 | 2026-01-01T17:00:00+00:00 | 2026-01-01T17:05:00+00:00 | 2026-01-01T17:10:00+00:00 | 2026-01-01T17:15:00+00:00 | 2026-01-01T17:20:00+00:00 | 2026-01-01T17:30:00+00:00 | 2026-01-01T17:35:00+00:00,2026-01-01T16:40:00+00:00:D:93.1327335461 | 2026-01-01T17:30:00+00:00:G:111.405649352
18,↓ 向下,2026-01-01 17:30:00+00:00,顶分型,111.4056493520864,2026-01-01 18:00:00+00:00,底分型,102.29706340830454,8,4,9.11,-0.0818,2026-01-01 17:20:00+00:00,2026-01-01 18:10:00+00:00,2026-01-01T17:20:00+00:00 | 2026-01-01T17:30:00+00:00 | 2026-01-01T17:40:00+00:00 | 2026-01-01T17:45:00+00:00 | 2026-01-01T17:50:00+00:00 | 2026-01-01T17:55:00+00:00 | 2026-01-01T18:00:00+00:00 | 2026-01-01T18:10:00+00:00,2026-01-01T17:30:00+00:00:G:111.405649352 | 2026-01-01T17:50:00+00:00:D:105.121088799 | 2026-01-01T17:55:00+00:00:G:107.88860492 | 2026-01-01T18:00:00+00:00:D:102.297063408
19,↑ 向上,2026-01-01 18:00:00+00:00,底分型,102.29706340830454,2026-01-01 18:35:00+00:00,顶分型,107.06845072486294,8,4,4.77,0.0466,2026-01-01 17:55:00+00:00,2026-01-01 18:40:00+00:00,2026-01-01T17:55:00+00:00 | 2026-01-01T18:00:00+00:00 | 2026-01-01T18:10:00+00:00 | 2026-01-01T18:20:00+00:00 | 2026-01-01T18:25:00+00:00 | 2026-01-01T18:30:00+00:00 | 2026-01-01T18:35:00+00:00 | 2026-01-01T18:40:00+00:00,2026-01-01T18:00:00+00:00:D:102.297063408 | 2026-01-01T18:10:00+00:00:G:106.069726173 | 2026-01-01T18:20:00+00:00:D:102.375857763 | 2026-01-01T18:35:00+00:00:G:107.068450725
20,↓ 向下,2026-01-01 18:35:00+00:00,顶分型,107.06845072486294,2026-01-01 19:35:00+00:00,底分型,88.6365448331546,14,4,18.43,-0.1722,2026-01-01 18:30:00+00:00,2026-01-01 19:45:00+00:00,2026-01-01T18:30:00+00:00 | 2026-01-01T18:35:00+00:00 | 2026-01-01T18:45:00+00:00 | 2026-01-01T18:50:00+00:00 | 2026-01-01T18:55:00+00:00 | 2026-01-01T19:00:00+00:00 | 2026-01-01T19:05:00+00:00 | 2026-01-01T19:10:00+00:00 | 2026-01-01T19:15:00+00:00 | 2026-01-01T19:20:00+00:00 | 2026-01-01T19:25:00+00:00 | 2026-01-01T19:30:00+00:00 | 2026-01-01T19:35:00+00:00 | 2026-01-01T19:45:00+00:00,2026-01-01T18:35:00+00:00:G:107.068450725 | 2026-01-01T19:25:00+00:00:D:89.8013731434 | 2026-01-01T19:30:00+00:00:G:92.245161424 | 2026-01-01T19:35:00+00:00:D:88.6365448332
21,↑ 向上,2026-01-01 19:35:00+00:00,底分型,88.6365448331546,2026-01-01 20:25:00+00:00,顶分型,97.94794724973201,7,2,9.31,0.1051,2026-01-01 19:30:00+00:00,2026-01-01 20:30:00+00:00,2026-01-01T19:30:00+00:00 | 2026-01-01T19:35:00+00:00 | 2026-01-01T19:45:00+00:00 | 2026-01-01T20:00:00+00:00 | 2026-01-01T20:10:00+00:00 | 2026-01-01T20:25:00+00:00 | 2026-01-01T20:30:00+00:00,2026-01-01T19:35:00+00:00:D:88.6365448332 | 2026-01-01T20:25:00+00:00:G:97.9479472497
22,↓ 向下,2026-01-01 20:25:00+00:00,顶分型,97.94794724973201,2026-01-01 20:45:00+00:00,底分型,92.7786512969366,6,2,5.17,-0.0528,2026-01-01 20:10:00+00:00,2026-01-01 20:50:00+00:00,2026-01-01T20:10:00+00:00 | 2026-01-01T20:25:00+00:00 | 2026-01-01T20:30:00+00:00 | 2026-01-01T20:35:00+00:00 | 2026-01-01T20:45:00+00:00 | 2026-01-01T20:50:00+00:00,2026-01-01T20:25:00+00:00:G:97.9479472497 | 2026-01-01T20:45:00+00:00:D:92.7786512969
23,↑ 向上,2026-01-01 20:45:00+00:00,底分型,92.7786512969366,2026-01-01 21:40:00+00:00,顶分型,111.36058495155504,12,2,18.58,0.2003,2026-01-01 20:35:00+00:00,2026-01-01 21:50:00+00:00,2026-01-01T20:35:00+00:00 | 2026-01-01T20:45:00+00:00 | 2026-01-01T20:50:00+00:00 | 2026-01-01T20:55:00+00:00 | 2026-01-01T21:00:00+00:00 | 2026-01-01T21:05:00+00:00 | 2026-01-01T21:10:00+00:00 | 2026-01-01T21:15:00+00:00 | 2026-01-01T21:20:00+00:00 | 2026-01-01T21:35:00+00:00 | 2026-01-01T21:40:00+00:00 | 2026-01-01T21:50:00+00:00,2026-01-01T20:45:00+00:00:D:92.7786512969 | 2026-01-01T21:40:00+00:00:G:111.360584952
24,↓ 向下,2026-01-01 21:40:00+00:00,顶分型,111.36058495155504,2026-01-01 23:55:00+00:00,底分型,87.98510805198188,21,6,23.38,-0.2099,2026-01-01 21:25:00+00:00,2026-01-02 00:00:00+00:00,2026-01-01T21:35:00+00:00 | 2026-01-01T21:40:00+00:00 | 2026-01-01T21:50:00+00:00 | 2026-01-01T22:00:00+00:00 | 2026-01-01T22:05:00+00:00 | 2026-01-01T22:15:00+00:00 | 2026-01-01T22:25:00+00:00 | 2026-01-01T22:30:00+00:00 | 2026-01-01T22:35:00+00:00 | 2026-01-01T22:45:00+00:00 | 2026-01-01T22:55:00+00:00 | 2026-01-01T23:05:00+00:00 | 2026-01-01T23:10:00+00:00 | 2026-01-01T23:20:00+00:00 | 2026-01-01T23:25:00+00:00 | 2026-01-01T23:30:00+00:00 | 2026-01-01T23:35:00+00:00 | 2026-01-01T23:40:00+00:00 | 2026-01-01T23:50:00+00:00 | 2026-01-01T23:55:00+00:00 | 2026-01-02T00:00:00+00:00,2026-01-01T21:40:00+00:00:G:111.360584952 | 2026-01-01T22:30:00+00:00:D:102.080261079 | 2026-01-01T22:35:00+00:00:G:106.992367057 | 2026-01-01T22:45:00+00:00:D:102.50631263 | 2026-01-01T22:55:00+00:00:G:105.461008002 | 2026-01-01T23:55:00+00:00:D:87.985108052
25,↑ 向上,2026-01-01 23:55:00+00:00,底分型,87.98510805198188,2026-01-02 02:00:00+00:00,顶分型,111.24674494270633,19,4,23.26,0.2644,2026-01-01 23:45:00+00:00,2026-01-02 02:05:00+00:00,2026-01-01T23:50:00+00:00 | 2026-01-01T23:55:00+00:00 | 2026-01-02T00:00:00+00:00 | 2026-01-02T00:10:00+00:00 | 2026-01-02T00:15:00+00:00 | 2026-01-02T00:20:00+00:00 | 2026-01-02T00:35:00+00:00 | 2026-01-02T00:45:00+00:00 | 2026-01-02T00:50:00+00:00 | 2026-01-02T01:00:00+00:00 | 2026-01-02T01:05:00+00:00 | 2026-01-02T01:15:00+00:00 | 2026-01-02T01:20:00+00:00 | 2026-01-02T01:25:00+00:00 | 2026-01-02T01:30:00+00:00 | 2026-01-02T01:35:00+00:00 | 2026-01-02T01:50:00+00:00 | 2026-01-02T02:00:00+00:00 | 2026-01-02T02:05:00+00:00,2026-01-01T23:55:00+00:00:D:87.985108052 | 2026-01-02T00:35:00+00:00:G:98.1621757604 | 2026-01-02T00:50:00+00:00:D:93.7927663933 | 2026-01-02T02:00:00+00:00:G:111.246744943
26,↓ 向下,2026-01-02 02:00:00+00:00,顶分型,111.24674494270633,2026-01-02 04:00:00+00:00,底分型,88.31545788263514,21,4,22.93,-0.2061,2026-01-02 01:40:00+00:00,2026-01-02 04:10:00+00:00,2026-01-02T01:50:00+00:00 | 2026-01-02T02:00:00+00:00 | 2026-01-02T02:10:00+00:00 | 2026-01-02T02:15:00+00:00 | 2026-01-02T02:20:00+00:00 | 2026-01-02T02:25:00+00:00 | 2026-01-02T02:35:00+00:00 | 2026-01-02T02:40:00+00:00 | 2026-01-02T02:50:00+00:00 | 2026-01-02T02:55:00+00:00 | 2026-01-02T03:10:00+00:00 | 2026-01-02T03:15:00+00:00 | 2026-01-02T03:25:00+00:00 | 2026-01-02T03:30:00+00:00 | 2026-01-02T03:35:00+00:00 | 2026-01-02T03:40:00+00:00 | 2026-01-02T03:45:00+00:00 | 2026-01-02T03:50:00+00:00 | 2026-01-02T03:55:00+00:00 | 2026-01-02T04:00:00+00:00 | 2026-01-02T04:10:00+00:00,2026-01-02T02:00:00+00:00:G:111.246744943 | 2026-01-02T02:40:00+00:00:D:101.389557907 | 2026-01-02T02:55:00+00:00:G:105.641367662 | 2026-01-02T04:00:00+00:00:D:88.3154578826
27,↑ 向上,2026-01-02 04:00:00+00:00,底分型,88.31545788263514,2026-01-02 06:05:00+00:00,顶分型,111.57148496409079,22,4,23.26,0.2633,2026-01-02 03:55:00+00:00,2026-01-02 06:10:00+00:00,2026-01-02T03:55:00+00:00 | 2026-01-02T04:00:00+00:00 | 2026-01-02T04:10:00+00:00 | 2026-01-02T04:15:00+00:00 | 2026-01-02T04:30:00+00:00 | 2026-01-02T04:40:00+00:00 | 2026-01-02T04:45:00+00:00 | 2026-01-02T04:50:00+00:00 | 2026-01-02T04:55:00+00:00 | 2026-01-02T05:00:00+00:00 | 2026-01-02T05:05:00+00:00 | 2026-01-02T05:15:00+00:00 | 2026-01-02T05:25:00+00:00 | 2026-01-02T05:30:00+00:00 | 2026-01-02T05:35:00+00:00 | 2026-01-02T05:40:00+00:00 | 2026-01-02T05:45:00+00:00 | 2026-01-02T05:50:00+00:00 | 2026-01-02T05:55:00+00:00 | 2026-01-02T06:00:00+00:00 | 2026-01-02T06:05:00+00:00 | 2026-01-02T06:10:00+00:00,2026-01-02T04:00:00+00:00:D:88.3154578826 | 2026-01-02T04:50:00+00:00:G:98.112704881 | 2026-01-02T05:00:00+00:00:D:93.5657790576 | 2026-01-02T06:05:00+00:00:G:111.571484964
28,↓ 向下,2026-01-02 06:05:00+00:00,顶分型,111.57148496409079,2026-01-02 08:25:00+00:00,底分型,87.72717662566545,26,6,23.84,-0.2137,2026-01-02 06:00:00+00:00,2026-01-02 08:30:00+00:00,2026-01-02T06:00:00+00:00 | 2026-01-02T06:05:00+00:00 | 2026-01-02T06:10:00+00:00 | 2026-01-02T06:20:00+00:00 | 2026-01-02T06:25:00+00:00 | 2026-01-02T06:30:00+00:00 | 2026-01-02T06:35:00+00:00 | 2026-01-02T06:40:00+00:00 | 2026-01-02T06:45:00+00:00 | 2026-01-02T06:55:00+00:00 | 2026-01-02T07:00:00+00:00 | 2026-01-02T07:05:00+00:00 | 2026-01-02T07:10:00+00:00 | 2026-01-02T07:15:00+00:00 | 2026-01-02T07:30:00+00:00 | 2026-01-02T07:35:00+00:00 | 2026-01-02T07:40:00+00:00 | 2026-01-02T07:45:00+00:00 | 2026-01-02T07:50:00+00:00 | 2026-01-02T07:55:00+00:00 | 2026-01-02T08:00:00+00:00 | 2026-01-02T08:05:00+00:00 | 2026-01-02T08:10:00+00:00 | 2026-01-02T08:20:00+00:00 | 2026-01-02T08:25:00+00:00 | 2026-01-02T08:30:00+00:00,2026-01-02T06:05:00+00:00:G:111.571484964 | 2026-01-02T07:00:00+00:00:D:101.781424701 | 2026-01-02T07:05:00+00:00:G:104.613257907 | 2026-01-02T07:10:00+00:00:D:102.063814015 | 2026-01-02T07:15:00+00:00:G:104.323785414 | 2026-01-02T08:25:00+00:00:D:87.7271766257
29,↑ 向上,2026-01-02 08:25:00+00:00,底分型,87.72717662566545,2026-01-02 10:25:00+00:00,顶分型,112.71101170631997,20,4,24.98,0.2848,2026-01-02 08:15:00+00:00,2026-01-02 10:30:00+00:00,2026-01-02T08:20:00+00:00 | 2026-01-02T08:25:00+00:00 | 2026-01-02T08:30:00+00:00 | 2026-01-02T08:35:00+00:00 | 2026-01-02T08:40:00+00:00 | 2026-01-02T08:45:00+00:00 | 2026-01-02T08:50:00+00:00 | 2026-01-02T08:55:00+00:00 | 2026-01-02T09:10:00+00:00 | 2026-01-02T09:25:00+00:00 | 2026-01-02T09:30:00+00:00 | 2026-01-02T09:40:00+00:00 | 2026-01-02T09:45:00+00:00 | 2026-01-02T09:50:00+00:00 | 2026-01-02T09:55:00+00:00 | 2026-01-02T10:00:00+00:00 | 2026-01-02T10:05:00+00:00 | 2026-01-02T10:10:00+00:00 | 2026-01-02T10:25:00+00:00 | 2026-01-02T10:30:00+00:00,2026-01-02T08:25:00+00:00:D:87.7271766257 | 2026-01-02T09:10:00+00:00:G:98.5759709979 | 2026-01-02T09:25:00+00:00:D:94.9067151027 | 2026-01-02T10:25:00+00:00:G:112.711011706
30,↓ 向下,2026-01-02 10:25:00+00:00,顶分型,112.71101170631997,2026-01-02 12:30:00+00:00,底分型,87.62698570132166,20,4,25.08,-0.2226,2026-01-02 10:10:00+00:00,2026-01-02 12:40:00+00:00,2026-01-02T10:10:00+00:00 | 2026-01-02T10:25:00+00:00 | 2026-01-02T10:35:00+00:00 | 2026-01-02T10:40:00+00:00 | 2026-01-02T10:45:00+00:00 | 2026-01-02T10:50:00+00:00 | 2026-01-02T11:05:00+00:00 | 2026-01-02T11:10:00+00:00 | 2026-01-02T11:20:00+00:00 | 2026-01-02T11:35:00+00:00 | 2026-01-02T11:40:00+00:00 | 2026-01-02T11:45:00+00:00 | 2026-01-02T11:50:00+00:00 | 2026-01-02T11:55:00+00:00 | 2026-01-02T12:00:00+00:00 | 2026-01-02T12:05:00+00:00 | 2026-01-02T12:10:00+00:00 | 2026-01-02T12:20:00+00:00 | 2026-01-02T12:30:00+00:00 | 2026-01-02T12:40:00+00:00,2026-01-02T10:25:00+00:00:G:112.711011706 | 2026-01-02T11:20:00+00:00:D:100.981278208 | 2026-01-02T11:35:00+00:00:G:104.920706928 | 2026-01-02T12:30:00+00:00:D:87.6269857013
31,↑ 向上,2026-01-02 12:30:00+00:00,底分型,87.62698570132166,2026-01-02 14:45:00+00:00,顶分型,112.03754551712409,21,6,24.41,0.2786,2026-01-02 12:20:00+00:00,2026-01-02 14:50:00+00:00,2026-01-02T12:20:00+00:00 | 2026-01-02T12:30:00+00:00 | 2026-01-02T12:40:00+00:00 | 2026-01-02T12:45:00+00:00 | 2026-01-02T12:50:00+00:00 | 2026-01-02T12:55:00+00:00 | 2026-01-02T13:20:00+00:00 | 2026-01-02T13:25:00+00:00 | 2026-01-02T13:30:00+00:00 | 2026-01-02T13:40:00+00:00 | 2026-01-02T13:55:00+00:00 | 2026-01-02T14:00:00+00:00 | 2026-01-02T14:05:00+00:00 | 2026-01-02T14:10:00+00:00 | 2026-01-02T14:15:00+00:00 | 2026-01-02T14:20:00+00:00 | 2026-01-02T14:25:00+00:00 | 2026-01-02T14:30:00+00:00 | 2026-01-02T14:35:00+00:00 | 2026-01-02T14:45:00+00:00 | 2026-01-02T14:50:00+00:00,2026-01-02T12:30:00+00:00:D:87.6269857013 | 2026-01-02T13:20:00+00:00:G:99.884968257 | 2026-01-02T13:30:00+00:00:D:95.1580560892 | 2026-01-02T14:30:00+00:00:G:111.833730904 | 2026-01-02T14:35:00+00:00:D:108.081052227 | 2026-01-02T14:45:00+00:00:G:112.037545517
32,↓ 向下,2026-01-02 14:45:00+00:00,顶分型,112.03754551712409,2026-01-02 16:45:00+00:00,底分型,88.11451331996184,24,6,23.92,-0.2135,2026-01-02 14:35:00+00:00,2026-01-02 16:50:00+00:00,2026-01-02T14:35:00+00:00 | 2026-01-02T14:45:00+00:00 | 2026-01-02T14:50:00+00:00 | 2026-01-02T14:55:00+00:00 | 2026-01-02T15:00:00+00:00 | 2026-01-02T15:05:00+00:00 | 2026-01-02T15:10:00+00:00 | 2026-01-02T15:15:00+00:00 | 2026-01-02T15:20:00+00:00 | 2026-01-02T15:25:00+00:00 | 2026-01-02T15:30:00+00:00 | 2026-01-02T15:35:00+00:00 | 2026-01-02T15:45:00+00:00 | 2026-01-02T15:50:00+00:00 | 2026-01-02T15:55:00+00:00 | 2026-01-02T16:00:00+00:00 | 2026-01-02T16:05:00+00:00 | 2026-01-02T16:10:00+00:00 | 2026-01-02T16:15:00+00:00 | 2026-01-02T16:20:00+00:00 | 2026-01-02T16:25:00+00:00 | 2026-01-02T16:30:00+00:00 | 2026-01-02T16:45:00+00:00 | 2026-01-02T16:50:00+00:00,2026-01-02T14:45:00+00:00:G:112.037545517 | 2026-01-02T15:25:00+00:00:D:100.292894977 | 2026-01-02T15:35:00+00:00:G:104.682262637 | 2026-01-02T15:45:00+00:00:D:100.535829861 | 2026-01-02T15:50:00+00:00:G:103.808665785 | 2026-01-02T16:45:00+00:00:D:88.11451332
33,↑ 向上,2026-01-02 16:45:00+00:00,底分型,88.11451331996184,2026-01-02 18:55:00+00:00,顶分型,112.90982303790344,22,8,24.8,0.2814,2026-01-02 16:30:00+00:00,2026-01-02 19:00:00+00:00,2026-01-02T16:30:00+00:00 | 2026-01-02T16:45:00+00:00 | 2026-01-02T16:50:00+00:00 | 2026-01-02T17:10:00+00:00 | 2026-01-02T17:15:00+00:00 | 2026-01-02T17:20:00+00:00 | 2026-01-02T17:25:00+00:00 | 2026-01-02T17:30:00+00:00 | 2026-01-02T17:35:00+00:00 | 2026-01-02T17:40:00+00:00 | 2026-01-02T17:45:00+00:00 | 2026-01-02T17:55:00+00:00 | 2026-01-02T18:00:00+00:00 | 2026-01-02T18:05:00+00:00 | 2026-01-02T18:10:00+00:00 | 2026-01-02T18:15:00+00:00 | 2026-01-02T18:20:00+00:00 | 2026-01-02T18:25:00+00:00 | 2026-01-02T18:30:00+00:00 | 2026-01-02T18:35:00+00:00 | 2026-01-02T18:55:00+00:00 | 2026-01-02T19:00:00+00:00,2026-01-02T16:45:00+00:00:D:88.11451332 | 2026-01-02T17:30:00+00:00:G:99.2532128385 | 2026-01-02T17:35:00+00:00:D:96.2944733938 | 2026-01-02T17:40:00+00:00:G:100.30097361 | 2026-01-02T17:45:00+00:00:D:95.8099055127 | 2026-01-02T17:55:00+00:00:G:99.6311112035 | 2026-01-02T18:00:00+00:00:D:96.6473367654 | 2026-01-02T18:55:00+00:00:G:112.909823038
34,↓ 向下,2026-01-02 18:55:00+00:00,顶分型,112.90982303790344,2026-01-02 21:05:00+00:00,底分型,88.15199131162187,22,4,24.76,-0.2193,2026-01-02 18:35:00+00:00,2026-01-02 21:10:00+00:00,2026-01-02T18:35:00+00:00 | 2026-01-02T18:55:00+00:00 | 2026-01-02T19:00:00+00:00 | 2026-01-02T19:10:00+00:00 | 2026-01-02T19:15:00+00:00 | 2026-01-02T19:20:00+00:00 | 2026-01-02T19:25:00+00:00 | 2026-01-02T19:30:00+00:00 | 2026-01-02T19:35:00+00:00 | 2026-01-02T19:40:00+00:00 | 2026-01-02T19:45:00+00:00 | 2026-01-02T19:50:00+00:00 | 2026-01-02T19:55:00+00:00 | 2026-01-02T20:10:00+00:00 | 2026-01-02T20:15:00+00:00 | 2026-01-02T20:20:00+00:00 | 2026-01-02T20:30:00+00:00 | 2026-01-02T20:35:00+00:00 | 2026-01-02T20:40:00+00:00 | 2026-01-02T20:55:00+00:00 | 2026-01-02T21:05:00+00:00 | 2026-01-02T21:10:00+00:00,2026-01-02T18:55:00+00:00:G:112.909823038 | 2026-01-02T19:45:00+00:00:D:100.010942103 | 2026-01-02T19:55:00+00:00:G:104.258579665 | 2026-01-02T21:05:00+00:00:D:88.1519913116
35,↑ 向上,2026-01-02 21:05:00+00:00,底分型,88.15199131162187,2026-01-02 23:15:00+00:00,顶分型,111.14213571881905,22,6,22.99,0.2608,2026-01-02 20:45:00+00:00,2026-01-02 23:20:00+00:00,2026-01-02T20:55:00+00:00 | 2026-01-02T21:05:00+00:00 | 2026-01-02T21:15:00+00:00 | 2026-01-02T21:20:00+00:00 | 2026-01-02T21:25:00+00:00 | 2026-01-02T21:30:00+00:00 | 2026-01-02T21:40:00+00:00 | 2026-01-02T21:50:00+00:00 | 2026-01-02T21:55:00+00:00 | 2026-01-02T22:05:00+00:00 | 2026-01-02T22:15:00+00:00 | 2026-01-02T22:20:00+00:00 | 2026-01-02T22:25:00+00:00 | 2026-01-02T22:30:00+00:00 | 2026-01-02T22:35:00+00:00 | 2026-01-02T22:40:00+00:00 | 2026-01-02T22:45:00+00:00 | 2026-01-02T22:50:00+00:00 | 2026-01-02T22:55:00+00:00 | 2026-01-02T23:00:00+00:00 | 2026-01-02T23:15:00+00:00 | 2026-01-02T23:20:00+00:00,2026-01-02T21:05:00+00:00:D:88.1519913116 | 2026-01-02T21:50:00+00:00:G:100.75788826 | 2026-01-02T21:55:00+00:00:D:96.2137810037 | 2026-01-02T22:05:00+00:00:G:100.466091094 | 2026-01-02T22:15:00+00:00:D:97.4747504967 | 2026-01-02T23:15:00+00:00:G:111.142135719
36,↓ 向下,2026-01-02 23:15:00+00:00,顶分型,111.14213571881905,2026-01-03 01:15:00+00:00,底分型,87.12418866727596,23,4,24.02,-0.2161,2026-01-02 23:00:00+00:00,2026-01-03 01:20:00+00:00,2026-01-02T23:00:00+00:00 | 2026-01-02T23:15:00+00:00 | 2026-01-02T23:20:00+00:00 | 2026-01-02T23:25:00+00:00 | 2026-01-02T23:30:00+00:00 | 2026-01-02T23:40:00+00:00 | 2026-01-02T23:45:00+00:00 | 2026-01-02T23:50:00+00:00 | 2026-01-03T00:00:00+00:00 | 2026-01-03T00:05:00+00:00 | 2026-01-03T00:15:00+00:00 | 2026-01-03T00:20:00+00:00 | 2026-01-03T00:25:00+00:00 | 2026-01-03T00:30:00+00:00 | 2026-01-03T00:35:00+00:00 | 2026-01-03T00:40:00+00:00 | 2026-01-03T00:45:00+00:00 | 2026-01-03T00:50:00+00:00 | 2026-01-03T00:55:00+00:00 | 2026-01-03T01:00:00+00:00 | 2026-01-03T01:10:00+00:00 | 2026-01-03T01:15:00+00:00 | 2026-01-03T01:20:00+00:00,2026-01-02T23:15:00+00:00:G:111.142135719 | 2026-01-03T00:00:00+00:00:D:99.5798770023 | 2026-01-03T00:15:00+00:00:G:103.589426672 | 2026-01-03T01:15:00+00:00:D:87.1241886673
37,↑ 向上,2026-01-03 01:15:00+00:00,底分型,87.12418866727596,2026-01-03 03:20:00+00:00,顶分型,112.90029034767245,25,6,25.78,0.2959,2026-01-03 01:05:00+00:00,2026-01-03 03:25:00+00:00,2026-01-03T01:10:00+00:00 | 2026-01-03T01:15:00+00:00 | 2026-01-03T01:20:00+00:00 | 2026-01-03T01:25:00+00:00 | 2026-01-03T01:30:00+00:00 | 2026-01-03T01:35:00+00:00 | 2026-01-03T01:40:00+00:00 | 2026-01-03T01:45:00+00:00 | 2026-01-03T01:50:00+00:00 | 2026-01-03T01:55:00+00:00 | 2026-01-03T02:00:00+00:00 | 2026-01-03T02:05:00+00:00 | 2026-01-03T02:15:00+00:00 | 2026-01-03T02:20:00+00:00 | 2026-01-03T02:25:00+00:00 | 2026-01-03T02:30:00+00:00 | 2026-01-03T02:40:00+00:00 | 2026-01-03T02:45:00+00:00 | 2026-01-03T02:50:00+00:00 | 2026-01-03T02:55:00+00:00 | 2026-01-03T03:00:00+00:00 | 2026-01-03T03:05:00+00:00 | 2026-01-03T03:10:00+00:00 | 2026-01-03T03:20:00+00:00 | 2026-01-03T03:25:00+00:00,2026-01-03T01:15:00+00:00:D:87.1241886673 | 2026-01-03T01:55:00+00:00:G:100.414379863 | 2026-01-03T02:00:00+00:00:D:97.2149815341 | 2026-01-03T02:15:00+00:00:G:101.256198738 | 2026-01-03T02:20:00+00:00:D:97.33332571 | 2026-01-03T03:20:00+00:00:G:112.900290348
38,↓ 向下,2026-01-03 03:20:00+00:00,顶分型,112.90029034767245,2026-01-03 05:20:00+00:00,底分型,86.81520442518793,22,4,26.09,-0.231,2026-01-03 03:10:00+00:00,2026-01-03 05:25:00+00:00,2026-01-03T03:10:00+00:00 | 2026-01-03T03:20:00+00:00 | 2026-01-03T03:25:00+00:00 | 2026-01-03T03:30:00+00:00 | 2026-01-03T03:35:00+00:00 | 2026-01-03T03:40:00+00:00 | 2026-01-03T03:45:00+00:00 | 2026-01-03T03:50:00+00:00 | 2026-01-03T03:55:00+00:00 | 2026-01-03T04:00:00+00:00 | 2026-01-03T04:10:00+00:00 | 2026-01-03T04:25:00+00:00 | 2026-01-03T04:30:00+00:00 | 2026-01-03T04:40:00+00:00 | 2026-01-03T04:45:00+00:00 | 2026-01-03T04:50:00+00:00 | 2026-01-03T04:55:00+00:00 | 2026-01-03T05:00:00+00:00 | 2026-01-03T05:05:00+00:00 | 2026-01-03T05:15:00+00:00 | 2026-01-03T05:20:00+00:00 | 2026-01-03T05:25:00+00:00,2026-01-03T03:20:00+00:00:G:112.900290348 | 2026-01-03T04:25:00+00:00:D:98.1153281243 | 2026-01-03T04:30:00+00:00:G:102.441236298 | 2026-01-03T05:20:00+00:00:D:86.8152044252
39,↑ 向上,2026-01-03 05:20:00+00:00,底分型,86.81520442518793,2026-01-03 07:30:00+00:00,顶分型,112.77786294212211,22,4,25.96,0.2991,2026-01-03 05:10:00+00:00,2026-01-03 07:35:00+00:00,2026-01-03T05:15:00+00:00 | 2026-01-03T05:20:00+00:00 | 2026-01-03T05:25:00+00:00 | 2026-01-03T05:35:00+00:00 | 2026-01-03T05:50:00+00:00 | 2026-01-03T05:55:00+00:00 | 2026-01-03T06:00:00+00:00 | 2026-01-03T06:05:00+00:00 | 2026-01-03T06:20:00+00:00 | 2026-01-03T06:25:00+00:00 | 2026-01-03T06:30:00+00:00 | 2026-01-03T06:35:00+00:00 | 2026-01-03T06:40:00+00:00 | 2026-01-03T06:50:00+00:00 | 2026-01-03T07:00:00+00:00 | 2026-01-03T07:05:00+00:00 | 2026-01-03T07:10:00+00:00 | 2026-01-03T07:15:00+00:00 | 2026-01-03T07:20:00+00:00 | 2026-01-03T07:25:00+00:00 | 2026-01-03T07:30:00+00:00 | 2026-01-03T07:35:00+00:00,2026-01-03T05:20:00+00:00:D:86.8152044252 | 2026-01-03T06:25:00+00:00:G:101.426656728 | 2026-01-03T06:30:00+00:00:D:97.5659589175 | 2026-01-03T07:30:00+00:00:G:112.777862942
40,↓ 向下,2026-01-03 07:30:00+00:00,顶分型,112.77786294212211,2026-01-03 09:45:00+00:00,底分型,87.19160120798674,21,6,25.59,-0.2269,2026-01-03 07:25:00+00:00,2026-01-03 09:50:00+00:00,2026-01-03T07:25:00+00:00 | 2026-01-03T07:30:00+00:00 | 2026-01-03T07:35:00+00:00 | 2026-01-03T07:40:00+00:00 | 2026-01-03T07:45:00+00:00 | 2026-01-03T07:50:00+00:00 | 2026-01-03T08:00:00+00:00 | 2026-01-03T08:05:00+00:00 | 2026-01-03T08:10:00+00:00 | 2026-01-03T08:15:00+00:00 | 2026-01-03T08:20:00+00:00 | 2026-01-03T08:40:00+00:00 | 2026-01-03T08:45:00+00:00 | 2026-01-03T08:55:00+00:00 | 2026-01-03T09:00:00+00:00 | 2026-01-03T09:05:00+00:00 | 2026-01-03T09:15:00+00:00 | 2026-01-03T09:20:00+00:00 | 2026-01-03T09:25:00+00:00 | 2026-01-03T09:45:00+00:00 | 2026-01-03T09:50:00+00:00,2026-01-03T07:30:00+00:00:G:112.777862942 | 2026-01-03T07:35:00+00:00:D:108.684489156 | 2026-01-03T07:40:00+00:00:G:111.747772276 | 2026-01-03T08:20:00+00:00:D:98.4770710164 | 2026-01-03T08:45:00+00:00:G:101.638078312 | 2026-01-03T09:45:00+00:00:D:87.191601208
41,↑ 向上,2026-01-03 09:45:00+00:00,底分型,87.19160120798674,2026-01-03 11:40:00+00:00,顶分型,112.50427365781263,21,4,25.31,0.2903,2026-01-03 09:25:00+00:00,2026-01-03 11:50:00+00:00,2026-01-03T09:25:00+00:00 | 2026-01-03T09:45:00+00:00 | 2026-01-03T09:50:00+00:00 | 2026-01-03T09:55:00+00:00 | 2026-01-03T10:00:00+00:00 | 2026-01-03T10:05:00+00:00 | 2026-01-03T10:10:00+00:00 | 2026-01-03T10:15:00+00:00 | 2026-01-03T10:35:00+00:00 | 2026-01-03T10:40:00+00:00 | 2026-01-03T10:45:00+00:00 | 2026-01-03T10:55:00+00:00 | 2026-01-03T11:00:00+00:00 | 2026-01-03T11:05:00+00:00 | 2026-01-03T11:10:00+00:00 | 2026-01-03T11:15:00+00:00 | 2026-01-03T11:20:00+00:00 | 2026-01-03T11:25:00+00:00 | 2026-01-03T11:30:00+00:00 | 2026-01-03T11:40:00+00:00 | 2026-01-03T11:50:00+00:00,2026-01-03T09:45:00+00:00:D:87.191601208 | 2026-01-03T10:35:00+00:00:G:102.292026029 | 2026-01-03T10:45:00+00:00:D:97.9731052618 | 2026-01-03T11:40:00+00:00:G:112.504273658
42,↓ 向下,2026-01-03 11:40:00+00:00,顶分型,112.50427365781263,2026-01-03 13:55:00+00:00,底分型,88.63742205159966,26,6,23.87,-0.2121,2026-01-03 11:30:00+00:00,2026-01-03 14:00:00+00:00,2026-01-03T11:30:00+00:00 | 2026-01-03T11:40:00+00:00 | 2026-01-03T11:50:00+00:00 | 2026-01-03T11:55:00+00:00 | 2026-01-03T12:00:00+00:00 | 2026-01-03T12:05:00+00:00 | 2026-01-03T12:10:00+00:00 | 2026-01-03T12:15:00+00:00 | 2026-01-03T12:20:00+00:00 | 2026-01-03T12:25:00+00:00 | 2026-01-03T12:35:00+00:00 | 2026-01-03T12:45:00+00:00 | 2026-01-03T12:50:00+00:00 | 2026-01-03T12:55:00+00:00 | 2026-01-03T13:05:00+00:00 | 2026-01-03T13:10:00+00:00 | 2026-01-03T13:15:00+00:00 | 2026-01-03T13:20:00+00:00 | 2026-01-03T13:25:00+00:00 | 2026-01-03T13:30:00+00:00 | 2026-01-03T13:35:00+00:00 | 2026-01-03T13:40:00+00:00 | 2026-01-03T13:45:00+00:00 | 2026-01-03T13:50:00+00:00 | 2026-01-03T13:55:00+00:00 | 2026-01-03T14:00:00+00:00,2026-01-03T11:40:00+00:00:G:112.504273658 | 2026-01-03T12:45:00+00:00:D:97.2523905917 | 2026-01-03T12:50:00+00:00:G:101.653141499 | 2026-01-03T12:55:00+00:00:D:98.1076848305 | 2026-01-03T13:05:00+00:00:G:100.521091292 | 2026-01-03T13:55:00+00:00:D:88.6374220516
43,↑ 向上,2026-01-03 13:55:00+00:00,底分型,88.63742205159966,2026-01-03 14:45:00+00:00,顶分型,102.9946685126558,12,2,14.36,0.162,2026-01-03 13:50:00+00:00,2026-01-03 14:55:00+00:00,2026-01-03T13:50:00+00:00 | 2026-01-03T13:55:00+00:00 | 2026-01-03T14:00:00+00:00 | 2026-01-03T14:10:00+00:00 | 2026-01-03T14:15:00+00:00 | 2026-01-03T14:20:00+00:00 | 2026-01-03T14:25:00+00:00 | 2026-01-03T14:30:00+00:00 | 2026-01-03T14:35:00+00:00 | 2026-01-03T14:40:00+00:00 | 2026-01-03T14:45:00+00:00 | 2026-01-03T14:55:00+00:00,2026-01-03T13:55:00+00:00:D:88.6374220516 | 2026-01-03T14:45:00+00:00:G:102.994668513
44,↓ 向下,2026-01-03 14:45:00+00:00,顶分型,102.9946685126558,2026-01-03 15:15:00+00:00,底分型,98.69893856579718,6,4,4.3,-0.0417,2026-01-03 14:40:00+00:00,2026-01-03 15:20:00+00:00,2026-01-03T14:40:00+00:00 | 2026-01-03T14:45:00+00:00 | 2026-01-03T15:00:00+00:00 | 2026-01-03T15:05:00+00:00 | 2026-01-03T15:15:00+00:00 | 2026-01-03T15:20:00+00:00,2026-01-03T14:45:00+00:00:G:102.994668513 | 2026-01-03T15:00:00+00:00:D:99.2433758612 | 2026-01-03T15:05:00+00:00:G:102.825772182 | 2026-01-03T15:15:00+00:00:D:98.6989385658
45,↑ 向上,2026-01-03 15:15:00+00:00,底分型,98.69893856579718,2026-01-03 16:00:00+00:00,顶分型,112.66353108755645,11,2,13.96,0.1415,2026-01-03 15:05:00+00:00,2026-01-03 16:05:00+00:00,2026-01-03T15:05:00+00:00 | 2026-01-03T15:15:00+00:00 | 2026-01-03T15:20:00+00:00 | 2026-01-03T15:25:00+00:00 | 2026-01-03T15:30:00+00:00 | 2026-01-03T15:40:00+00:00 | 2026-01-03T15:45:00+00:00 | 2026-01-03T15:50:00+00:00 | 2026-01-03T15:55:00+00:00 | 2026-01-03T16:00:00+00:00 | 2026-01-03T16:05:00+00:00,2026-01-03T15:15:00+00:00:D:98.6989385658 | 2026-01-03T16:00:00+00:00:G:112.663531088
46,↓ 向下,2026-01-03 16:00:00+00:00,顶分型,112.66353108755645,2026-01-03 18:05:00+00:00,底分型,87.44919996426054,20,4,25.21,-0.2238,2026-01-03 15:55:00+00:00,2026-01-03 18:15:00+00:00,2026-01-03T15:55:00+00:00 | 2026-01-03T16:00:00+00:00 | 2026-01-03T16:05:00+00:00 | 2026-01-03T16:10:00+00:00 | 2026-01-03T16:15:00+00:00 | 2026-01-03T16:20:00+00:00 | 2026-01-03T16:25:00+00:00 | 2026-01-03T16:30:00+00:00 | 2026-01-03T16:35:00+00:00 | 2026-01-03T16:45:00+00:00 | 2026-01-03T16:50:00+00:00 | 2026-01-03T17:05:00+00:00 | 2026-01-03T17:30:00+00:00 | 2026-01-03T17:40:00+00:00 | 2026-01-03T17:45:00+00:00 | 2026-01-03T17:50:00+00:00 | 2026-01-03T17:55:00+00:00 | 2026-01-03T18:00:00+00:00 | 2026-01-03T18:05:00+00:00 | 2026-01-03T18:15:00+00:00,2026-01-03T16:00:00+00:00:G:112.663531088 | 2026-01-03T16:50:00+00:00:D:97.0823194336 | 2026-01-03T17:05:00+00:00:G:100.502280748 | 2026-01-03T18:05:00+00:00:D:87.4491999643
47,↑ 向上,2026-01-03 18:05:00+00:00,底分型,87.44919996426054,2026-01-03 20:15:00+00:00,顶分型,112.74946411345077,23,4,25.3,0.2893,2026-01-03 18:00:00+00:00,2026-01-03 20:25:00+00:00,2026-01-03T18:00:00+00:00 | 2026-01-03T18:05:00+00:00 | 2026-01-03T18:15:00+00:00 | 2026-01-03T18:20:00+00:00 | 2026-01-03T18:25:00+00:00 | 2026-01-03T18:30:00+00:00 | 2026-01-03T18:40:00+00:00 | 2026-01-03T18:45:00+00:00 | 2026-01-03T18:50:00+00:00 | 2026-01-03T18:55:00+00:00 | 2026-01-03T19:00:00+00:00 | 2026-01-03T19:15:00+00:00 | 2026-01-03T19:20:00+00:00 | 2026-01-03T19:35:00+00:00 | 2026-01-03T19:40:00+00:00 | 2026-01-03T19:45:00+00:00 | 2026-01-03T19:50:00+00:00 | 2026-01-03T19:55:00+00:00 | 2026-01-03T20:00:00+00:00 | 2026-01-03T20:05:00+00:00 | 2026-01-03T20:10:00+00:00 | 2026-01-03T20:15:00+00:00 | 2026-01-03T20:25:00+00:00,2026-01-03T18:05:00+00:00:D:87.4491999643 | 2026-01-03T19:00:00+00:00:G:103.774980864 | 2026-01-03T19:15:00+00:00:D:100.001396502 | 2026-01-03T20:15:00+00:00:G:112.749464113
48,↓ 向下,2026-01-03 20:15:00+00:00,顶分型,112.74946411345077,2026-01-03 22:15:00+00:00,底分型,87.23036986297224,22,4,25.52,-0.2263,2026-01-03 20:10:00+00:00,2026-01-03 22:25:00+00:00,2026-01-03T20:10:00+00:00 | 2026-01-03T20:15:00+00:00 | 2026-01-03T20:25:00+00:00 | 2026-01-03T20:30:00+00:00 | 2026-01-03T20:35:00+00:00 | 2026-01-03T20:40:00+00:00 | 2026-01-03T20:45:00+00:00 | 2026-01-03T20:50:00+00:00 | 2026-01-03T20:55:00+00:00 | 2026-01-03T21:00:00+00:00 | 2026-01-03T21:05:00+00:00 | 2026-01-03T21:25:00+00:00 | 2026-01-03T21:30:00+00:00 | 2026-01-03T21:40:00+00:00 | 2026-01-03T21:45:00+00:00 | 2026-01-03T21:50:00+00:00 | 2026-01-03T21:55:00+00:00 | 2026-01-03T22:00:00+00:00 | 2026-01-03T22:05:00+00:00 | 2026-01-03T22:10:00+00:00 | 2026-01-03T22:15:00+00:00 | 2026-01-03T22:25:00+00:00,2026-01-03T20:15:00+00:00:G:112.749464113 | 2026-01-03T21:05:00+00:00:D:96.6044306644 | 2026-01-03T21:30:00+00:00:G:100.567835607 | 2026-01-03T22:15:00+00:00:D:87.230369863
49,↑ 向上,2026-01-03 22:15:00+00:00,底分型,87.23036986297224,2026-01-03 23:15:00+00:00,顶分型,104.57919890631288,14,4,17.35,0.1989,2026-01-03 22:10:00+00:00,2026-01-03 23:20:00+00:00,2026-01-03T22:10:00+00:00 | 2026-01-03T22:15:00+00:00 | 2026-01-03T22:25:00+00:00 | 2026-01-03T22:30:00+00:00 | 2026-01-03T22:35:00+00:00 | 2026-01-03T22:40:00+00:00 | 2026-01-03T22:45:00+00:00 | 2026-01-03T22:50:00+00:00 | 2026-01-03T22:55:00+00:00 | 2026-01-03T23:00:00+00:00 | 2026-01-03T23:05:00+00:00 | 2026-01-03T23:10:00+00:00 | 2026-01-03T23:15:00+00:00 | 2026-01-03T23:20:00+00:00,2026-01-03T22:15:00+00:00:D:87.230369863 | 2026-01-03T22:25:00+00:00:G:91.246066301 | 2026-01-03T22:30:00+00:00:D:88.1828933902 | 2026-01-03T23:15:00+00:00:G:104.579198906
50,↓ 向下,2026-01-03 23:15:00+00:00,顶分型,104.57919890631288,2026-01-03 23:40:00+00:00,底分型,100.65273171626683,6,4,3.93,-0.0375,2026-01-03 23:10:00+00:00,2026-01-03 23:45:00+00:00,2026-01-03T23:10:00+00:00 | 2026-01-03T23:15:00+00:00 | 2026-01-03T23:25:00+00:00 | 2026-01-03T23:30:00+00:00 | 2026-01-03T23:40:00+00:00 | 2026-01-03T23:45:00+00:00,2026-01-03T23:15:00+00:00:G:104.579198906 | 2026-01-03T23:25:00+00:00:D:100.669627092 | 2026-01-03T23:30:00+00:00:G:104.186346412 | 2026-01-03T23:40:00+00:00:D:100.652731716
51,↑ 向上,2026-01-03 23:40:00+00:00,底分型,100.65273171626683,2026-01-04 00:25:00+00:00,顶分型,113.03191069092168,8,2,12.38,0.123,2026-01-03 23:30:00+00:00,2026-01-04 00:30:00+00:00,2026-01-03T23:30:00+00:00 | 2026-01-03T23:40:00+00:00 | 2026-01-03T23:55:00+00:00 | 2026-01-04T00:00:00+00:00 | 2026-01-04T00:10:00+00:00 | 2026-01-04T00:15:00+00:00 | 2026-01-04T00:25:00+00:00 | 2026-01-04T00:30:00+00:00,2026-01-03T23:40:00+00:00:D:100.652731716 | 2026-01-04T00:25:00+00:00:G:113.031910691
52,↓ 向下,2026-01-04 00:25:00+00:00,顶分型,113.03191069092168,2026-01-04 02:35:00+00:00,底分型,87.90904518704087,23,4,25.12,-0.2223,2026-01-04 00:15:00+00:00,2026-01-04 02:40:00+00:00,2026-01-04T00:15:00+00:00 | 2026-01-04T00:25:00+00:00 | 2026-01-04T00:30:00+00:00 | 2026-01-04T00:35:00+00:00 | 2026-01-04T00:40:00+00:00 | 2026-01-04T00:45:00+00:00 | 2026-01-04T00:50:00+00:00 | 2026-01-04T00:55:00+00:00 | 2026-01-04T01:00:00+00:00 | 2026-01-04T01:05:00+00:00 | 2026-01-04T01:10:00+00:00 | 2026-01-04T01:15:00+00:00 | 2026-01-04T01:20:00+00:00 | 2026-01-04T01:30:00+00:00 | 2026-01-04T01:35:00+00:00 | 2026-01-04T01:50:00+00:00 | 2026-01-04T01:55:00+00:00 | 2026-01-04T02:00:00+00:00 | 2026-01-04T02:10:00+00:00 | 2026-01-04T02:20:00+00:00 | 2026-01-04T02:25:00+00:00 | 2026-01-04T02:35:00+00:00 | 2026-01-04T02:40:00+00:00,2026-01-04T00:25:00+00:00:G:113.031910691 | 2026-01-04T01:30:00+00:00:D:95.8110079066 | 2026-01-04T01:35:00+00:00:G:100.032810371 | 2026-01-04T02:35:00+00:00:D:87.909045187
53,↑ 向上,2026-01-04 02:35:00+00:00,底分型,87.90904518704087,2026-01-04 03:20:00+00:00,顶分型,104.17963912097417,11,2,16.27,0.1851,2026-01-04 02:25:00+00:00,2026-01-04 03:35:00+00:00,2026-01-04T02:25:00+00:00 | 2026-01-04T02:35:00+00:00 | 2026-01-04T02:45:00+00:00 | 2026-01-04T02:50:00+00:00 | 2026-01-04T02:55:00+00:00 | 2026-01-04T03:00:00+00:00 | 2026-01-04T03:05:00+00:00 | 2026-01-04T03:10:00+00:00 | 2026-01-04T03:15:00+00:00 | 2026-01-04T03:20:00+00:00 | 2026-01-04T03:35:00+00:00,2026-01-04T02:35:00+00:00:D:87.909045187 | 2026-01-04T03:20:00+00:00:G:104.179639121
54,↓ 向下,2026-01-04 03:20:00+00:00,顶分型,104.17963912097417,2026-01-04 03:55:00+00:00,底分型,101.26110087324513,6,4,2.92,-0.028,2026-01-04 03:15:00+00:00,2026-01-04 04:00:00+00:00,2026-01-04T03:15:00+00:00 | 2026-01-04T03:20:00+00:00 | 2026-01-04T03:35:00+00:00 | 2026-01-04T03:40:00+00:00 | 2026-01-04T03:55:00+00:00 | 2026-01-04T04:00:00+00:00,2026-01-04T03:20:00+00:00:G:104.179639121 | 2026-01-04T03:35:00+00:00:D:101.352161019 | 2026-01-04T03:40:00+00:00:G:104.110045974 | 2026-01-04T03:55:00+00:00:D:101.261100873
55,↑ 向上,2026-01-04 03:55:00+00:00,底分型,101.26110087324513,2026-01-04 04:35:00+00:00,顶分型,112.17660901655026,10,2,10.92,0.1078,2026-01-04 03:40:00+00:00,2026-01-04 04:45:00+00:00,2026-01-04T03:40:00+00:00 | 2026-01-04T03:55:00+00:00 | 2026-01-04T04:05:00+00:00 | 2026-01-04T04:10:00+00:00 | 2026-01-04T04:15:00+00:00 | 2026-01-04T04:20:00+00:00 | 2026-01-04T04:25:00+00:00 | 2026-01-04T04:30:00+00:00 | 2026-01-04T04:35:00+00:00 | 2026-01-04T04:45:00+00:00,2026-01-04T03:55:00+00:00:D:101.261100873 | 2026-01-04T04:35:00+00:00:G:112.176609017
56,↓ 向下,2026-01-04 04:35:00+00:00,顶分型,112.17660901655026,2026-01-04 06:50:00+00:00,底分型,87.46658570820792,23,4,24.71,-0.2203,2026-01-04 04:30:00+00:00,2026-01-04 06:55:00+00:00,2026-01-04T04:30:00+00:00 | 2026-01-04T04:35:00+00:00 | 2026-01-04T04:45:00+00:00 | 2026-01-04T04:55:00+00:00 | 2026-01-04T05:00:00+00:00 | 2026-01-04T05:05:00+00:00 | 2026-01-04T05:10:00+00:00 | 2026-01-04T05:15:00+00:00 | 2026-01-04T05:20:00+00:00 | 2026-01-04T05:25:00+00:00 | 2026-01-04T05:30:00+00:00 | 2026-01-04T05:35:00+00:00 | 2026-01-04T05:50:00+00:00 | 2026-01-04T06:05:00+00:00 | 2026-01-04T06:10:00+00:00 | 2026-01-04T06:15:00+00:00 | 2026-01-04T06:20:00+00:00 | 2026-01-04T06:25:00+00:00 | 2026-01-04T06:30:00+00:00 | 2026-01-04T06:35:00+00:00 | 2026-01-04T06:40:00+00:00 | 2026-01-04T06:50:00+00:00 | 2026-01-04T06:55:00+00:00,2026-01-04T04:35:00+00:00:G:112.176609017 | 2026-01-04T05:50:00+00:00:D:94.7834590874 | 2026-01-04T06:05:00+00:00:G:99.0360438089 | 2026-01-04T06:50:00+00:00:D:87.4665857082
57,↑ 向上,2026-01-04 06:50:00+00:00,底分型,87.46658570820792,2026-01-04 08:55:00+00:00,顶分型,112.53432861511307,20,4,25.07,0.2866,2026-01-04 06:40:00+00:00,2026-01-04 09:00:00+00:00,2026-01-04T06:40:00+00:00 | 2026-01-04T06:50:00+00:00 | 2026-01-04T06:55:00+00:00 | 2026-01-04T07:00:00+00:00 | 2026-01-04T07:05:00+00:00 | 2026-01-04T07:10:00+00:00 | 2026-01-04T07:15:00+00:00 | 2026-01-04T07:20:00+00:00 | 2026-01-04T07:25:00+00:00 | 2026-01-04T07:30:00+00:00 | 2026-01-04T07:35:00+00:00 | 2026-01-04T07:55:00+00:00 | 2026-01-04T08:05:00+00:00 | 2026-01-04T08:10:00+00:00 | 2026-01-04T08:20:00+00:00 | 2026-01-04T08:25:00+00:00 | 2026-01-04T08:30:00+00:00 | 2026-01-04T08:35:00+00:00 | 2026-01-04T08:55:00+00:00 | 2026-01-04T09:00:00+00:00,2026-01-04T06:50:00+00:00:D:87.4665857082 | 2026-01-04T07:55:00+00:00:G:104.982575535 | 2026-01-04T08:10:00+00:00:D:101.580798433 | 2026-01-04T08:55:00+00:00:G:112.534328615
58,↓ 向下,2026-01-04 08:55:00+00:00,顶分型,112.53432861511307,2026-01-04 10:55:00+00:00,底分型,87.91588838202955,23,6,24.62,-0.2188,2026-01-04 08:35:00+00:00,2026-01-04 11:05:00+00:00,2026-01-04T08:35:00+00:00 | 2026-01-04T08:55:00+00:00 | 2026-01-04T09:00:00+00:00 | 2026-01-04T09:05:00+00:00 | 2026-01-04T09:10:00+00:00 | 2026-01-04T09:15:00+00:00 | 2026-01-04T09:20:00+00:00 | 2026-01-04T09:25:00+00:00 | 2026-01-04T09:30:00+00:00 | 2026-01-04T09:35:00+00:00 | 2026-01-04T09:40:00+00:00 | 2026-01-04T09:45:00+00:00 | 2026-01-04T09:50:00+00:00 | 2026-01-04T09:55:00+00:00 | 2026-01-04T10:05:00+00:00 | 2026-01-04T10:10:00+00:00 | 2026-01-04T10:25:00+00:00 | 2026-01-04T10:30:00+00:00 | 2026-01-04T10:35:00+00:00 | 2026-01-04T10:45:00+00:00 | 2026-01-04T10:50:00+00:00 | 2026-01-04T10:55:00+00:00 | 2026-01-04T11:05:00+00:00,2026-01-04T08:55:00+00:00:G:112.534328615 | 2026-01-04T09:50:00+00:00:D:94.3335203247 | 2026-01-04T09:55:00+00:00:G:98.5752965824 | 2026-01-04T10:10:00+00:00:D:94.4946802569 | 2026-01-04T10:25:00+00:00:G:98.1532980716 | 2026-01-04T10:55:00+00:00:D:87.915888382
59,↑ 向上,2026-01-04 10:55:00+00:00,底分型,87.91588838202955,2026-01-04 11:55:00+00:00,顶分型,105.9981809164548,13,2,18.08,0.2057,2026-01-04 10:50:00+00:00,2026-01-04 12:00:00+00:00,2026-01-04T10:50:00+00:00 | 2026-01-04T10:55:00+00:00 | 2026-01-04T11:05:00+00:00 | 2026-01-04T11:15:00+00:00 | 2026-01-04T11:20:00+00:00 | 2026-01-04T11:25:00+00:00 | 2026-01-04T11:30:00+00:00 | 2026-01-04T11:35:00+00:00 | 2026-01-04T11:40:00+00:00 | 2026-01-04T11:45:00+00:00 | 2026-01-04T11:50:00+00:00 | 2026-01-04T11:55:00+00:00 | 2026-01-04T12:00:00+00:00,2026-01-04T10:55:00+00:00:D:87.915888382 | 2026-01-04T11:55:00+00:00:G:105.998180916
60,↓ 向下,2026-01-04 11:55:00+00:00,顶分型,105.9981809164548,2026-01-04 12:10:00+00:00,底分型,101.93157654664431,6,2,4.07,-0.0384,2026-01-04 11:50:00+00:00,2026-01-04 12:20:00+00:00,2026-01-04T11:50:00+00:00 | 2026-01-04T11:55:00+00:00 | 2026-01-04T12:00:00+00:00 | 2026-01-04T12:05:00+00:00 | 2026-01-04T12:10:00+00:00 | 2026-01-04T12:20:00+00:00,2026-01-04T11:55:00+00:00:G:105.998180916 | 2026-01-04T12:10:00+00:00:D:101.931576547
61,↑ 向上,2026-01-04 12:10:00+00:00,底分型,101.93157654664431,2026-01-04 13:10:00+00:00,顶分型,112.1559268230961,10,2,10.22,0.1003,2026-01-04 12:05:00+00:00,2026-01-04 13:15:00+00:00,2026-01-04T12:05:00+00:00 | 2026-01-04T12:10:00+00:00 | 2026-01-04T12:25:00+00:00 | 2026-01-04T12:40:00+00:00 | 2026-01-04T12:45:00+00:00 | 2026-01-04T12:50:00+00:00 | 2026-01-04T12:55:00+00:00 | 2026-01-04T13:05:00+00:00 | 2026-01-04T13:10:00+00:00 | 2026-01-04T13:15:00+00:00,2026-01-04T12:10:00+00:00:D:101.931576547 | 2026-01-04T13:10:00+00:00:G:112.155926823
62,↓ 向下,2026-01-04 13:10:00+00:00,顶分型,112.1559268230961,2026-01-04 15:15:00+00:00,底分型,87.63018811847257,23,6,24.53,-0.2187,2026-01-04 13:05:00+00:00,2026-01-04 15:20:00+00:00,2026-01-04T13:05:00+00:00 | 2026-01-04T13:10:00+00:00 | 2026-01-04T13:15:00+00:00 | 2026-01-04T13:20:00+00:00 | 2026-01-04T13:25:00+00:00 | 2026-01-04T13:30:00+00:00 | 2026-01-04T13:35:00+00:00 | 2026-01-04T13:40:00+00:00 | 2026-01-04T13:45:00+00:00 | 2026-01-04T13:50:00+00:00 | 2026-01-04T13:55:00+00:00 | 2026-01-04T14:00:00+00:00 | 2026-01-04T14:10:00+00:00 | 2026-01-04T14:20:00+00:00 | 2026-01-04T14:25:00+00:00 | 2026-01-04T14:40:00+00:00 | 2026-01-04T14:45:00+00:00 | 2026-01-04T14:50:00+00:00 | 2026-01-04T14:55:00+00:00 | 2026-01-04T15:00:00+00:00 | 2026-01-04T15:05:00+00:00 | 2026-01-04T15:15:00+00:00 | 2026-01-04T15:20:00+00:00,2026-01-04T13:10:00+00:00:G:112.155926823 | 2026-01-04T14:00:00+00:00:D:94.0671888536 | 2026-01-04T14:10:00+00:00:G:97.8000127894 | 2026-01-04T14:20:00+00:00:D:94.3096774482 | 2026-01-04T14:25:00+00:00:G:97.6065536021 | 2026-01-04T15:15:00+00:00:D:87.6301881185
63,↑ 向上,2026-01-04 15:15:00+00:00,底分型,87.63018811847257,2026-01-04 17:25:00+00:00,顶分型,111.18601477350992,20,6,23.56,0.2688,2026-01-04 15:05:00+00:00,2026-01-04 17:30:00+00:00,2026-01-04T15:05:00+00:00 | 2026-01-04T15:15:00+00:00 | 2026-01-04T15:20:00+00:00 | 2026-01-04T15:30:00+00:00 | 2026-01-04T15:35:00+00:00 | 2026-01-04T15:40:00+00:00 | 2026-01-04T15:45:00+00:00 | 2026-01-04T15:50:00+00:00 | 2026-01-04T15:55:00+00:00 | 2026-01-04T16:00:00+00:00 | 2026-01-04T16:10:00+00:00 | 2026-01-04T16:30:00+00:00 | 2026-01-04T16:35:00+00:00 | 2026-01-04T16:40:00+00:00 | 2026-01-04T16:50:00+00:00 | 2026-01-04T16:55:00+00:00 | 2026-01-04T17:00:00+00:00 | 2026-01-04T17:15:00+00:00 | 2026-01-04T17:25:00+00:00 | 2026-01-04T17:30:00+00:00,2026-01-04T15:15:00+00:00:D:87.6301881185 | 2026-01-04T16:10:00+00:00:G:106.723065969 | 2026-01-04T16:35:00+00:00:D:102.909645174 | 2026-01-04T16:55:00+00:00:G:107.959271985 | 2026-01-04T17:00:00+00:00:D:104.752712022 | 2026-01-04T17:25:00+00:00:G:111.186014774
64,↓ 向下,2026-01-04 17:25:00+00:00,顶分型,111.18601477350992,2026-01-04 19:25:00+00:00,底分型,89.0316216240989,21,6,22.15,-0.1993,2026-01-04 17:05:00+00:00,2026-01-04 19:35:00+00:00,2026-01-04T17:15:00+00:00 | 2026-01-04T17:25:00+00:00 | 2026-01-04T17:30:00+00:00 | 2026-01-04T17:40:00+00:00 | 2026-01-04T17:45:00+00:00 | 2026-01-04T17:50:00+00:00 | 2026-01-04T17:55:00+00:00 | 2026-01-04T18:00:00+00:00 | 2026-01-04T18:05:00+00:00 | 2026-01-04T18:15:00+00:00 | 2026-01-04T18:20:00+00:00 | 2026-01-04T18:25:00+00:00 | 2026-01-04T18:30:00+00:00 | 2026-01-04T18:40:00+00:00 | 2026-01-04T18:45:00+00:00 | 2026-01-04T18:55:00+00:00 | 2026-01-04T19:05:00+00:00 | 2026-01-04T19:10:00+00:00 | 2026-01-04T19:20:00+00:00 | 2026-01-04T19:25:00+00:00 | 2026-01-04T19:35:00+00:00,2026-01-04T17:25:00+00:00:G:111.186014774 | 2026-01-04T18:15:00+00:00:D:93.1456272502 | 2026-01-04T18:25:00+00:00:G:97.3918077073 | 2026-01-04T18:30:00+00:00:D:92.8488696442 | 2026-01-04T18:45:00+00:00:G:97.5456993665 | 2026-01-04T19:25:00+00:00:D:89.0316216241
65,↑ 向上,2026-01-04 19:25:00+00:00,底分型,89.0316216240989,2026-01-04 20:15:00+00:00,顶分型,106.69447912562491,12,2,17.66,0.1984,2026-01-04 19:15:00+00:00,2026-01-04 20:25:00+00:00,2026-01-04T19:20:00+00:00 | 2026-01-04T19:25:00+00:00 | 2026-01-04T19:35:00+00:00 | 2026-01-04T19:40:00+00:00 | 2026-01-04T19:45:00+00:00 | 2026-01-04T19:50:00+00:00 | 2026-01-04T19:55:00+00:00 | 2026-01-04T20:00:00+00:00 | 2026-01-04T20:05:00+00:00 | 2026-01-04T20:10:00+00:00 | 2026-01-04T20:15:00+00:00 | 2026-01-04T20:25:00+00:00,2026-01-04T19:25:00+00:00:D:89.0316216241 | 2026-01-04T20:15:00+00:00:G:106.694479126
66,↓ 向下,2026-01-04 20:15:00+00:00,顶分型,106.69447912562491,2026-01-04 20:40:00+00:00,底分型,102.30404140606854,6,4,4.39,-0.0411,2026-01-04 20:10:00+00:00,2026-01-04 20:50:00+00:00,2026-01-04T20:10:00+00:00 | 2026-01-04T20:15:00+00:00 | 2026-01-04T20:25:00+00:00 | 2026-01-04T20:35:00+00:00 | 2026-01-04T20:40:00+00:00 | 2026-01-04T20:50:00+00:00,2026-01-04T20:15:00+00:00:G:106.694479126 | 2026-01-04T20:25:00+00:00:D:102.772879356 | 2026-01-04T20:35:00+00:00:G:106.500933943 | 2026-01-04T20:40:00+00:00:D:102.304041406
67,↑ 向上,2026-01-04 20:40:00+00:00,底分型,102.30404140606854,2026-01-04 21:40:00+00:00,顶分型,111.64281191747155,11,2,9.34,0.0913,2026-01-04 20:35:00+00:00,2026-01-04 21:45:00+00:00,2026-01-04T20:35:00+00:00 | 2026-01-04T20:40:00+00:00 | 2026-01-04T20:50:00+00:00 | 2026-01-04T20:55:00+00:00 | 2026-01-04T21:00:00+00:00 | 2026-01-04T21:10:00+00:00 | 2026-01-04T21:15:00+00:00 | 2026-01-04T21:20:00+00:00 | 2026-01-04T21:35:00+00:00 | 2026-01-04T21:40:00+00:00 | 2026-01-04T21:45:00+00:00,2026-01-04T20:40:00+00:00:D:102.304041406 | 2026-01-04T21:40:00+00:00:G:111.642811917
68,↓ 向下,2026-01-04 21:40:00+00:00,顶分型,111.64281191747155,2026-01-04 23:40:00+00:00,底分型,88.60401387372335,24,4,23.04,-0.2064,2026-01-04 21:25:00+00:00,2026-01-04 23:50:00+00:00,2026-01-04T21:35:00+00:00 | 2026-01-04T21:40:00+00:00 | 2026-01-04T21:45:00+00:00 | 2026-01-04T21:50:00+00:00 | 2026-01-04T21:55:00+00:00 | 2026-01-04T22:00:00+00:00 | 2026-01-04T22:05:00+00:00 | 2026-01-04T22:10:00+00:00 | 2026-01-04T22:15:00+00:00 | 2026-01-04T22:20:00+00:00 | 2026-01-04T22:25:00+00:00 | 2026-01-04T22:30:00+00:00 | 2026-01-04T22:40:00+00:00 | 2026-01-04T22:45:00+00:00 | 2026-01-04T22:50:00+00:00 | 2026-01-04T22:55:00+00:00 | 2026-01-04T23:10:00+00:00 | 2026-01-04T23:15:00+00:00 | 2026-01-04T23:20:00+00:00 | 2026-01-04T23:25:00+00:00 | 2026-01-04T23:30:00+00:00 | 2026-01-04T23:35:00+00:00 | 2026-01-04T23:40:00+00:00 | 2026-01-04T23:50:00+00:00,2026-01-04T21:40:00+00:00:G:111.642811917 | 2026-01-04T22:45:00+00:00:D:92.8081939914 | 2026-01-04T22:55:00+00:00:G:97.3706074995 | 2026-01-04T23:40:00+00:00:D:88.6040138737
69,↑ 向上,2026-01-04 23:40:00+00:00,底分型,88.60401387372335,2026-01-05 00:40:00+00:00,顶分型,108.31037287420621,13,2,19.71,0.2224,2026-01-04 23:35:00+00:00,2026-01-05 00:45:00+00:00,2026-01-04T23:35:00+00:00 | 2026-01-04T23:40:00+00:00 | 2026-01-04T23:50:00+00:00 | 2026-01-04T23:55:00+00:00 | 2026-01-05T00:00:00+00:00 | 2026-01-05T00:05:00+00:00 | 2026-01-05T00:10:00+00:00 | 2026-01-05T00:15:00+00:00 | 2026-01-05T00:20:00+00:00 | 2026-01-05T00:25:00+00:00 | 2026-01-05T00:35:00+00:00 | 2026-01-05T00:40:00+00:00 | 2026-01-05T00:45:00+00:00,2026-01-04T23:40:00+00:00:D:88.6040138737 | 2026-01-05T00:40:00+00:00:G:108.310372874
70,↓ 向下,2026-01-05 00:40:00+00:00,顶分型,108.31037287420621,2026-01-05 01:05:00+00:00,底分型,103.38106058802181,6,4,4.93,-0.0455,2026-01-05 00:35:00+00:00,2026-01-05 01:10:00+00:00,2026-01-05T00:35:00+00:00 | 2026-01-05T00:40:00+00:00 | 2026-01-05T00:45:00+00:00 | 2026-01-05T01:00:00+00:00 | 2026-01-05T01:05:00+00:00 | 2026-01-05T01:10:00+00:00,2026-01-05T00:40:00+00:00:G:108.310372874 | 2026-01-05T00:45:00+00:00:D:103.773484534 | 2026-01-05T01:00:00+00:00:G:106.771897797 | 2026-01-05T01:05:00+00:00:D:103.381060588
71,↑ 向上,2026-01-05 01:05:00+00:00,底分型,103.38106058802181,2026-01-05 01:45:00+00:00,顶分型,111.78572434625978,9,2,8.4,0.0813,2026-01-05 00:55:00+00:00,2026-01-05 01:55:00+00:00,2026-01-05T01:00:00+00:00 | 2026-01-05T01:05:00+00:00 | 2026-01-05T01:20:00+00:00 | 2026-01-05T01:25:00+00:00 | 2026-01-05T01:30:00+00:00 | 2026-01-05T01:35:00+00:00 | 2026-01-05T01:40:00+00:00 | 2026-01-05T01:45:00+00:00 | 2026-01-05T01:55:00+00:00,2026-01-05T01:05:00+00:00:D:103.381060588 | 2026-01-05T01:45:00+00:00:G:111.785724346
72,↓ 向下,2026-01-05 01:45:00+00:00,顶分型,111.78572434625978,2026-01-05 02:55:00+00:00,底分型,92.19431604369704,15,2,19.59,-0.1753,2026-01-05 01:40:00+00:00,2026-01-05 03:00:00+00:00,2026-01-05T01:40:00+00:00 | 2026-01-05T01:45:00+00:00 | 2026-01-05T01:55:00+00:00 | 2026-01-05T02:00:00+00:00 | 2026-01-05T02:05:00+00:00 | 2026-01-05T02:10:00+00:00 | 2026-01-05T02:15:00+00:00 | 2026-01-05T02:20:00+00:00 | 2026-01-05T02:25:00+00:00 | 2026-01-05T02:30:00+00:00 | 2026-01-05T02:35:00+00:00 | 2026-01-05T02:40:00+00:00 | 2026-01-05T02:45:00+00:00 | 2026-01-05T02:55:00+00:00 | 2026-01-05T03:00:00+00:00,2026-01-05T01:45:00+00:00:G:111.785724346 | 2026-01-05T02:55:00+00:00:D:92.1943160437
73,↑ 向上,2026-01-05 02:55:00+00:00,底分型,92.19431604369704,2026-01-05 03:20:00+00:00,顶分型,97.35022824378508,8,4,5.16,0.0559,2026-01-05 02:45:00+00:00,2026-01-05 03:25:00+00:00,2026-01-05T02:45:00+00:00 | 2026-01-05T02:55:00+00:00 | 2026-01-05T03:00:00+00:00 | 2026-01-05T03:05:00+00:00 | 2026-01-05T03:10:00+00:00 | 2026-01-05T03:15:00+00:00 | 2026-01-05T03:20:00+00:00 | 2026-01-05T03:25:00+00:00,2026-01-05T02:55:00+00:00:D:92.1943160437 | 2026-01-05T03:00:00+00:00:G:96.2298168002 | 2026-01-05T03:05:00+00:00:D:92.6487737918 | 2026-01-05T03:20:00+00:00:G:97.3502282438
74,↓ 向下,2026-01-05 03:20:00+00:00,顶分型,97.35022824378508,2026-01-05 04:05:00+00:00,底分型,89.45099765756609,8,2,7.9,-0.0811,2026-01-05 03:15:00+00:00,2026-01-05 04:10:00+00:00,2026-01-05T03:15:00+00:00 | 2026-01-05T03:20:00+00:00 | 2026-01-05T03:35:00+00:00 | 2026-01-05T03:40:00+00:00 | 2026-01-05T03:45:00+00:00 | 2026-01-05T03:50:00+00:00 | 2026-01-05T04:05:00+00:00 | 2026-01-05T04:10:00+00:00,2026-01-05T03:20:00+00:00:G:97.3502282438 | 2026-01-05T04:05:00+00:00:D:89.4509976576
75,↑ 向上,2026-01-05 04:05:00+00:00,底分型,89.45099765756609,2026-01-05 06:10:00+00:00,顶分型,110.69626968300722,18,6,21.25,0.2375,2026-01-05 03:50:00+00:00,2026-01-05 06:15:00+00:00,2026-01-05T03:50:00+00:00 | 2026-01-05T04:05:00+00:00 | 2026-01-05T04:10:00+00:00 | 2026-01-05T04:15:00+00:00 | 2026-01-05T04:20:00+00:00 | 2026-01-05T04:25:00+00:00 | 2026-01-05T04:30:00+00:00 | 2026-01-05T04:35:00+00:00 | 2026-01-05T04:40:00+00:00 | 2026-01-05T04:45:00+00:00 | 2026-01-05T04:55:00+00:00 | 2026-01-05T05:30:00+00:00 | 2026-01-05T05:35:00+00:00 | 2026-01-05T05:45:00+00:00 | 2026-01-05T05:50:00+00:00 | 2026-01-05T05:55:00+00:00 | 2026-01-05T06:10:00+00:00 | 2026-01-05T06:15:00+00:00,2026-01-05T04:05:00+00:00:D:89.4509976576 | 2026-01-05T04:55:00+00:00:G:107.417759308 | 2026-01-05T05:30:00+00:00:D:103.222009747 | 2026-01-05T05:35:00+00:00:G:106.806619194 | 2026-01-05T05:45:00+00:00:D:104.109430748 | 2026-01-05T06:10:00+00:00:G:110.696269683
76,↓ 向下,2026-01-05 06:10:00+00:00,顶分型,110.69626968300722,2026-01-05 08:15:00+00:00,底分型,89.84500440008321,21,4,20.85,-0.1884,2026-01-05 05:55:00+00:00,2026-01-05 08:20:00+00:00,2026-01-05T05:55:00+00:00 | 2026-01-05T06:10:00+00:00 | 2026-01-05T06:15:00+00:00 | 2026-01-05T06:20:00+00:00 | 2026-01-05T06:25:00+00:00 | 2026-01-05T06:30:00+00:00 | 2026-01-05T06:35:00+00:00 | 2026-01-05T06:40:00+00:00 | 2026-01-05T06:45:00+00:00 | 2026-01-05T06:50:00+00:00 | 2026-01-05T06:55:00+00:00 | 2026-01-05T07:00:00+00:00 | 2026-01-05T07:05:00+00:00 | 2026-01-05T07:15:00+00:00 | 2026-01-05T07:20:00+00:00 | 2026-01-05T07:25:00+00:00 | 2026-01-05T07:50:00+00:00 | 2026-01-05T07:55:00+00:00 | 2026-01-05T08:00:00+00:00 | 2026-01-05T08:15:00+00:00 | 2026-01-05T08:20:00+00:00,2026-01-05T06:10:00+00:00:G:110.696269683 | 2026-01-05T07:15:00+00:00:D:91.6159867768 | 2026-01-05T07:25:00+00:00:G:97.4189806476 | 2026-01-05T08:15:00+00:00:D:89.8450044001
77,↑ 向上,2026-01-05 08:15:00+00:00,底分型,89.84500440008321,2026-01-05 09:15:00+00:00,顶分型,108.89928782046144,14,2,19.05,0.2121,2026-01-05 08:00:00+00:00,2026-01-05 09:25:00+00:00,2026-01-05T08:00:00+00:00 | 2026-01-05T08:15:00+00:00 | 2026-01-05T08:20:00+00:00 | 2026-01-05T08:25:00+00:00 | 2026-01-05T08:30:00+00:00 | 2026-01-05T08:35:00+00:00 | 2026-01-05T08:40:00+00:00 | 2026-01-05T08:45:00+00:00 | 2026-01-05T08:50:00+00:00 | 2026-01-05T08:55:00+00:00 | 2026-01-05T09:00:00+00:00 | 2026-01-05T09:05:00+00:00 | 2026-01-05T09:15:00+00:00 | 2026-01-05T09:25:00+00:00,2026-01-05T08:15:00+00:00:D:89.8450044001 | 2026-01-05T09:15:00+00:00:G:108.89928782
78,↓ 向下,2026-01-05 09:15:00+00:00,顶分型,108.89928782046144,2026-01-05 09:40:00+00:00,底分型,102.68064018510798,6,2,6.22,-0.0571,2026-01-05 09:05:00+00:00,2026-01-05 09:45:00+00:00,2026-01-05T09:05:00+00:00 | 2026-01-05T09:15:00+00:00 | 2026-01-05T09:25:00+00:00 | 2026-01-05T09:30:00+00:00 | 2026-01-05T09:40:00+00:00 | 2026-01-05T09:45:00+00:00,2026-01-05T09:15:00+00:00:G:108.89928782 | 2026-01-05T09:40:00+00:00:D:102.680640185
79,↑ 向上,2026-01-05 09:40:00+00:00,底分型,102.68064018510798,2026-01-05 10:15:00+00:00,顶分型,110.75438145810709,8,4,8.07,0.0786,2026-01-05 09:30:00+00:00,2026-01-05 10:20:00+00:00,2026-01-05T09:30:00+00:00 | 2026-01-05T09:40:00+00:00 | 2026-01-05T09:45:00+00:00 | 2026-01-05T09:55:00+00:00 | 2026-01-05T10:00:00+00:00 | 2026-01-05T10:05:00+00:00 | 2026-01-05T10:15:00+00:00 | 2026-01-05T10:20:00+00:00,2026-01-05T09:40:00+00:00:D:102.680640185 | 2026-01-05T09:45:00+00:00:G:107.146649742 | 2026-01-05T09:55:00+00:00:D:104.092000244 | 2026-01-05T10:15:00+00:00:G:110.754381458
80,↓ 向下,2026-01-05 10:15:00+00:00,顶分型,110.75438145810709,2026-01-05 12:15:00+00:00,底分型,90.41078147396594,22,4,20.34,-0.1837,2026-01-05 10:05:00+00:00,2026-01-05 12:30:00+00:00,2026-01-05T10:05:00+00:00 | 2026-01-05T10:15:00+00:00 | 2026-01-05T10:20:00+00:00 | 2026-01-05T10:25:00+00:00 | 2026-01-05T10:30:00+00:00 | 2026-01-05T10:35:00+00:00 | 2026-01-05T10:40:00+00:00 | 2026-01-05T10:45:00+00:00 | 2026-01-05T10:50:00+00:00 | 2026-01-05T10:55:00+00:00 | 2026-01-05T11:00:00+00:00 | 2026-01-05T11:05:00+00:00 | 2026-01-05T11:20:00+00:00 | 2026-01-05T11:30:00+00:00 | 2026-01-05T11:35:00+00:00 | 2026-01-05T11:45:00+00:00 | 2026-01-05T11:55:00+00:00 | 2026-01-05T12:00:00+00:00 | 2026-01-05T12:05:00+00:00 | 2026-01-05T12:10:00+00:00 | 2026-01-05T12:15:00+00:00 | 2026-01-05T12:30:00+00:00,2026-01-05T10:15:00+00:00:G:110.754381458 | 2026-01-05T11:20:00+00:00:D:91.5566026386 | 2026-01-05T11:35:00+00:00:G:96.397243667 | 2026-01-05T12:15:00+00:00:D:90.410781474
81,↑ 向上,2026-01-05 12:15:00+00:00,底分型,90.41078147396594,2026-01-05 13:30:00+00:00,顶分型,109.09960292921683,13,2,18.69,0.2067,2026-01-05 12:10:00+00:00,2026-01-05 13:35:00+00:00,2026-01-05T12:10:00+00:00 | 2026-01-05T12:15:00+00:00 | 2026-01-05T12:40:00+00:00 | 2026-01-05T12:45:00+00:00 | 2026-01-05T12:50:00+00:00 | 2026-01-05T12:55:00+00:00 | 2026-01-05T13:00:00+00:00 | 2026-01-05T13:05:00+00:00 | 2026-01-05T13:10:00+00:00 | 2026-01-05T13:15:00+00:00 | 2026-01-05T13:20:00+00:00 | 2026-01-05T13:30:00+00:00 | 2026-01-05T13:35:00+00:00,2026-01-05T12:15:00+00:00:D:90.410781474 | 2026-01-05T13:30:00+00:00:G:109.099602929
82,↓ 向下,2026-01-05 13:30:00+00:00,顶分型,109.09960292921683,2026-01-05 13:50:00+00:00,底分型,103.43732071905583,6,2,5.66,-0.0519,2026-01-05 13:20:00+00:00,2026-01-05 14:00:00+00:00,2026-01-05T13:20:00+00:00 | 2026-01-05T13:30:00+00:00 | 2026-01-05T13:35:00+00:00 | 2026-01-05T13:40:00+00:00 | 2026-01-05T13:50:00+00:00 | 2026-01-05T14:00:00+00:00,2026-01-05T13:30:00+00:00:G:109.099602929 | 2026-01-05T13:50:00+00:00:D:103.437320719
83,↑ 向上,2026-01-05 13:50:00+00:00,底分型,103.43732071905583,2026-01-05 14:25:00+00:00,顶分型,109.78867272086906,8,2,6.35,0.0614,2026-01-05 13:40:00+00:00,2026-01-05 14:30:00+00:00,2026-01-05T13:40:00+00:00 | 2026-01-05T13:50:00+00:00 | 2026-01-05T14:00:00+00:00 | 2026-01-05T14:10:00+00:00 | 2026-01-05T14:15:00+00:00 | 2026-01-05T14:20:00+00:00 | 2026-01-05T14:25:00+00:00 | 2026-01-05T14:30:00+00:00,2026-01-05T13:50:00+00:00:D:103.437320719 | 2026-01-05T14:25:00+00:00:G:109.788672721
84,↓ 向下,2026-01-05 14:25:00+00:00,顶分型,109.78867272086906,2026-01-05 16:25:00+00:00,底分型,90.39620611770233,21,4,19.39,-0.1766,2026-01-05 14:20:00+00:00,2026-01-05 16:30:00+00:00,2026-01-05T14:20:00+00:00 | 2026-01-05T14:25:00+00:00 | 2026-01-05T14:35:00+00:00 | 2026-01-05T14:40:00+00:00 | 2026-01-05T14:45:00+00:00 | 2026-01-05T14:50:00+00:00 | 2026-01-05T14:55:00+00:00 | 2026-01-05T15:00:00+00:00 | 2026-01-05T15:05:00+00:00 | 2026-01-05T15:10:00+00:00 | 2026-01-05T15:15:00+00:00 | 2026-01-05T15:20:00+00:00 | 2026-01-05T15:25:00+00:00 | 2026-01-05T15:30:00+00:00 | 2026-01-05T15:45:00+00:00 | 2026-01-05T15:50:00+00:00 | 2026-01-05T15:55:00+00:00 | 2026-01-05T16:10:00+00:00 | 2026-01-05T16:20:00+00:00 | 2026-01-05T16:25:00+00:00 | 2026-01-05T16:30:00+00:00,2026-01-05T14:25:00+00:00:G:109.788672721 | 2026-01-05T15:45:00+00:00:D:90.6880542963 | 2026-01-05T15:55:00+00:00:G:96.6171263562 | 2026-01-05T16:25:00+00:00:D:90.3962061177
85,↑ 向上,2026-01-05 16:25:00+00:00,底分型,90.39620611770233,2026-01-05 17:45:00+00:00,顶分型,109.50605311626458,16,4,19.11,0.2114,2026-01-05 16:20:00+00:00,2026-01-05 17:50:00+00:00,2026-01-05T16:20:00+00:00 | 2026-01-05T16:25:00+00:00 | 2026-01-05T16:30:00+00:00 | 2026-01-05T16:40:00+00:00 | 2026-01-05T16:45:00+00:00 | 2026-01-05T16:50:00+00:00 | 2026-01-05T16:55:00+00:00 | 2026-01-05T17:00:00+00:00 | 2026-01-05T17:05:00+00:00 | 2026-01-05T17:10:00+00:00 | 2026-01-05T17:15:00+00:00 | 2026-01-05T17:20:00+00:00 | 2026-01-05T17:25:00+00:00 | 2026-01-05T17:30:00+00:00 | 2026-01-05T17:45:00+00:00 | 2026-01-05T17:50:00+00:00,2026-01-05T16:25:00+00:00:D:90.3962061177 | 2026-01-05T16:30:00+00:00:G:94.3418185242 | 2026-01-05T16:40:00+00:00:D:91.0589067488 | 2026-01-05T17:45:00+00:00:G:109.506053116
86,↓ 向下,2026-01-05 17:45:00+00:00,顶分型,109.50605311626458,2026-01-05 18:15:00+00:00,底分型,102.9000145133297,8,2,6.61,-0.0603,2026-01-05 17:30:00+00:00,2026-01-05 18:20:00+00:00,2026-01-05T17:30:00+00:00 | 2026-01-05T17:45:00+00:00 | 2026-01-05T17:50:00+00:00 | 2026-01-05T17:55:00+00:00 | 2026-01-05T18:00:00+00:00 | 2026-01-05T18:10:00+00:00 | 2026-01-05T18:15:00+00:00 | 2026-01-05T18:20:00+00:00,2026-01-05T17:45:00+00:00:G:109.506053116 | 2026-01-05T18:15:00+00:00:D:102.900014513
87,↑ 向上,2026-01-05 18:15:00+00:00,底分型,102.9000145133297,2026-01-05 18:50:00+00:00,顶分型,109.58597942759285,9,4,6.69,0.065,2026-01-05 18:05:00+00:00,2026-01-05 18:55:00+00:00,2026-01-05T18:10:00+00:00 | 2026-01-05T18:15:00+00:00 | 2026-01-05T18:20:00+00:00 | 2026-01-05T18:25:00+00:00 | 2026-01-05T18:30:00+00:00 | 2026-01-05T18:35:00+00:00 | 2026-01-05T18:40:00+00:00 | 2026-01-05T18:50:00+00:00 | 2026-01-05T18:55:00+00:00,2026-01-05T18:15:00+00:00:D:102.900014513 | 2026-01-05T18:35:00+00:00:G:109.5236945 | 2026-01-05T18:40:00+00:00:D:105.964346769 | 2026-01-05T18:50:00+00:00:G:109.585979428
88,↓ 向下,2026-01-05 18:50:00+00:00,顶分型,109.58597942759285,2026-01-05 19:50:00+00:00,底分型,90.76010984605865,14,2,18.83,-0.1718,2026-01-05 18:40:00+00:00,2026-01-05 19:55:00+00:00,2026-01-05T18:40:00+00:00 | 2026-01-05T18:50:00+00:00 | 2026-01-05T18:55:00+00:00 | 2026-01-05T19:00:00+00:00 | 2026-01-05T19:05:00+00:00 | 2026-01-05T19:10:00+00:00 | 2026-01-05T19:15:00+00:00 | 2026-01-05T19:20:00+00:00 | 2026-01-05T19:25:00+00:00 | 2026-01-05T19:30:00+00:00 | 2026-01-05T19:35:00+00:00 | 2026-01-05T19:45:00+00:00 | 2026-01-05T19:50:00+00:00 | 2026-01-05T19:55:00+00:00,2026-01-05T18:50:00+00:00:G:109.585979428 | 2026-01-05T19:50:00+00:00:D:90.7601098461
89,↑ 向上,2026-01-05 19:50:00+00:00,底分型,90.76010984605865,2026-01-05 20:10:00+00:00,顶分型,97.0428484168064,6,2,6.28,0.0692,2026-01-05 19:40:00+00:00,2026-01-05 20:20:00+00:00,2026-01-05T19:45:00+00:00 | 2026-01-05T19:50:00+00:00 | 2026-01-05T19:55:00+00:00 | 2026-01-05T20:00:00+00:00 | 2026-01-05T20:10:00+00:00 | 2026-01-05T20:20:00+00:00,2026-01-05T19:50:00+00:00:D:90.7601098461 | 2026-01-05T20:10:00+00:00:G:97.0428484168
90,↓ 向下,2026-01-05 20:10:00+00:00,顶分型,97.0428484168064,2026-01-05 20:50:00+00:00,底分型,90.2680776456478,8,4,6.77,-0.0698,2026-01-05 20:00:00+00:00,2026-01-05 20:55:00+00:00,2026-01-05T20:00:00+00:00 | 2026-01-05T20:10:00+00:00 | 2026-01-05T20:20:00+00:00 | 2026-01-05T20:30:00+00:00 | 2026-01-05T20:35:00+00:00 | 2026-01-05T20:40:00+00:00 | 2026-01-05T20:50:00+00:00 | 2026-01-05T20:55:00+00:00,2026-01-05T20:10:00+00:00:G:97.0428484168 | 2026-01-05T20:20:00+00:00:D:93.4524005333 | 2026-01-05T20:30:00+00:00:G:96.0538974048 | 2026-01-05T20:50:00+00:00:D:90.2680776456
91,↑ 向上,2026-01-05 20:50:00+00:00,底分型,90.2680776456478,2026-01-05 21:55:00+00:00,顶分型,110.28541616901181,13,2,20.02,0.2218,2026-01-05 20:40:00+00:00,2026-01-05 22:00:00+00:00,2026-01-05T20:40:00+00:00 | 2026-01-05T20:50:00+00:00 | 2026-01-05T21:05:00+00:00 | 2026-01-05T21:15:00+00:00 | 2026-01-05T21:20:00+00:00 | 2026-01-05T21:25:00+00:00 | 2026-01-05T21:30:00+00:00 | 2026-01-05T21:35:00+00:00 | 2026-01-05T21:40:00+00:00 | 2026-01-05T21:45:00+00:00 | 2026-01-05T21:50:00+00:00 | 2026-01-05T21:55:00+00:00 | 2026-01-05T22:00:00+00:00,2026-01-05T20:50:00+00:00:D:90.2680776456 | 2026-01-05T21:55:00+00:00:G:110.285416169
92,↓ 向下,2026-01-05 21:55:00+00:00,顶分型,110.28541616901181,2026-01-05 22:35:00+00:00,底分型,103.08437317120303,8,2,7.2,-0.0653,2026-01-05 21:50:00+00:00,2026-01-05 22:40:00+00:00,2026-01-05T21:50:00+00:00 | 2026-01-05T21:55:00+00:00 | 2026-01-05T22:00:00+00:00 | 2026-01-05T22:05:00+00:00 | 2026-01-05T22:15:00+00:00 | 2026-01-05T22:30:00+00:00 | 2026-01-05T22:35:00+00:00 | 2026-01-05T22:40:00+00:00,2026-01-05T21:55:00+00:00:G:110.285416169 | 2026-01-05T22:35:00+00:00:D:103.084373171
93,↑ 向上,2026-01-05 22:35:00+00:00,底分型,103.08437317120303,2026-01-05 22:50:00+00:00,顶分型,108.89866203851446,6,2,5.81,0.0564,2026-01-05 22:20:00+00:00,2026-01-05 23:00:00+00:00,2026-01-05T22:30:00+00:00 | 2026-01-05T22:35:00+00:00 | 2026-01-05T22:40:00+00:00 | 2026-01-05T22:45:00+00:00 | 2026-01-05T22:50:00+00:00 | 2026-01-05T23:00:00+00:00,2026-01-05T22:35:00+00:00:D:103.084373171 | 2026-01-05T22:50:00+00:00:G:108.898662039
94,↓ 向下,2026-01-05 22:50:00+00:00,顶分型,108.89866203851446,2026-01-06 00:05:00+00:00,底分型,89.8845761521106,14,2,19.01,-0.1746,2026-01-05 22:45:00+00:00,2026-01-06 00:10:00+00:00,2026-01-05T22:45:00+00:00 | 2026-01-05T22:50:00+00:00 | 2026-01-05T23:00:00+00:00 | 2026-01-05T23:10:00+00:00 | 2026-01-05T23:15:00+00:00 | 2026-01-05T23:20:00+00:00 | 2026-01-05T23:25:00+00:00 | 2026-01-05T23:30:00+00:00 | 2026-01-05T23:35:00+00:00 | 2026-01-05T23:40:00+00:00 | 2026-01-05T23:45:00+00:00 | 2026-01-05T23:50:00+00:00 | 2026-01-06T00:05:00+00:00 | 2026-01-06T00:10:00+00:00,2026-01-05T22:50:00+00:00:G:108.898662039 | 2026-01-06T00:05:00+00:00:D:89.8845761521
95,↑ 向上,2026-01-06 00:05:00+00:00,底分型,89.8845761521106,2026-01-06 00:30:00+00:00,顶分型,96.51894439096942,7,2,6.63,0.0738,2026-01-05 23:50:00+00:00,2026-01-06 00:35:00+00:00,2026-01-05T23:50:00+00:00 | 2026-01-06T00:05:00+00:00 | 2026-01-06T00:10:00+00:00 | 2026-01-06T00:15:00+00:00 | 2026-01-06T00:20:00+00:00 | 2026-01-06T00:30:00+00:00 | 2026-01-06T00:35:00+00:00,2026-01-06T00:05:00+00:00:D:89.8845761521 | 2026-01-06T00:30:00+00:00:G:96.518944391
96,↓ 向下,2026-01-06 00:30:00+00:00,顶分型,96.51894439096942,2026-01-06 01:05:00+00:00,底分型,91.32404314543497,9,6,5.19,-0.0538,2026-01-06 00:20:00+00:00,2026-01-06 01:10:00+00:00,2026-01-06T00:20:00+00:00 | 2026-01-06T00:30:00+00:00 | 2026-01-06T00:35:00+00:00 | 2026-01-06T00:40:00+00:00 | 2026-01-06T00:45:00+00:00 | 2026-01-06T00:55:00+00:00 | 2026-01-06T01:00:00+00:00 | 2026-01-06T01:05:00+00:00 | 2026-01-06T01:10:00+00:00,2026-01-06T00:30:00+00:00:G:96.518944391 | 2026-01-06T00:35:00+00:00:D:93.0408600895 | 2026-01-06T00:40:00+00:00:G:95.8276833722 | 2026-01-06T00:45:00+00:00:D:92.0745180874 | 2026-01-06T00:55:00+00:00:G:95.502947099 | 2026-01-06T01:05:00+00:00:D:91.3240431454
97,↑ 向上,2026-01-06 01:05:00+00:00,底分型,91.32404314543497,2026-01-06 02:10:00+00:00,顶分型,110.50734880882763,15,2,19.18,0.2101,2026-01-06 01:00:00+00:00,2026-01-06 02:15:00+00:00,2026-01-06T01:00:00+00:00 | 2026-01-06T01:05:00+00:00 | 2026-01-06T01:10:00+00:00 | 2026-01-06T01:15:00+00:00 | 2026-01-06T01:25:00+00:00 | 2026-01-06T01:30:00+00:00 | 2026-01-06T01:35:00+00:00 | 2026-01-06T01:40:00+00:00 | 2026-01-06T01:45:00+00:00 | 2026-01-06T01:50:00+00:00 | 2026-01-06T01:55:00+00:00 | 2026-01-06T02:00:00+00:00 | 2026-01-06T02:05:00+00:00 | 2026-01-06T02:10:00+00:00 | 2026-01-06T02:15:00+00:00,2026-01-06T01:05:00+00:00:D:91.3240431454 | 2026-01-06T02:10:00+00:00:G:110.507348809
98,↓ 向下,2026-01-06 02:10:00+00:00,顶分型,110.50734880882763,2026-01-06 04:10:00+00:00,底分型,89.09027014789126,19,6,21.42,-0.1938,2026-01-06 02:05:00+00:00,2026-01-06 04:20:00+00:00,2026-01-06T02:05:00+00:00 | 2026-01-06T02:10:00+00:00 | 2026-01-06T02:30:00+00:00 | 2026-01-06T02:35:00+00:00 | 2026-01-06T02:45:00+00:00 | 2026-01-06T02:50:00+00:00 | 2026-01-06T02:55:00+00:00 | 2026-01-06T03:10:00+00:00 | 2026-01-06T03:20:00+00:00 | 2026-01-06T03:30:00+00:00 | 2026-01-06T03:35:00+00:00 | 2026-01-06T03:40:00+00:00 | 2026-01-06T03:45:00+00:00 | 2026-01-06T03:50:00+00:00 | 2026-01-06T03:55:00+00:00 | 2026-01-06T04:00:00+00:00 | 2026-01-06T04:05:00+00:00 | 2026-01-06T04:10:00+00:00 | 2026-01-06T04:20:00+00:00,2026-01-06T02:10:00+00:00:G:110.507348809 | 2026-01-06T02:35:00+00:00:D:102.960371494 | 2026-01-06T02:45:00+00:00:G:106.181492859 | 2026-01-06T02:50:00+00:00:D:102.668803537 | 2026-01-06T03:10:00+00:00:G:108.086104217 | 2026-01-06T04:10:00+00:00:D:89.0902701479
99,↑ 向上,2026-01-06 04:10:00+00:00,底分型,89.09027014789126,2026-01-06 04:50:00+00:00,顶分型,97.18815515559982,9,2,8.1,0.0909,2026-01-06 04:05:00+00:00,2026-01-06 04:55:00+00:00,2026-01-06T04:05:00+00:00 | 2026-01-06T04:10:00+00:00 | 2026-01-06T04:20:00+00:00 | 2026-01-06T04:25:00+00:00 | 2026-01-06T04:30:00+00:00 | 2026-01-06T04:35:00+00:00 | 2026-01-06T04:40:00+00:00 | 2026-01-06T04:50:00+00:00 | 2026-01-06T04:55:00+00:00,2026-01-06T04:10:00+00:00:D:89.0902701479 | 2026-01-06T04:50:00+00:00:G:97.1881551556
100,↓ 向下,2026-01-06 04:50:00+00:00,顶分型,97.18815515559982,2026-01-06 05:25:00+00:00,底分型,91.6246737202856,8,6,5.56,-0.0572,2026-01-06 04:40:00+00:00,2026-01-06 05:30:00+00:00,2026-01-06T04:40:00+00:00 | 2026-01-06T04:50:00+00:00 | 2026-01-06T04:55:00+00:00 | 2026-01-06T05:00:00+00:00 | 2026-01-06T05:05:00+00:00 | 2026-01-06T05:15:00+00:00 | 2026-01-06T05:25:00+00:00 | 2026-01-06T05:30:00+00:00,2026-01-06T04:50:00+00:00:G:97.1881551556 | 2026-01-06T04:55:00+00:00:D:93.0110127811 | 2026-01-06T05:00:00+00:00:G:96.5598225363 | 2026-01-06T05:05:00+00:00:D:92.517998294 | 2026-01-06T05:15:00+00:00:G:95.847704954 | 2026-01-06T05:25:00+00:00:D:91.6246737203
101,↑ 向上,2026-01-06 05:25:00+00:00,底分型,91.6246737202856,2026-01-06 06:25:00+00:00,顶分型,110.85617700414113,15,4,19.23,0.2099,2026-01-06 05:15:00+00:00,2026-01-06 06:30:00+00:00,2026-01-06T05:15:00+00:00 | 2026-01-06T05:25:00+00:00 | 2026-01-06T05:30:00+00:00 | 2026-01-06T05:35:00+00:00 | 2026-01-06T05:40:00+00:00 | 2026-01-06T05:45:00+00:00 | 2026-01-06T05:50:00+00:00 | 2026-01-06T05:55:00+00:00 | 2026-01-06T06:00:00+00:00 | 2026-01-06T06:05:00+00:00 | 2026-01-06T06:10:00+00:00 | 2026-01-06T06:15:00+00:00 | 2026-01-06T06:20:00+00:00 | 2026-01-06T06:25:00+00:00 | 2026-01-06T06:30:00+00:00,2026-01-06T05:25:00+00:00:D:91.6246737203 | 2026-01-06T06:15:00+00:00:G:110.376607783 | 2026-01-06T06:20:00+00:00:D:107.61837792 | 2026-01-06T06:25:00+00:00:G:110.856177004
102,↓ 向下,2026-01-06 06:25:00+00:00,顶分型,110.85617700414113,2026-01-06 08:30:00+00:00,底分型,89.55395074434,23,4,21.3,-0.1922,2026-01-06 06:20:00+00:00,2026-01-06 08:35:00+00:00,2026-01-06T06:20:00+00:00 | 2026-01-06T06:25:00+00:00 | 2026-01-06T06:30:00+00:00 | 2026-01-06T06:35:00+00:00 | 2026-01-06T06:40:00+00:00 | 2026-01-06T06:45:00+00:00 | 2026-01-06T06:50:00+00:00 | 2026-01-06T06:55:00+00:00 | 2026-01-06T07:05:00+00:00 | 2026-01-06T07:10:00+00:00 | 2026-01-06T07:30:00+00:00 | 2026-01-06T07:35:00+00:00 | 2026-01-06T07:40:00+00:00 | 2026-01-06T07:45:00+00:00 | 2026-01-06T07:50:00+00:00 | 2026-01-06T07:55:00+00:00 | 2026-01-06T08:00:00+00:00 | 2026-01-06T08:05:00+00:00 | 2026-01-06T08:10:00+00:00 | 2026-01-06T08:15:00+00:00 | 2026-01-06T08:20:00+00:00 | 2026-01-06T08:30:00+00:00 | 2026-01-06T08:35:00+00:00,2026-01-06T06:25:00+00:00:G:110.856177004 | 2026-01-06T06:55:00+00:00:D:103.519810403 | 2026-01-06T07:10:00+00:00:G:107.495392724 | 2026-01-06T08:30:00+00:00:D:89.5539507443
103,↑ 向上,2026-01-06 08:30:00+00:00,底分型,89.55395074434,2026-01-06 10:30:00+00:00,顶分型,111.40991252945928,21,6,21.86,0.2441,2026-01-06 08:20:00+00:00,2026-01-06 10:40:00+00:00,2026-01-06T08:20:00+00:00 | 2026-01-06T08:30:00+00:00 | 2026-01-06T08:35:00+00:00 | 2026-01-06T08:45:00+00:00 | 2026-01-06T08:50:00+00:00 | 2026-01-06T09:00:00+00:00 | 2026-01-06T09:05:00+00:00 | 2026-01-06T09:10:00+00:00 | 2026-01-06T09:20:00+00:00 | 2026-01-06T09:35:00+00:00 | 2026-01-06T09:40:00+00:00 | 2026-01-06T09:45:00+00:00 | 2026-01-06T09:50:00+00:00 | 2026-01-06T09:55:00+00:00 | 2026-01-06T10:00:00+00:00 | 2026-01-06T10:10:00+00:00 | 2026-01-06T10:15:00+00:00 | 2026-01-06T10:20:00+00:00 | 2026-01-06T10:25:00+00:00 | 2026-01-06T10:30:00+00:00 | 2026-01-06T10:40:00+00:00,2026-01-06T08:30:00+00:00:D:89.5539507443 | 2026-01-06T09:05:00+00:00:G:97.2197560766 | 2026-01-06T09:20:00+00:00:D:92.6073698529 | 2026-01-06T09:40:00+00:00:G:96.6694366986 | 2026-01-06T09:45:00+00:00:D:93.3443709535 | 2026-01-06T10:30:00+00:00:G:111.409912529
104,↓ 向下,2026-01-06 10:30:00+00:00,顶分型,111.40991252945928,2026-01-06 11:20:00+00:00,底分型,102.65541518754767,8,2,8.75,-0.0786,2026-01-06 10:25:00+00:00,2026-01-06 11:25:00+00:00,2026-01-06T10:25:00+00:00 | 2026-01-06T10:30:00+00:00 | 2026-01-06T10:50:00+00:00 | 2026-01-06T10:55:00+00:00 | 2026-01-06T11:05:00+00:00 | 2026-01-06T11:10:00+00:00 | 2026-01-06T11:20:00+00:00 | 2026-01-06T11:25:00+00:00,2026-01-06T10:30:00+00:00:G:111.409912529 | 2026-01-06T11:20:00+00:00:D:102.655415188
105,↑ 向上,2026-01-06 11:20:00+00:00,底分型,102.65541518754767,2026-01-06 11:40:00+00:00,顶分型,107.93998492290854,6,4,5.28,0.0515,2026-01-06 11:10:00+00:00,2026-01-06 11:45:00+00:00,2026-01-06T11:10:00+00:00 | 2026-01-06T11:20:00+00:00 | 2026-01-06T11:25:00+00:00 | 2026-01-06T11:35:00+00:00 | 2026-01-06T11:40:00+00:00 | 2026-01-06T11:45:00+00:00,2026-01-06T11:20:00+00:00:D:102.655415188 | 2026-01-06T11:25:00+00:00:G:106.76508532 | 2026-01-06T11:35:00+00:00:D:102.792685232 | 2026-01-06T11:40:00+00:00:G:107.939984923
106,↓ 向下,2026-01-06 11:40:00+00:00,顶分型,107.93998492290854,2026-01-06 12:45:00+00:00,底分型,88.46300700071127,15,2,19.48,-0.1804,2026-01-06 11:30:00+00:00,2026-01-06 12:50:00+00:00,2026-01-06T11:35:00+00:00 | 2026-01-06T11:40:00+00:00 | 2026-01-06T11:45:00+00:00 | 2026-01-06T11:50:00+00:00 | 2026-01-06T11:55:00+00:00 | 2026-01-06T12:00:00+00:00 | 2026-01-06T12:05:00+00:00 | 2026-01-06T12:10:00+00:00 | 2026-01-06T12:15:00+00:00 | 2026-01-06T12:20:00+00:00 | 2026-01-06T12:25:00+00:00 | 2026-01-06T12:30:00+00:00 | 2026-01-06T12:40:00+00:00 | 2026-01-06T12:45:00+00:00 | 2026-01-06T12:50:00+00:00,2026-01-06T11:40:00+00:00:G:107.939984923 | 2026-01-06T12:45:00+00:00:D:88.4630070007
107,↑ 向上,2026-01-06 12:45:00+00:00,底分型,88.46300700071127,2026-01-06 13:20:00+00:00,顶分型,97.75733366280588,9,2,9.29,0.1051,2026-01-06 12:40:00+00:00,2026-01-06 13:25:00+00:00,2026-01-06T12:40:00+00:00 | 2026-01-06T12:45:00+00:00 | 2026-01-06T12:50:00+00:00 | 2026-01-06T12:55:00+00:00 | 2026-01-06T13:00:00+00:00 | 2026-01-06T13:05:00+00:00 | 2026-01-06T13:15:00+00:00 | 2026-01-06T13:20:00+00:00 | 2026-01-06T13:25:00+00:00,2026-01-06T12:45:00+00:00:D:88.4630070007 | 2026-01-06T13:20:00+00:00:G:97.7573336628
108,↓ 向下,2026-01-06 13:20:00+00:00,顶分型,97.75733366280588,2026-01-06 13:40:00+00:00,底分型,92.72325855304342,6,2,5.03,-0.0515,2026-01-06 13:15:00+00:00,2026-01-06 13:45:00+00:00,2026-01-06T13:15:00+00:00 | 2026-01-06T13:20:00+00:00 | 2026-01-06T13:25:00+00:00 | 2026-01-06T13:35:00+00:00 | 2026-01-06T13:40:00+00:00 | 2026-01-06T13:45:00+00:00,2026-01-06T13:20:00+00:00:G:97.7573336628 | 2026-01-06T13:40:00+00:00:D:92.723258553
109,↑ 向上,2026-01-06 13:40:00+00:00,底分型,92.72325855304342,2026-01-06 14:55:00+00:00,顶分型,110.967879286437,13,2,18.24,0.1968,2026-01-06 13:35:00+00:00,2026-01-06 15:00:00+00:00,2026-01-06T13:35:00+00:00 | 2026-01-06T13:40:00+00:00 | 2026-01-06T13:45:00+00:00 | 2026-01-06T13:55:00+00:00 | 2026-01-06T14:00:00+00:00 | 2026-01-06T14:05:00+00:00 | 2026-01-06T14:10:00+00:00 | 2026-01-06T14:15:00+00:00 | 2026-01-06T14:20:00+00:00 | 2026-01-06T14:25:00+00:00 | 2026-01-06T14:30:00+00:00 | 2026-01-06T14:55:00+00:00 | 2026-01-06T15:00:00+00:00,2026-01-06T13:40:00+00:00:D:92.723258553 | 2026-01-06T14:55:00+00:00:G:110.967879286
110,↓ 向下,2026-01-06 14:55:00+00:00,顶分型,110.967879286437,2026-01-06 17:00:00+00:00,底分型,88.53279277522964,23,6,22.44,-0.2022,2026-01-06 14:30:00+00:00,2026-01-06 17:05:00+00:00,2026-01-06T14:30:00+00:00 | 2026-01-06T14:55:00+00:00 | 2026-01-06T15:00:00+00:00 | 2026-01-06T15:05:00+00:00 | 2026-01-06T15:15:00+00:00 | 2026-01-06T15:20:00+00:00 | 2026-01-06T15:25:00+00:00 | 2026-01-06T15:30:00+00:00 | 2026-01-06T15:35:00+00:00 | 2026-01-06T15:50:00+00:00 | 2026-01-06T15:55:00+00:00 | 2026-01-06T16:00:00+00:00 | 2026-01-06T16:05:00+00:00 | 2026-01-06T16:10:00+00:00 | 2026-01-06T16:15:00+00:00 | 2026-01-06T16:20:00+00:00 | 2026-01-06T16:25:00+00:00 | 2026-01-06T16:30:00+00:00 | 2026-01-06T16:35:00+00:00 | 2026-01-06T16:40:00+00:00 | 2026-01-06T16:45:00+00:00 | 2026-01-06T17:00:00+00:00 | 2026-01-06T17:05:00+00:00,2026-01-06T14:55:00+00:00:G:110.967879286 | 2026-01-06T15:35:00+00:00:D:101.900217311 | 2026-01-06T15:50:00+00:00:G:106.620562099 | 2026-01-06T16:00:00+00:00:D:102.444108422 | 2026-01-06T16:05:00+00:00:G:105.85000257 | 2026-01-06T17:00:00+00:00:D:88.5327927752
111,↑ 向上,2026-01-06 17:00:00+00:00,底分型,88.53279277522964,2026-01-06 19:05:00+00:00,顶分型,111.41225738501696,23,6,22.88,0.2584,2026-01-06 16:45:00+00:00,2026-01-06 19:15:00+00:00,2026-01-06T16:45:00+00:00 | 2026-01-06T17:00:00+00:00 | 2026-01-06T17:05:00+00:00 | 2026-01-06T17:10:00+00:00 | 2026-01-06T17:15:00+00:00 | 2026-01-06T17:25:00+00:00 | 2026-01-06T17:30:00+00:00 | 2026-01-06T17:45:00+00:00 | 2026-01-06T17:50:00+00:00 | 2026-01-06T18:00:00+00:00 | 2026-01-06T18:05:00+00:00 | 2026-01-06T18:10:00+00:00 | 2026-01-06T18:15:00+00:00 | 2026-01-06T18:25:00+00:00 | 2026-01-06T18:30:00+00:00 | 2026-01-06T18:35:00+00:00 | 2026-01-06T18:40:00+00:00 | 2026-01-06T18:45:00+00:00 | 2026-01-06T18:50:00+00:00 | 2026-01-06T18:55:00+00:00 | 2026-01-06T19:00:00+00:00 | 2026-01-06T19:05:00+00:00 | 2026-01-06T19:15:00+00:00,2026-01-06T17:00:00+00:00:D:88.5327927752 | 2026-01-06T17:30:00+00:00:G:97.7635024054 | 2026-01-06T17:50:00+00:00:D:93.7447404286 | 2026-01-06T18:55:00+00:00:G:110.810670127 | 2026-01-06T19:00:00+00:00:D:108.360259527 | 2026-01-06T19:05:00+00:00:G:111.412257385
112,↓ 向下,2026-01-06 19:05:00+00:00,顶分型,111.41225738501696,2026-01-06 21:20:00+00:00,底分型,88.82535769470702,22,6,22.59,-0.2027,2026-01-06 19:00:00+00:00,2026-01-06 21:25:00+00:00,2026-01-06T19:00:00+00:00 | 2026-01-06T19:05:00+00:00 | 2026-01-06T19:15:00+00:00 | 2026-01-06T19:25:00+00:00 | 2026-01-06T19:30:00+00:00 | 2026-01-06T19:45:00+00:00 | 2026-01-06T19:50:00+00:00 | 2026-01-06T19:55:00+00:00 | 2026-01-06T20:15:00+00:00 | 2026-01-06T20:20:00+00:00 | 2026-01-06T20:25:00+00:00 | 2026-01-06T20:30:00+00:00 | 2026-01-06T20:35:00+00:00 | 2026-01-06T20:40:00+00:00 | 2026-01-06T20:45:00+00:00 | 2026-01-06T20:50:00+00:00 | 2026-01-06T20:55:00+00:00 | 2026-01-06T21:00:00+00:00 | 2026-01-06T21:05:00+00:00 | 2026-01-06T21:10:00+00:00 | 2026-01-06T21:20:00+00:00 | 2026-01-06T21:25:00+00:00,2026-01-06T19:05:00+00:00:G:111.412257385 | 2026-01-06T19:45:00+00:00:D:102.188551672 | 2026-01-06T19:55:00+00:00:G:106.077215561 | 2026-01-06T21:05:00+00:00:D:89.0747942405 | 2026-01-06T21:10:00+00:00:G:92.2855025715 | 2026-01-06T21:20:00+00:00:D:88.8253576947
113,↑ 向上,2026-01-06 21:20:00+00:00,底分型,88.82535769470702,2026-01-06 23:15:00+00:00,顶分型,112.1854404477716,21,6,23.36,0.263,2026-01-06 21:10:00+00:00,2026-01-06 23:25:00+00:00,2026-01-06T21:10:00+00:00 | 2026-01-06T21:20:00+00:00 | 2026-01-06T21:25:00+00:00 | 2026-01-06T21:30:00+00:00 | 2026-01-06T21:35:00+00:00 | 2026-01-06T21:50:00+00:00 | 2026-01-06T21:55:00+00:00 | 2026-01-06T22:10:00+00:00 | 2026-01-06T22:20:00+00:00 | 2026-01-06T22:25:00+00:00 | 2026-01-06T22:30:00+00:00 | 2026-01-06T22:35:00+00:00 | 2026-01-06T22:40:00+00:00 | 2026-01-06T22:45:00+00:00 | 2026-01-06T22:50:00+00:00 | 2026-01-06T22:55:00+00:00 | 2026-01-06T23:00:00+00:00 | 2026-01-06T23:05:00+00:00 | 2026-01-06T23:10:00+00:00 | 2026-01-06T23:15:00+00:00 | 2026-01-06T23:25:00+00:00,2026-01-06T21:20:00+00:00:D:88.8253576947 | 2026-01-06T21:55:00+00:00:G:98.871671685 | 2026-01-06T22:10:00+00:00:D:94.3790698625 | 2026-01-06T22:20:00+00:00:G:98.2522916407 | 2026-01-06T22:25:00+00:00:D:95.213732921 | 2026-01-06T23:15:00+00:00:G:112.185440448
114,↓ 向下,2026-01-06 23:15:00+00:00,顶分型,112.1854404477716,2026-01-07 01:20:00+00:00,底分型,87.59925675269392,20,4,24.59,-0.2192,2026-01-06 23:10:00+00:00,2026-01-07 01:25:00+00:00,2026-01-06T23:10:00+00:00 | 2026-01-06T23:15:00+00:00 | 2026-01-06T23:25:00+00:00 | 2026-01-06T23:35:00+00:00 | 2026-01-06T23:40:00+00:00 | 2026-01-06T23:50:00+00:00 | 2026-01-07T00:00:00+00:00 | 2026-01-07T00:05:00+00:00 | 2026-01-07T00:15:00+00:00 | 2026-01-07T00:25:00+00:00 | 2026-01-07T00:30:00+00:00 | 2026-01-07T00:35:00+00:00 | 2026-01-07T00:40:00+00:00 | 2026-01-07T00:45:00+00:00 | 2026-01-07T00:50:00+00:00 | 2026-01-07T00:55:00+00:00 | 2026-01-07T01:10:00+00:00 | 2026-01-07T01:15:00+00:00 | 2026-01-07T01:20:00+00:00 | 2026-01-07T01:25:00+00:00,2026-01-06T23:15:00+00:00:G:112.185440448 | 2026-01-07T00:00:00+00:00:D:101.436701408 | 2026-01-07T00:15:00+00:00:G:105.526357773 | 2026-01-07T01:20:00+00:00:D:87.5992567527
115,↑ 向上,2026-01-07 01:20:00+00:00,底分型,87.59925675269392,2026-01-07 03:30:00+00:00,顶分型,112.40455765660947,19,6,24.81,0.2832,2026-01-07 01:15:00+00:00,2026-01-07 03:35:00+00:00,2026-01-07T01:15:00+00:00 | 2026-01-07T01:20:00+00:00 | 2026-01-07T01:35:00+00:00 | 2026-01-07T01:40:00+00:00 | 2026-01-07T01:45:00+00:00 | 2026-01-07T01:50:00+00:00 | 2026-01-07T02:05:00+00:00 | 2026-01-07T02:30:00+00:00 | 2026-01-07T02:35:00+00:00 | 2026-01-07T02:40:00+00:00 | 2026-01-07T02:45:00+00:00 | 2026-01-07T02:55:00+00:00 | 2026-01-07T03:00:00+00:00 | 2026-01-07T03:05:00+00:00 | 2026-01-07T03:10:00+00:00 | 2026-01-07T03:20:00+00:00 | 2026-01-07T03:25:00+00:00 | 2026-01-07T03:30:00+00:00 | 2026-01-07T03:35:00+00:00,2026-01-07T01:20:00+00:00:D:87.5992567527 | 2026-01-07T02:05:00+00:00:G:98.7863207913 | 2026-01-07T02:30:00+00:00:D:94.3516573643 | 2026-01-07T03:20:00+00:00:G:110.981508915 | 2026-01-07T03:25:00+00:00:D:107.551549316 | 2026-01-07T03:30:00+00:00:G:112.404557657
116,↓ 向下,2026-01-07 03:30:00+00:00,顶分型,112.40455765660947,2026-01-07 05:40:00+00:00,底分型,88.07458815965987,23,6,24.33,-0.2165,2026-01-07 03:25:00+00:00,2026-01-07 05:45:00+00:00,2026-01-07T03:25:00+00:00 | 2026-01-07T03:30:00+00:00 | 2026-01-07T03:40:00+00:00 | 2026-01-07T03:45:00+00:00 | 2026-01-07T03:50:00+00:00 | 2026-01-07T03:55:00+00:00 | 2026-01-07T04:00:00+00:00 | 2026-01-07T04:05:00+00:00 | 2026-01-07T04:10:00+00:00 | 2026-01-07T04:20:00+00:00 | 2026-01-07T04:25:00+00:00 | 2026-01-07T04:30:00+00:00 | 2026-01-07T04:45:00+00:00 | 2026-01-07T04:50:00+00:00 | 2026-01-07T04:55:00+00:00 | 2026-01-07T05:00:00+00:00 | 2026-01-07T05:05:00+00:00 | 2026-01-07T05:10:00+00:00 | 2026-01-07T05:15:00+00:00 | 2026-01-07T05:20:00+00:00 | 2026-01-07T05:35:00+00:00 | 2026-01-07T05:40:00+00:00 | 2026-01-07T05:45:00+00:00,2026-01-07T03:30:00+00:00:G:112.404557657 | 2026-01-07T04:10:00+00:00:D:100.926677306 | 2026-01-07T04:20:00+00:00:G:104.364431139 | 2026-01-07T04:25:00+00:00:D:100.710572387 | 2026-01-07T04:30:00+00:00:G:104.306839008 | 2026-01-07T05:40:00+00:00:D:88.0745881597
117,↑ 向上,2026-01-07 05:40:00+00:00,底分型,88.07458815965987,2026-01-07 06:20:00+00:00,顶分型,99.22824747548019,10,2,11.15,0.1266,2026-01-07 05:25:00+00:00,2026-01-07 06:25:00+00:00,2026-01-07T05:35:00+00:00 | 2026-01-07T05:40:00+00:00 | 2026-01-07T05:45:00+00:00 | 2026-01-07T05:50:00+00:00 | 2026-01-07T05:55:00+00:00 | 2026-01-07T06:00:00+00:00 | 2026-01-07T06:05:00+00:00 | 2026-01-07T06:15:00+00:00 | 2026-01-07T06:20:00+00:00 | 2026-01-07T06:25:00+00:00,2026-01-07T05:40:00+00:00:D:88.0745881597 | 2026-01-07T06:20:00+00:00:G:99.2282474755
118,↓ 向下,2026-01-07 06:20:00+00:00,顶分型,99.22824747548019,2026-01-07 06:40:00+00:00,底分型,95.62149998138698,6,4,3.61,-0.0363,2026-01-07 06:10:00+00:00,2026-01-07 06:50:00+00:00,2026-01-07T06:15:00+00:00 | 2026-01-07T06:20:00+00:00 | 2026-01-07T06:25:00+00:00 | 2026-01-07T06:30:00+00:00 | 2026-01-07T06:40:00+00:00 | 2026-01-07T06:50:00+00:00,2026-01-07T06:20:00+00:00:G:99.2282474755 | 2026-01-07T06:25:00+00:00:D:95.7388011146 | 2026-01-07T06:30:00+00:00:G:98.9359649237 | 2026-01-07T06:40:00+00:00:D:95.6214999814
119,↑ 向上,2026-01-07 06:40:00+00:00,底分型,95.62149998138698,2026-01-07 07:35:00+00:00,顶分型,112.08794609929859,12,2,16.47,0.1722,2026-01-07 06:30:00+00:00,2026-01-07 07:45:00+00:00,2026-01-07T06:30:00+00:00 | 2026-01-07T06:40:00+00:00 | 2026-01-07T06:50:00+00:00 | 2026-01-07T07:00:00+00:00 | 2026-01-07T07:05:00+00:00 | 2026-01-07T07:10:00+00:00 | 2026-01-07T07:15:00+00:00 | 2026-01-07T07:20:00+00:00 | 2026-01-07T07:25:00+00:00 | 2026-01-07T07:30:00+00:00 | 2026-01-07T07:35:00+00:00 | 2026-01-07T07:45:00+00:00,2026-01-07T06:40:00+00:00:D:95.6214999814 | 2026-01-07T07:35:00+00:00:G:112.087946099
120,↓ 向下,2026-01-07 07:35:00+00:00,顶分型,112.08794609929859,2026-01-07 08:40:00+00:00,底分型,99.97904156261623,10,2,12.11,-0.108,2026-01-07 07:30:00+00:00,2026-01-07 08:45:00+00:00,2026-01-07T07:30:00+00:00 | 2026-01-07T07:35:00+00:00 | 2026-01-07T07:45:00+00:00 | 2026-01-07T07:55:00+00:00 | 2026-01-07T08:00:00+00:00 | 2026-01-07T08:05:00+00:00 | 2026-01-07T08:15:00+00:00 | 2026-01-07T08:20:00+00:00 | 2026-01-07T08:40:00+00:00 | 2026-01-07T08:45:00+00:00,2026-01-07T07:35:00+00:00:G:112.087946099 | 2026-01-07T08:40:00+00:00:D:99.9790415626
121,↑ 向上,2026-01-07 08:40:00+00:00,底分型,99.97904156261623,2026-01-07 09:00:00+00:00,顶分型,104.05152568215637,6,2,4.07,0.0407,2026-01-07 08:20:00+00:00,2026-01-07 09:05:00+00:00,2026-01-07T08:20:00+00:00 | 2026-01-07T08:40:00+00:00 | 2026-01-07T08:45:00+00:00 | 2026-01-07T08:50:00+00:00 | 2026-01-07T09:00:00+00:00 | 2026-01-07T09:05:00+00:00,2026-01-07T08:40:00+00:00:D:99.9790415626 | 2026-01-07T09:00:00+00:00:G:104.051525682
122,↓ 向下,2026-01-07 09:00:00+00:00,顶分型,104.05152568215637,2026-01-07 09:50:00+00:00,底分型,87.62761787095029,13,2,16.42,-0.1578,2026-01-07 08:50:00+00:00,2026-01-07 09:55:00+00:00,2026-01-07T08:50:00+00:00 | 2026-01-07T09:00:00+00:00 | 2026-01-07T09:05:00+00:00 | 2026-01-07T09:10:00+00:00 | 2026-01-07T09:15:00+00:00 | 2026-01-07T09:20:00+00:00 | 2026-01-07T09:25:00+00:00 | 2026-01-07T09:30:00+00:00 | 2026-01-07T09:35:00+00:00 | 2026-01-07T09:40:00+00:00 | 2026-01-07T09:45:00+00:00 | 2026-01-07T09:50:00+00:00 | 2026-01-07T09:55:00+00:00,2026-01-07T09:00:00+00:00:G:104.051525682 | 2026-01-07T09:50:00+00:00:D:87.627617871
123,↑ 向上,2026-01-07 09:50:00+00:00,底分型,87.62761787095029,2026-01-07 12:00:00+00:00,顶分型,112.00408450558245,24,4,24.38,0.2782,2026-01-07 09:45:00+00:00,2026-01-07 12:05:00+00:00,2026-01-07T09:45:00+00:00 | 2026-01-07T09:50:00+00:00 | 2026-01-07T09:55:00+00:00 | 2026-01-07T10:00:00+00:00 | 2026-01-07T10:05:00+00:00 | 2026-01-07T10:10:00+00:00 | 2026-01-07T10:15:00+00:00 | 2026-01-07T10:20:00+00:00 | 2026-01-07T10:25:00+00:00 | 2026-01-07T10:35:00+00:00 | 2026-01-07T10:40:00+00:00 | 2026-01-07T10:50:00+00:00 | 2026-01-07T10:55:00+00:00 | 2026-01-07T11:10:00+00:00 | 2026-01-07T11:15:00+00:00 | 2026-01-07T11:20:00+00:00 | 2026-01-07T11:25:00+00:00 | 2026-01-07T11:30:00+00:00 | 2026-01-07T11:35:00+00:00 | 2026-01-07T11:40:00+00:00 | 2026-01-07T11:45:00+00:00 | 2026-01-07T11:50:00+00:00 | 2026-01-07T12:00:00+00:00 | 2026-01-07T12:05:00+00:00,2026-01-07T09:50:00+00:00:D:87.627617871 | 2026-01-07T10:50:00+00:00:G:99.9592077872 | 2026-01-07T10:55:00+00:00:D:95.8702259106 | 2026-01-07T12:00:00+00:00:G:112.004084506
124,↓ 向下,2026-01-07 12:00:00+00:00,顶分型,112.00408450558245,2026-01-07 14:05:00+00:00,底分型,87.12087124398333,21,4,24.88,-0.2222,2026-01-07 11:50:00+00:00,2026-01-07 14:10:00+00:00,2026-01-07T11:50:00+00:00 | 2026-01-07T12:00:00+00:00 | 2026-01-07T12:05:00+00:00 | 2026-01-07T12:10:00+00:00 | 2026-01-07T12:15:00+00:00 | 2026-01-07T12:20:00+00:00 | 2026-01-07T12:25:00+00:00 | 2026-01-07T12:30:00+00:00 | 2026-01-07T12:40:00+00:00 | 2026-01-07T12:45:00+00:00 | 2026-01-07T12:55:00+00:00 | 2026-01-07T13:10:00+00:00 | 2026-01-07T13:15:00+00:00 | 2026-01-07T13:25:00+00:00 | 2026-01-07T13:30:00+00:00 | 2026-01-07T13:35:00+00:00 | 2026-01-07T13:40:00+00:00 | 2026-01-07T13:50:00+00:00 | 2026-01-07T13:55:00+00:00 | 2026-01-07T14:05:00+00:00 | 2026-01-07T14:10:00+00:00,2026-01-07T12:00:00+00:00:G:112.004084506 | 2026-01-07T12:45:00+00:00:D:99.3370297968 | 2026-01-07T13:10:00+00:00:G:104.003745537 | 2026-01-07T14:05:00+00:00:D:87.120871244
125,↑ 向上,2026-01-07 14:05:00+00:00,底分型,87.12087124398333,2026-01-07 16:05:00+00:00,顶分型,112.55355135897362,19,6,25.43,0.2919,2026-01-07 13:55:00+00:00,2026-01-07 16:10:00+00:00,2026-01-07T13:55:00+00:00 | 2026-01-07T14:05:00+00:00 | 2026-01-07T14:10:00+00:00 | 2026-01-07T14:20:00+00:00 | 2026-01-07T14:25:00+00:00 | 2026-01-07T14:55:00+00:00 | 2026-01-07T15:10:00+00:00 | 2026-01-07T15:15:00+00:00 | 2026-01-07T15:20:00+00:00 | 2026-01-07T15:25:00+00:00 | 2026-01-07T15:30:00+00:00 | 2026-01-07T15:35:00+00:00 | 2026-01-07T15:40:00+00:00 | 2026-01-07T15:45:00+00:00 | 2026-01-07T15:50:00+00:00 | 2026-01-07T15:55:00+00:00 | 2026-01-07T16:00:00+00:00 | 2026-01-07T16:05:00+00:00 | 2026-01-07T16:10:00+00:00,2026-01-07T14:05:00+00:00:D:87.120871244 | 2026-01-07T14:55:00+00:00:G:100.417922848 | 2026-01-07T15:10:00+00:00:D:96.2295428806 | 2026-01-07T15:15:00+00:00:G:100.147712831 | 2026-01-07T15:20:00+00:00:D:97.2556452543 | 2026-01-07T16:05:00+00:00:G:112.553551359
126,↓ 向下,2026-01-07 16:05:00+00:00,顶分型,112.55355135897362,2026-01-07 18:10:00+00:00,底分型,88.1201122350361,19,6,24.43,-0.2171,2026-01-07 16:00:00+00:00,2026-01-07 18:20:00+00:00,2026-01-07T16:00:00+00:00 | 2026-01-07T16:05:00+00:00 | 2026-01-07T16:20:00+00:00 | 2026-01-07T16:30:00+00:00 | 2026-01-07T16:35:00+00:00 | 2026-01-07T16:45:00+00:00 | 2026-01-07T16:50:00+00:00 | 2026-01-07T17:15:00+00:00 | 2026-01-07T17:20:00+00:00 | 2026-01-07T17:25:00+00:00 | 2026-01-07T17:35:00+00:00 | 2026-01-07T17:40:00+00:00 | 2026-01-07T17:45:00+00:00 | 2026-01-07T17:50:00+00:00 | 2026-01-07T17:55:00+00:00 | 2026-01-07T18:00:00+00:00 | 2026-01-07T18:05:00+00:00 | 2026-01-07T18:10:00+00:00 | 2026-01-07T18:20:00+00:00,2026-01-07T16:05:00+00:00:G:112.553551359 | 2026-01-07T17:15:00+00:00:D:99.478622934 | 2026-01-07T17:20:00+00:00:G:103.090726689 | 2026-01-07T17:25:00+00:00:D:98.9783054053 | 2026-01-07T17:35:00+00:00:G:102.073456066 | 2026-01-07T18:10:00+00:00:D:88.120112235
127,↑ 向上,2026-01-07 18:10:00+00:00,底分型,88.1201122350361,2026-01-07 20:25:00+00:00,顶分型,112.85866737381562,19,4,24.74,0.2807,2026-01-07 18:05:00+00:00,2026-01-07 20:30:00+00:00,2026-01-07T18:05:00+00:00 | 2026-01-07T18:10:00+00:00 | 2026-01-07T18:25:00+00:00 | 2026-01-07T18:35:00+00:00 | 2026-01-07T18:45:00+00:00 | 2026-01-07T18:50:00+00:00 | 2026-01-07T18:55:00+00:00 | 2026-01-07T19:00:00+00:00 | 2026-01-07T19:10:00+00:00 | 2026-01-07T19:15:00+00:00 | 2026-01-07T19:20:00+00:00 | 2026-01-07T19:40:00+00:00 | 2026-01-07T19:45:00+00:00 | 2026-01-07T19:50:00+00:00 | 2026-01-07T19:55:00+00:00 | 2026-01-07T20:00:00+00:00 | 2026-01-07T20:05:00+00:00 | 2026-01-07T20:25:00+00:00 | 2026-01-07T20:30:00+00:00,2026-01-07T18:10:00+00:00:D:88.120112235 | 2026-01-07T19:10:00+00:00:G:101.173539598 | 2026-01-07T19:20:00+00:00:D:97.2239787632 | 2026-01-07T20:25:00+00:00:G:112.858667374
128,↓ 向下,2026-01-07 20:25:00+00:00,顶分型,112.85866737381562,2026-01-07 21:15:00+00:00,底分型,98.8238082317923,12,2,14.03,-0.1244,2026-01-07 20:05:00+00:00,2026-01-07 21:25:00+00:00,2026-01-07T20:05:00+00:00 | 2026-01-07T20:25:00+00:00 | 2026-01-07T20:30:00+00:00 | 2026-01-07T20:35:00+00:00 | 2026-01-07T20:40:00+00:00 | 2026-01-07T20:50:00+00:00 | 2026-01-07T20:55:00+00:00 | 2026-01-07T21:00:00+00:00 | 2026-01-07T21:05:00+00:00 | 2026-01-07T21:10:00+00:00 | 2026-01-07T21:15:00+00:00 | 2026-01-07T21:25:00+00:00,2026-01-07T20:25:00+00:00:G:112.858667374 | 2026-01-07T21:15:00+00:00:D:98.8238082318
129,↑ 向上,2026-01-07 21:15:00+00:00,底分型,98.8238082317923,2026-01-07 21:40:00+00:00,顶分型,102.48764913186821,6,2,3.66,0.0371,2026-01-07 21:10:00+00:00,2026-01-07 21:45:00+00:00,2026-01-07T21:10:00+00:00 | 2026-01-07T21:15:00+00:00 | 2026-01-07T21:30:00+00:00 | 2026-01-07T21:35:00+00:00 | 2026-01-07T21:40:00+00:00 | 2026-01-07T21:45:00+00:00,2026-01-07T21:15:00+00:00:D:98.8238082318 | 2026-01-07T21:40:00+00:00:G:102.487649132
130,↓ 向下,2026-01-07 21:40:00+00:00,顶分型,102.48764913186821,2026-01-07 22:20:00+00:00,底分型,87.2918460474144,9,2,15.2,-0.1483,2026-01-07 21:35:00+00:00,2026-01-07 22:30:00+00:00,2026-01-07T21:35:00+00:00 | 2026-01-07T21:40:00+00:00 | 2026-01-07T21:50:00+00:00 | 2026-01-07T21:55:00+00:00 | 2026-01-07T22:05:00+00:00 | 2026-01-07T22:10:00+00:00 | 2026-01-07T22:15:00+00:00 | 2026-01-07T22:20:00+00:00 | 2026-01-07T22:30:00+00:00,2026-01-07T21:40:00+00:00:G:102.487649132 | 2026-01-07T22:20:00+00:00:D:87.2918460474
131,↑ 向上,2026-01-07 22:20:00+00:00,底分型,87.2918460474144,2026-01-08 00:35:00+00:00,顶分型,112.39406585707292,24,4,25.1,0.2876,2026-01-07 22:15:00+00:00,2026-01-08 00:45:00+00:00,2026-01-07T22:15:00+00:00 | 2026-01-07T22:20:00+00:00 | 2026-01-07T22:30:00+00:00 | 2026-01-07T22:35:00+00:00 | 2026-01-07T22:40:00+00:00 | 2026-01-07T22:45:00+00:00 | 2026-01-07T22:50:00+00:00 | 2026-01-07T22:55:00+00:00 | 2026-01-07T23:00:00+00:00 | 2026-01-07T23:10:00+00:00 | 2026-01-07T23:15:00+00:00 | 2026-01-07T23:20:00+00:00 | 2026-01-07T23:35:00+00:00 | 2026-01-07T23:45:00+00:00 | 2026-01-07T23:55:00+00:00 | 2026-01-08T00:00:00+00:00 | 2026-01-08T00:05:00+00:00 | 2026-01-08T00:10:00+00:00 | 2026-01-08T00:15:00+00:00 | 2026-01-08T00:20:00+00:00 | 2026-01-08T00:25:00+00:00 | 2026-01-08T00:30:00+00:00 | 2026-01-08T00:35:00+00:00 | 2026-01-08T00:45:00+00:00,2026-01-07T22:20:00+00:00:D:87.2918460474 | 2026-01-07T23:20:00+00:00:G:101.811529725 | 2026-01-07T23:35:00+00:00:D:97.8085186617 | 2026-01-08T00:35:00+00:00:G:112.394065857
132,↓ 向下,2026-01-08 00:35:00+00:00,顶分型,112.39406585707292,2026-01-08 01:25:00+00:00,底分型,98.0753603333653,11,2,14.32,-0.1274,2026-01-08 00:30:00+00:00,2026-01-08 01:30:00+00:00,2026-01-08T00:30:00+00:00 | 2026-01-08T00:35:00+00:00 | 2026-01-08T00:45:00+00:00 | 2026-01-08T00:50:00+00:00 | 2026-01-08T00:55:00+00:00 | 2026-01-08T01:00:00+00:00 | 2026-01-08T01:05:00+00:00 | 2026-01-08T01:10:00+00:00 | 2026-01-08T01:20:00+00:00 | 2026-01-08T01:25:00+00:00 | 2026-01-08T01:30:00+00:00,2026-01-08T00:35:00+00:00:G:112.394065857 | 2026-01-08T01:25:00+00:00:D:98.0753603334
133,↑ 向上,2026-01-08 01:25:00+00:00,底分型,98.0753603333653,2026-01-08 01:40:00+00:00,顶分型,102.25988630056418,6,2,4.18,0.0427,2026-01-08 01:15:00+00:00,2026-01-08 01:55:00+00:00,2026-01-08T01:20:00+00:00 | 2026-01-08T01:25:00+00:00 | 2026-01-08T01:30:00+00:00 | 2026-01-08T01:35:00+00:00 | 2026-01-08T01:40:00+00:00 | 2026-01-08T01:55:00+00:00,2026-01-08T01:25:00+00:00:D:98.0753603334 | 2026-01-08T01:40:00+00:00:G:102.259886301
134,↓ 向下,2026-01-08 01:40:00+00:00,顶分型,102.25988630056418,2026-01-08 02:45:00+00:00,底分型,87.1809765505783,10,2,15.08,-0.1475,2026-01-08 01:35:00+00:00,2026-01-08 02:50:00+00:00,2026-01-08T01:35:00+00:00 | 2026-01-08T01:40:00+00:00 | 2026-01-08T01:55:00+00:00 | 2026-01-08T02:15:00+00:00 | 2026-01-08T02:20:00+00:00 | 2026-01-08T02:25:00+00:00 | 2026-01-08T02:30:00+00:00 | 2026-01-08T02:35:00+00:00 | 2026-01-08T02:45:00+00:00 | 2026-01-08T02:50:00+00:00,2026-01-08T01:40:00+00:00:G:102.259886301 | 2026-01-08T02:45:00+00:00:D:87.1809765506
135,↑ 向上,2026-01-08 02:45:00+00:00,底分型,87.1809765505783,2026-01-08 03:35:00+00:00,顶分型,101.91425095806076,12,2,14.73,0.169,2026-01-08 02:35:00+00:00,2026-01-08 03:40:00+00:00,2026-01-08T02:35:00+00:00 | 2026-01-08T02:45:00+00:00 | 2026-01-08T02:50:00+00:00 | 2026-01-08T02:55:00+00:00 | 2026-01-08T03:00:00+00:00 | 2026-01-08T03:05:00+00:00 | 2026-01-08T03:10:00+00:00 | 2026-01-08T03:15:00+00:00 | 2026-01-08T03:20:00+00:00 | 2026-01-08T03:30:00+00:00 | 2026-01-08T03:35:00+00:00 | 2026-01-08T03:40:00+00:00,2026-01-08T02:45:00+00:00:D:87.1809765506 | 2026-01-08T03:35:00+00:00:G:101.914250958
136,↓ 向下,2026-01-08 03:35:00+00:00,顶分型,101.91425095806076,2026-01-08 03:50:00+00:00,底分型,98.42560452339887,6,4,3.49,-0.0342,2026-01-08 03:25:00+00:00,2026-01-08 03:55:00+00:00,2026-01-08T03:30:00+00:00 | 2026-01-08T03:35:00+00:00 | 2026-01-08T03:40:00+00:00 | 2026-01-08T03:45:00+00:00 | 2026-01-08T03:50:00+00:00 | 2026-01-08T03:55:00+00:00,2026-01-08T03:35:00+00:00:G:101.914250958 | 2026-01-08T03:40:00+00:00:D:98.6173163491 | 2026-01-08T03:45:00+00:00:G:101.724085644 | 2026-01-08T03:50:00+00:00:D:98.4256045234
137,↑ 向上,2026-01-08 03:50:00+00:00,底分型,98.42560452339887,2026-01-08 04:50:00+00:00,顶分型,113.57894951849332,13,2,15.15,0.154,2026-01-08 03:45:00+00:00,2026-01-08 05:00:00+00:00,2026-01-08T03:45:00+00:00 | 2026-01-08T03:50:00+00:00 | 2026-01-08T04:05:00+00:00 | 2026-01-08T04:10:00+00:00 | 2026-01-08T04:15:00+00:00 | 2026-01-08T04:20:00+00:00 | 2026-01-08T04:25:00+00:00 | 2026-01-08T04:30:00+00:00 | 2026-01-08T04:35:00+00:00 | 2026-01-08T04:40:00+00:00 | 2026-01-08T04:45:00+00:00 | 2026-01-08T04:50:00+00:00 | 2026-01-08T05:00:00+00:00,2026-01-08T03:50:00+00:00:D:98.4256045234 | 2026-01-08T04:50:00+00:00:G:113.578949518
138,↓ 向下,2026-01-08 04:50:00+00:00,顶分型,113.57894951849332,2026-01-08 06:55:00+00:00,底分型,87.025533873264,24,6,26.55,-0.2338,2026-01-08 04:45:00+00:00,2026-01-08 07:00:00+00:00,2026-01-08T04:45:00+00:00 | 2026-01-08T04:50:00+00:00 | 2026-01-08T05:00:00+00:00 | 2026-01-08T05:05:00+00:00 | 2026-01-08T05:10:00+00:00 | 2026-01-08T05:15:00+00:00 | 2026-01-08T05:20:00+00:00 | 2026-01-08T05:30:00+00:00 | 2026-01-08T05:35:00+00:00 | 2026-01-08T05:40:00+00:00 | 2026-01-08T05:45:00+00:00 | 2026-01-08T05:50:00+00:00 | 2026-01-08T05:55:00+00:00 | 2026-01-08T06:00:00+00:00 | 2026-01-08T06:10:00+00:00 | 2026-01-08T06:20:00+00:00 | 2026-01-08T06:25:00+00:00 | 2026-01-08T06:30:00+00:00 | 2026-01-08T06:35:00+00:00 | 2026-01-08T06:40:00+00:00 | 2026-01-08T06:45:00+00:00 | 2026-01-08T06:50:00+00:00 | 2026-01-08T06:55:00+00:00 | 2026-01-08T07:00:00+00:00,2026-01-08T04:50:00+00:00:G:113.578949518 | 2026-01-08T05:45:00+00:00:D:97.0680502216 | 2026-01-08T05:55:00+00:00:G:101.53679143 | 2026-01-08T06:00:00+00:00:D:98.2690144449 | 2026-01-08T06:10:00+00:00:G:100.997424208 | 2026-01-08T06:55:00+00:00:D:87.0255338733
139,↑ 向上,2026-01-08 06:55:00+00:00,底分型,87.025533873264,2026-01-08 09:05:00+00:00,顶分型,112.66150325467775,20,6,25.64,0.2946,2026-01-08 06:50:00+00:00,2026-01-08 09:15:00+00:00,2026-01-08T06:50:00+00:00 | 2026-01-08T06:55:00+00:00 | 2026-01-08T07:00:00+00:00 | 2026-01-08T07:10:00+00:00 | 2026-01-08T07:20:00+00:00 | 2026-01-08T07:25:00+00:00 | 2026-01-08T07:30:00+00:00 | 2026-01-08T07:35:00+00:00 | 2026-01-08T08:00:00+00:00 | 2026-01-08T08:05:00+00:00 | 2026-01-08T08:10:00+00:00 | 2026-01-08T08:20:00+00:00 | 2026-01-08T08:25:00+00:00 | 2026-01-08T08:30:00+00:00 | 2026-01-08T08:35:00+00:00 | 2026-01-08T08:45:00+00:00 | 2026-01-08T08:50:00+00:00 | 2026-01-08T08:55:00+00:00 | 2026-01-08T09:05:00+00:00 | 2026-01-08T09:15:00+00:00,2026-01-08T06:55:00+00:00:D:87.0255338733 | 2026-01-08T08:00:00+00:00:G:102.147010161 | 2026-01-08T08:05:00+00:00:D:98.6521047224 | 2026-01-08T08:10:00+00:00:G:102.396445615 | 2026-01-08T08:20:00+00:00:D:99.1637933376 | 2026-01-08T09:05:00+00:00:G:112.661503255
140,↓ 向下,2026-01-08 09:05:00+00:00,顶分型,112.66150325467775,2026-01-08 11:10:00+00:00,底分型,87.79597478002584,18,4,24.87,-0.2207,2026-01-08 08:55:00+00:00,2026-01-08 11:15:00+00:00,2026-01-08T08:55:00+00:00 | 2026-01-08T09:05:00+00:00 | 2026-01-08T09:15:00+00:00 | 2026-01-08T09:20:00+00:00 | 2026-01-08T09:25:00+00:00 | 2026-01-08T09:30:00+00:00 | 2026-01-08T09:35:00+00:00 | 2026-01-08T09:40:00+00:00 | 2026-01-08T09:55:00+00:00 | 2026-01-08T10:00:00+00:00 | 2026-01-08T10:10:00+00:00 | 2026-01-08T10:40:00+00:00 | 2026-01-08T10:45:00+00:00 | 2026-01-08T10:50:00+00:00 | 2026-01-08T10:55:00+00:00 | 2026-01-08T11:00:00+00:00 | 2026-01-08T11:10:00+00:00 | 2026-01-08T11:15:00+00:00,2026-01-08T09:05:00+00:00:G:112.661503255 | 2026-01-08T10:00:00+00:00:D:97.4460881621 | 2026-01-08T10:10:00+00:00:G:100.517645354 | 2026-01-08T11:10:00+00:00:D:87.79597478
141,↑ 向上,2026-01-08 11:10:00+00:00,底分型,87.79597478002584,2026-01-08 13:20:00+00:00,顶分型,112.75360200581315,20,4,24.96,0.2843,2026-01-08 11:00:00+00:00,2026-01-08 13:30:00+00:00,2026-01-08T11:00:00+00:00 | 2026-01-08T11:10:00+00:00 | 2026-01-08T11:25:00+00:00 | 2026-01-08T11:30:00+00:00 | 2026-01-08T11:35:00+00:00 | 2026-01-08T11:40:00+00:00 | 2026-01-08T11:45:00+00:00 | 2026-01-08T11:55:00+00:00 | 2026-01-08T12:00:00+00:00 | 2026-01-08T12:05:00+00:00 | 2026-01-08T12:25:00+00:00 | 2026-01-08T12:35:00+00:00 | 2026-01-08T12:40:00+00:00 | 2026-01-08T12:45:00+00:00 | 2026-01-08T12:50:00+00:00 | 2026-01-08T12:55:00+00:00 | 2026-01-08T13:00:00+00:00 | 2026-01-08T13:05:00+00:00 | 2026-01-08T13:20:00+00:00 | 2026-01-08T13:30:00+00:00,2026-01-08T11:10:00+00:00:D:87.79597478 | 2026-01-08T12:05:00+00:00:G:103.141750511 | 2026-01-08T12:25:00+00:00:D:99.268025032 | 2026-01-08T13:20:00+00:00:G:112.753602006
142,↓ 向下,2026-01-08 13:20:00+00:00,顶分型,112.75360200581315,2026-01-08 15:20:00+00:00,底分型,87.74645060024736,23,6,25.01,-0.2218,2026-01-08 13:05:00+00:00,2026-01-08 15:30:00+00:00,2026-01-08T13:05:00+00:00 | 2026-01-08T13:20:00+00:00 | 2026-01-08T13:30:00+00:00 | 2026-01-08T13:35:00+00:00 | 2026-01-08T13:40:00+00:00 | 2026-01-08T13:45:00+00:00 | 2026-01-08T13:55:00+00:00 | 2026-01-08T14:00:00+00:00 | 2026-01-08T14:05:00+00:00 | 2026-01-08T14:10:00+00:00 | 2026-01-08T14:15:00+00:00 | 2026-01-08T14:30:00+00:00 | 2026-01-08T14:35:00+00:00 | 2026-01-08T14:40:00+00:00 | 2026-01-08T14:45:00+00:00 | 2026-01-08T14:50:00+00:00 | 2026-01-08T14:55:00+00:00 | 2026-01-08T15:00:00+00:00 | 2026-01-08T15:05:00+00:00 | 2026-01-08T15:10:00+00:00 | 2026-01-08T15:15:00+00:00 | 2026-01-08T15:20:00+00:00 | 2026-01-08T15:30:00+00:00,2026-01-08T13:20:00+00:00:G:112.753602006 | 2026-01-08T14:10:00+00:00:D:96.7792218684 | 2026-01-08T14:15:00+00:00:G:100.297093337 | 2026-01-08T14:30:00+00:00:D:96.1176362587 | 2026-01-08T14:40:00+00:00:G:100.037017518 | 2026-01-08T15:20:00+00:00:D:87.7464506002
143,↑ 向上,2026-01-08 15:20:00+00:00,底分型,87.74645060024736,2026-01-08 17:25:00+00:00,顶分型,112.0095038622369,23,4,24.26,0.2765,2026-01-08 15:15:00+00:00,2026-01-08 17:40:00+00:00,2026-01-08T15:15:00+00:00 | 2026-01-08T15:20:00+00:00 | 2026-01-08T15:35:00+00:00 | 2026-01-08T15:40:00+00:00 | 2026-01-08T15:45:00+00:00 | 2026-01-08T15:50:00+00:00 | 2026-01-08T15:55:00+00:00 | 2026-01-08T16:00:00+00:00 | 2026-01-08T16:05:00+00:00 | 2026-01-08T16:10:00+00:00 | 2026-01-08T16:15:00+00:00 | 2026-01-08T16:20:00+00:00 | 2026-01-08T16:25:00+00:00 | 2026-01-08T16:35:00+00:00 | 2026-01-08T16:50:00+00:00 | 2026-01-08T16:55:00+00:00 | 2026-01-08T17:00:00+00:00 | 2026-01-08T17:05:00+00:00 | 2026-01-08T17:10:00+00:00 | 2026-01-08T17:15:00+00:00 | 2026-01-08T17:20:00+00:00 | 2026-01-08T17:25:00+00:00 | 2026-01-08T17:40:00+00:00,2026-01-08T15:20:00+00:00:D:87.7464506002 | 2026-01-08T16:35:00+00:00:G:104.260681539 | 2026-01-08T16:50:00+00:00:D:99.9762316374 | 2026-01-08T17:25:00+00:00:G:112.009503862
144,↓ 向下,2026-01-08 17:25:00+00:00,顶分型,112.0095038622369,2026-01-08 19:45:00+00:00,底分型,87.27018566434882,21,4,24.74,-0.2209,2026-01-08 17:20:00+00:00,2026-01-08 19:50:00+00:00,2026-01-08T17:20:00+00:00 | 2026-01-08T17:25:00+00:00 | 2026-01-08T17:40:00+00:00 | 2026-01-08T17:45:00+00:00 | 2026-01-08T17:50:00+00:00 | 2026-01-08T17:55:00+00:00 | 2026-01-08T18:00:00+00:00 | 2026-01-08T18:05:00+00:00 | 2026-01-08T18:10:00+00:00 | 2026-01-08T18:20:00+00:00 | 2026-01-08T18:35:00+00:00 | 2026-01-08T18:40:00+00:00 | 2026-01-08T18:45:00+00:00 | 2026-01-08T19:10:00+00:00 | 2026-01-08T19:15:00+00:00 | 2026-01-08T19:20:00+00:00 | 2026-01-08T19:25:00+00:00 | 2026-01-08T19:30:00+00:00 | 2026-01-08T19:35:00+00:00 | 2026-01-08T19:45:00+00:00 | 2026-01-08T19:50:00+00:00,2026-01-08T17:25:00+00:00:G:112.009503862 | 2026-01-08T18:40:00+00:00:D:95.2530565403 | 2026-01-08T18:45:00+00:00:G:99.8588736446 | 2026-01-08T19:45:00+00:00:D:87.2701856643
145,↑ 向上,2026-01-08 19:45:00+00:00,底分型,87.27018566434882,2026-01-08 21:45:00+00:00,顶分型,112.43097907032552,25,4,25.16,0.2883,2026-01-08 19:35:00+00:00,2026-01-08 21:55:00+00:00,2026-01-08T19:35:00+00:00 | 2026-01-08T19:45:00+00:00 | 2026-01-08T19:50:00+00:00 | 2026-01-08T19:55:00+00:00 | 2026-01-08T20:00:00+00:00 | 2026-01-08T20:05:00+00:00 | 2026-01-08T20:10:00+00:00 | 2026-01-08T20:15:00+00:00 | 2026-01-08T20:20:00+00:00 | 2026-01-08T20:25:00+00:00 | 2026-01-08T20:30:00+00:00 | 2026-01-08T20:35:00+00:00 | 2026-01-08T20:40:00+00:00 | 2026-01-08T20:45:00+00:00 | 2026-01-08T20:55:00+00:00 | 2026-01-08T21:00:00+00:00 | 2026-01-08T21:10:00+00:00 | 2026-01-08T21:15:00+00:00 | 2026-01-08T21:20:00+00:00 | 2026-01-08T21:25:00+00:00 | 2026-01-08T21:30:00+00:00 | 2026-01-08T21:35:00+00:00 | 2026-01-08T21:40:00+00:00 | 2026-01-08T21:45:00+00:00 | 2026-01-08T21:55:00+00:00,2026-01-08T19:45:00+00:00:D:87.2701856643 | 2026-01-08T20:40:00+00:00:G:105.447275124 | 2026-01-08T20:45:00+00:00:D:100.467403548 | 2026-01-08T21:45:00+00:00:G:112.43097907
146,↓ 向下,2026-01-08 21:45:00+00:00,顶分型,112.43097907032552,2026-01-08 22:45:00+00:00,底分型,94.96218033878972,13,2,17.47,-0.1554,2026-01-08 21:40:00+00:00,2026-01-08 22:50:00+00:00,2026-01-08T21:40:00+00:00 | 2026-01-08T21:45:00+00:00 | 2026-01-08T21:55:00+00:00 | 2026-01-08T22:05:00+00:00 | 2026-01-08T22:10:00+00:00 | 2026-01-08T22:15:00+00:00 | 2026-01-08T22:20:00+00:00 | 2026-01-08T22:25:00+00:00 | 2026-01-08T22:30:00+00:00 | 2026-01-08T22:35:00+00:00 | 2026-01-08T22:40:00+00:00 | 2026-01-08T22:45:00+00:00 | 2026-01-08T22:50:00+00:00,2026-01-08T21:45:00+00:00:G:112.43097907 | 2026-01-08T22:45:00+00:00:D:94.9621803388
147,↑ 向上,2026-01-08 22:45:00+00:00,底分型,94.96218033878972,2026-01-08 23:05:00+00:00,顶分型,98.75277975497156,6,4,3.79,0.0399,2026-01-08 22:40:00+00:00,2026-01-08 23:10:00+00:00,2026-01-08T22:40:00+00:00 | 2026-01-08T22:45:00+00:00 | 2026-01-08T22:50:00+00:00 | 2026-01-08T23:00:00+00:00 | 2026-01-08T23:05:00+00:00 | 2026-01-08T23:10:00+00:00,2026-01-08T22:45:00+00:00:D:94.9621803388 | 2026-01-08T22:50:00+00:00:G:98.60411462 | 2026-01-08T23:00:00+00:00:D:95.5210836643 | 2026-01-08T23:05:00+00:00:G:98.752779755
148,↓ 向下,2026-01-08 23:05:00+00:00,顶分型,98.75277975497156,2026-01-09 00:00:00+00:00,底分型,88.15009407715547,13,2,10.6,-0.1074,2026-01-08 22:55:00+00:00,2026-01-09 00:05:00+00:00,2026-01-08T23:00:00+00:00 | 2026-01-08T23:05:00+00:00 | 2026-01-08T23:10:00+00:00 | 2026-01-08T23:15:00+00:00 | 2026-01-08T23:20:00+00:00 | 2026-01-08T23:25:00+00:00 | 2026-01-08T23:30:00+00:00 | 2026-01-08T23:35:00+00:00 | 2026-01-08T23:40:00+00:00 | 2026-01-08T23:45:00+00:00 | 2026-01-08T23:50:00+00:00 | 2026-01-09T00:00:00+00:00 | 2026-01-09T00:05:00+00:00,2026-01-08T23:05:00+00:00:G:98.752779755 | 2026-01-09T00:00:00+00:00:D:88.1500940772
149,↑ 向上,2026-01-09 00:00:00+00:00,底分型,88.15009407715547,2026-01-09 02:00:00+00:00,顶分型,112.67400167821718,21,4,24.52,0.2782,2026-01-08 23:50:00+00:00,2026-01-09 02:05:00+00:00,2026-01-08T23:50:00+00:00 | 2026-01-09T00:00:00+00:00 | 2026-01-09T00:05:00+00:00 | 2026-01-09T00:10:00+00:00 | 2026-01-09T00:15:00+00:00 | 2026-01-09T00:20:00+00:00 | 2026-01-09T00:25:00+00:00 | 2026-01-09T00:35:00+00:00 | 2026-01-09T00:40:00+00:00 | 2026-01-09T00:45:00+00:00 | 2026-01-09T00:50:00+00:00 | 2026-01-09T01:00:00+00:00 | 2026-01-09T01:10:00+00:00 | 2026-01-09T01:20:00+00:00 | 2026-01-09T01:30:00+00:00 | 2026-01-09T01:35:00+00:00 | 2026-01-09T01:45:00+00:00 | 2026-01-09T01:50:00+00:00 | 2026-01-09T01:55:00+00:00 | 2026-01-09T02:00:00+00:00 | 2026-01-09T02:05:00+00:00,2026-01-09T00:00:00+00:00:D:88.1500940772 | 2026-01-09T00:50:00+00:00:G:105.63785661 | 2026-01-09T01:10:00+00:00:D:101.51060052 | 2026-01-09T02:00:00+00:00:G:112.674001678
150,↓ 向下,2026-01-09 02:00:00+00:00,顶分型,112.67400167821718,2026-01-09 04:05:00+00:00,底分型,87.93308514440496,23,4,24.74,-0.2196,2026-01-09 01:55:00+00:00,2026-01-09 04:15:00+00:00,2026-01-09T01:55:00+00:00 | 2026-01-09T02:00:00+00:00 | 2026-01-09T02:05:00+00:00 | 2026-01-09T02:10:00+00:00 | 2026-01-09T02:15:00+00:00 | 2026-01-09T02:20:00+00:00 | 2026-01-09T02:25:00+00:00 | 2026-01-09T02:30:00+00:00 | 2026-01-09T02:35:00+00:00 | 2026-01-09T02:40:00+00:00 | 2026-01-09T02:45:00+00:00 | 2026-01-09T03:05:00+00:00 | 2026-01-09T03:10:00+00:00 | 2026-01-09T03:20:00+00:00 | 2026-01-09T03:30:00+00:00 | 2026-01-09T03:35:00+00:00 | 2026-01-09T03:40:00+00:00 | 2026-01-09T03:45:00+00:00 | 2026-01-09T03:50:00+00:00 | 2026-01-09T03:55:00+00:00 | 2026-01-09T04:00:00+00:00 | 2026-01-09T04:05:00+00:00 | 2026-01-09T04:15:00+00:00,2026-01-09T02:00:00+00:00:G:112.674001678 | 2026-01-09T03:05:00+00:00:D:95.094016794 | 2026-01-09T03:10:00+00:00:G:98.6084908896 | 2026-01-09T04:05:00+00:00:D:87.9330851444
151,↑ 向上,2026-01-09 04:05:00+00:00,底分型,87.93308514440496,2026-01-09 06:10:00+00:00,顶分型,111.69866962986531,19,4,23.77,0.2703,2026-01-09 04:00:00+00:00,2026-01-09 06:20:00+00:00,2026-01-09T04:00:00+00:00 | 2026-01-09T04:05:00+00:00 | 2026-01-09T04:15:00+00:00 | 2026-01-09T04:20:00+00:00 | 2026-01-09T04:25:00+00:00 | 2026-01-09T04:30:00+00:00 | 2026-01-09T04:35:00+00:00 | 2026-01-09T04:40:00+00:00 | 2026-01-09T04:45:00+00:00 | 2026-01-09T05:00:00+00:00 | 2026-01-09T05:05:00+00:00 | 2026-01-09T05:10:00+00:00 | 2026-01-09T05:30:00+00:00 | 2026-01-09T05:40:00+00:00 | 2026-01-09T05:45:00+00:00 | 2026-01-09T05:50:00+00:00 | 2026-01-09T06:05:00+00:00 | 2026-01-09T06:10:00+00:00 | 2026-01-09T06:20:00+00:00,2026-01-09T04:05:00+00:00:D:87.9330851444 | 2026-01-09T05:10:00+00:00:G:105.902759988 | 2026-01-09T05:30:00+00:00:D:101.389352263 | 2026-01-09T06:10:00+00:00:G:111.69866963
152,↓ 向下,2026-01-09 06:10:00+00:00,顶分型,111.69866962986531,2026-01-09 08:15:00+00:00,底分型,87.6928949866896,23,6,24.01,-0.2149,2026-01-09 05:55:00+00:00,2026-01-09 08:20:00+00:00,2026-01-09T06:05:00+00:00 | 2026-01-09T06:10:00+00:00 | 2026-01-09T06:20:00+00:00 | 2026-01-09T06:25:00+00:00 | 2026-01-09T06:35:00+00:00 | 2026-01-09T06:40:00+00:00 | 2026-01-09T06:45:00+00:00 | 2026-01-09T06:50:00+00:00 | 2026-01-09T06:55:00+00:00 | 2026-01-09T07:00:00+00:00 | 2026-01-09T07:05:00+00:00 | 2026-01-09T07:15:00+00:00 | 2026-01-09T07:25:00+00:00 | 2026-01-09T07:30:00+00:00 | 2026-01-09T07:35:00+00:00 | 2026-01-09T07:40:00+00:00 | 2026-01-09T07:50:00+00:00 | 2026-01-09T07:55:00+00:00 | 2026-01-09T08:00:00+00:00 | 2026-01-09T08:05:00+00:00 | 2026-01-09T08:10:00+00:00 | 2026-01-09T08:15:00+00:00 | 2026-01-09T08:20:00+00:00,2026-01-09T06:10:00+00:00:G:111.69866963 | 2026-01-09T07:05:00+00:00:D:94.0141153229 | 2026-01-09T07:25:00+00:00:G:97.835870729 | 2026-01-09T07:30:00+00:00:D:94.309914858 | 2026-01-09T07:40:00+00:00:G:97.4432724187 | 2026-01-09T08:15:00+00:00:D:87.6928949867
153,↑ 向上,2026-01-09 08:15:00+00:00,底分型,87.6928949866896,2026-01-09 09:25:00+00:00,顶分型,106.67042094824328,12,2,18.98,0.2164,2026-01-09 08:10:00+00:00,2026-01-09 09:35:00+00:00,2026-01-09T08:10:00+00:00 | 2026-01-09T08:15:00+00:00 | 2026-01-09T08:35:00+00:00 | 2026-01-09T08:40:00+00:00 | 2026-01-09T08:45:00+00:00 | 2026-01-09T08:50:00+00:00 | 2026-01-09T08:55:00+00:00 | 2026-01-09T09:00:00+00:00 | 2026-01-09T09:05:00+00:00 | 2026-01-09T09:15:00+00:00 | 2026-01-09T09:25:00+00:00 | 2026-01-09T09:35:00+00:00,2026-01-09T08:15:00+00:00:D:87.6928949867 | 2026-01-09T09:25:00+00:00:G:106.670420948
154,↓ 向下,2026-01-09 09:25:00+00:00,顶分型,106.67042094824328,2026-01-09 09:45:00+00:00,底分型,102.30689108868309,6,2,4.36,-0.0409,2026-01-09 09:10:00+00:00,2026-01-09 09:50:00+00:00,2026-01-09T09:15:00+00:00 | 2026-01-09T09:25:00+00:00 | 2026-01-09T09:35:00+00:00 | 2026-01-09T09:40:00+00:00 | 2026-01-09T09:45:00+00:00 | 2026-01-09T09:50:00+00:00,2026-01-09T09:25:00+00:00:G:106.670420948 | 2026-01-09T09:45:00+00:00:D:102.306891089
155,↑ 向上,2026-01-09 09:45:00+00:00,底分型,102.30689108868309,2026-01-09 10:25:00+00:00,顶分型,112.1945857049187,11,2,9.89,0.0966,2026-01-09 09:40:00+00:00,2026-01-09 10:30:00+00:00,2026-01-09T09:40:00+00:00 | 2026-01-09T09:45:00+00:00 | 2026-01-09T09:50:00+00:00 | 2026-01-09T09:55:00+00:00 | 2026-01-09T10:00:00+00:00 | 2026-01-09T10:05:00+00:00 | 2026-01-09T10:10:00+00:00 | 2026-01-09T10:15:00+00:00 | 2026-01-09T10:20:00+00:00 | 2026-01-09T10:25:00+00:00 | 2026-01-09T10:30:00+00:00,2026-01-09T09:45:00+00:00:D:102.306891089 | 2026-01-09T10:25:00+00:00:G:112.194585705
156,↓ 向下,2026-01-09 10:25:00+00:00,顶分型,112.1945857049187,2026-01-09 12:35:00+00:00,底分型,88.02020686269532,23,4,24.17,-0.2155,2026-01-09 10:20:00+00:00,2026-01-09 12:40:00+00:00,2026-01-09T10:20:00+00:00 | 2026-01-09T10:25:00+00:00 | 2026-01-09T10:30:00+00:00 | 2026-01-09T10:35:00+00:00 | 2026-01-09T10:40:00+00:00 | 2026-01-09T10:45:00+00:00 | 2026-01-09T10:50:00+00:00 | 2026-01-09T10:55:00+00:00 | 2026-01-09T11:00:00+00:00 | 2026-01-09T11:05:00+00:00 | 2026-01-09T11:10:00+00:00 | 2026-01-09T11:15:00+00:00 | 2026-01-09T11:25:00+00:00 | 2026-01-09T11:40:00+00:00 | 2026-01-09T11:50:00+00:00 | 2026-01-09T11:55:00+00:00 | 2026-01-09T12:00:00+00:00 | 2026-01-09T12:15:00+00:00 | 2026-01-09T12:20:00+00:00 | 2026-01-09T12:25:00+00:00 | 2026-01-09T12:30:00+00:00 | 2026-01-09T12:35:00+00:00 | 2026-01-09T12:40:00+00:00,2026-01-09T10:25:00+00:00:G:112.194585705 | 2026-01-09T11:25:00+00:00:D:93.4553253064 | 2026-01-09T11:50:00+00:00:G:97.792698871 | 2026-01-09T12:35:00+00:00:D:88.0202068627
157,↑ 向上,2026-01-09 12:35:00+00:00,底分型,88.02020686269532,2026-01-09 13:40:00+00:00,顶分型,107.37441299528375,16,4,19.35,0.2199,2026-01-09 12:30:00+00:00,2026-01-09 13:50:00+00:00,2026-01-09T12:30:00+00:00 | 2026-01-09T12:35:00+00:00 | 2026-01-09T12:40:00+00:00 | 2026-01-09T12:45:00+00:00 | 2026-01-09T12:50:00+00:00 | 2026-01-09T12:55:00+00:00 | 2026-01-09T13:00:00+00:00 | 2026-01-09T13:05:00+00:00 | 2026-01-09T13:10:00+00:00 | 2026-01-09T13:15:00+00:00 | 2026-01-09T13:20:00+00:00 | 2026-01-09T13:25:00+00:00 | 2026-01-09T13:30:00+00:00 | 2026-01-09T13:35:00+00:00 | 2026-01-09T13:40:00+00:00 | 2026-01-09T13:50:00+00:00,2026-01-09T12:35:00+00:00:D:88.0202068627 | 2026-01-09T13:25:00+00:00:G:106.18514242 | 2026-01-09T13:30:00+00:00:D:103.435416593 | 2026-01-09T13:40:00+00:00:G:107.374412995
158,↓ 向下,2026-01-09 13:40:00+00:00,顶分型,107.37441299528375,2026-01-09 14:00:00+00:00,底分型,101.81288876737983,6,2,5.56,-0.0518,2026-01-09 13:35:00+00:00,2026-01-09 14:05:00+00:00,2026-01-09T13:35:00+00:00 | 2026-01-09T13:40:00+00:00 | 2026-01-09T13:50:00+00:00 | 2026-01-09T13:55:00+00:00 | 2026-01-09T14:00:00+00:00 | 2026-01-09T14:05:00+00:00,2026-01-09T13:40:00+00:00:G:107.374412995 | 2026-01-09T14:00:00+00:00:D:101.812888767
159,↑ 向上,2026-01-09 14:00:00+00:00,底分型,101.81288876737983,2026-01-09 14:45:00+00:00,顶分型,111.39078133317334,7,2,9.58,0.0941,2026-01-09 13:55:00+00:00,2026-01-09 14:50:00+00:00,2026-01-09T13:55:00+00:00 | 2026-01-09T14:00:00+00:00 | 2026-01-09T14:05:00+00:00 | 2026-01-09T14:15:00+00:00 | 2026-01-09T14:20:00+00:00 | 2026-01-09T14:45:00+00:00 | 2026-01-09T14:50:00+00:00,2026-01-09T14:00:00+00:00:D:101.812888767 | 2026-01-09T14:45:00+00:00:G:111.390781333
160,↓ 向下,2026-01-09 14:45:00+00:00,顶分型,111.39078133317334,2026-01-09 15:35:00+00:00,底分型,92.37874243529345,13,2,19.01,-0.1707,2026-01-09 14:20:00+00:00,2026-01-09 15:40:00+00:00,2026-01-09T14:20:00+00:00 | 2026-01-09T14:45:00+00:00 | 2026-01-09T14:50:00+00:00 | 2026-01-09T14:55:00+00:00 | 2026-01-09T15:00:00+00:00 | 2026-01-09T15:05:00+00:00 | 2026-01-09T15:10:00+00:00 | 2026-01-09T15:15:00+00:00 | 2026-01-09T15:20:00+00:00 | 2026-01-09T15:25:00+00:00 | 2026-01-09T15:30:00+00:00 | 2026-01-09T15:35:00+00:00 | 2026-01-09T15:40:00+00:00,2026-01-09T14:45:00+00:00:G:111.390781333 | 2026-01-09T15:35:00+00:00:D:92.3787424353
161,↑ 向上,2026-01-09 15:35:00+00:00,底分型,92.37874243529345,2026-01-09 16:00:00+00:00,顶分型,97.41597320717685,6,4,5.04,0.0545,2026-01-09 15:30:00+00:00,2026-01-09 16:15:00+00:00,2026-01-09T15:30:00+00:00 | 2026-01-09T15:35:00+00:00 | 2026-01-09T15:40:00+00:00 | 2026-01-09T15:50:00+00:00 | 2026-01-09T16:00:00+00:00 | 2026-01-09T16:15:00+00:00,2026-01-09T15:35:00+00:00:D:92.3787424353 | 2026-01-09T15:40:00+00:00:G:96.2551356256 | 2026-01-09T15:50:00+00:00:D:93.2794953537 | 2026-01-09T16:00:00+00:00:G:97.4159732072
162,↓ 向下,2026-01-09 16:00:00+00:00,顶分型,97.41597320717685,2026-01-09 16:50:00+00:00,底分型,88.63759524006669,10,2,8.78,-0.0901,2026-01-09 15:50:00+00:00,2026-01-09 16:55:00+00:00,2026-01-09T15:50:00+00:00 | 2026-01-09T16:00:00+00:00 | 2026-01-09T16:15:00+00:00 | 2026-01-09T16:25:00+00:00 | 2026-01-09T16:30:00+00:00 | 2026-01-09T16:35:00+00:00 | 2026-01-09T16:40:00+00:00 | 2026-01-09T16:45:00+00:00 | 2026-01-09T16:50:00+00:00 | 2026-01-09T16:55:00+00:00,2026-01-09T16:00:00+00:00:G:97.4159732072 | 2026-01-09T16:50:00+00:00:D:88.6375952401
163,↑ 向上,2026-01-09 16:50:00+00:00,底分型,88.63759524006669,2026-01-09 17:45:00+00:00,顶分型,108.3542178617094,12,2,19.72,0.2224,2026-01-09 16:45:00+00:00,2026-01-09 17:50:00+00:00,2026-01-09T16:45:00+00:00 | 2026-01-09T16:50:00+00:00 | 2026-01-09T16:55:00+00:00 | 2026-01-09T17:10:00+00:00 | 2026-01-09T17:15:00+00:00 | 2026-01-09T17:20:00+00:00 | 2026-01-09T17:25:00+00:00 | 2026-01-09T17:30:00+00:00 | 2026-01-09T17:35:00+00:00 | 2026-01-09T17:40:00+00:00 | 2026-01-09T17:45:00+00:00 | 2026-01-09T17:50:00+00:00,2026-01-09T16:50:00+00:00:D:88.6375952401 | 2026-01-09T17:45:00+00:00:G:108.354217862
164,↓ 向下,2026-01-09 17:45:00+00:00,顶分型,108.3542178617094,2026-01-09 18:20:00+00:00,底分型,103.18667085461459,10,6,5.17,-0.0477,2026-01-09 17:40:00+00:00,2026-01-09 18:25:00+00:00,2026-01-09T17:40:00+00:00 | 2026-01-09T17:45:00+00:00 | 2026-01-09T17:50:00+00:00 | 2026-01-09T17:55:00+00:00 | 2026-01-09T18:00:00+00:00 | 2026-01-09T18:05:00+00:00 | 2026-01-09T18:10:00+00:00 | 2026-01-09T18:15:00+00:00 | 2026-01-09T18:20:00+00:00 | 2026-01-09T18:25:00+00:00,2026-01-09T17:45:00+00:00:G:108.354217862 | 2026-01-09T17:55:00+00:00:D:103.552937701 | 2026-01-09T18:00:00+00:00:G:106.579573954 | 2026-01-09T18:05:00+00:00:D:103.244756553 | 2026-01-09T18:15:00+00:00:G:106.897901425 | 2026-01-09T18:20:00+00:00:D:103.186670855
165,↑ 向上,2026-01-09 18:20:00+00:00,底分型,103.18667085461459,2026-01-09 18:50:00+00:00,顶分型,110.93013363789335,8,2,7.74,0.075,2026-01-09 18:15:00+00:00,2026-01-09 18:55:00+00:00,2026-01-09T18:15:00+00:00 | 2026-01-09T18:20:00+00:00 | 2026-01-09T18:30:00+00:00 | 2026-01-09T18:35:00+00:00 | 2026-01-09T18:40:00+00:00 | 2026-01-09T18:45:00+00:00 | 2026-01-09T18:50:00+00:00 | 2026-01-09T18:55:00+00:00,2026-01-09T18:20:00+00:00:D:103.186670855 | 2026-01-09T18:50:00+00:00:G:110.930133638
166,↓ 向下,2026-01-09 18:50:00+00:00,顶分型,110.93013363789335,2026-01-09 21:05:00+00:00,底分型,89.76442852054507,26,6,21.17,-0.1908,2026-01-09 18:45:00+00:00,2026-01-09 21:10:00+00:00,2026-01-09T18:45:00+00:00 | 2026-01-09T18:50:00+00:00 | 2026-01-09T18:55:00+00:00 | 2026-01-09T19:05:00+00:00 | 2026-01-09T19:10:00+00:00 | 2026-01-09T19:15:00+00:00 | 2026-01-09T19:20:00+00:00 | 2026-01-09T19:25:00+00:00 | 2026-01-09T19:30:00+00:00 | 2026-01-09T19:35:00+00:00 | 2026-01-09T19:40:00+00:00 | 2026-01-09T19:45:00+00:00 | 2026-01-09T19:50:00+00:00 | 2026-01-09T19:55:00+00:00 | 2026-01-09T20:00:00+00:00 | 2026-01-09T20:05:00+00:00 | 2026-01-09T20:15:00+00:00 | 2026-01-09T20:25:00+00:00 | 2026-01-09T20:35:00+00:00 | 2026-01-09T20:40:00+00:00 | 2026-01-09T20:45:00+00:00 | 2026-01-09T20:50:00+00:00 | 2026-01-09T20:55:00+00:00 | 2026-01-09T21:00:00+00:00 | 2026-01-09T21:05:00+00:00 | 2026-01-09T21:10:00+00:00,2026-01-09T18:50:00+00:00:G:110.930133638 | 2026-01-09T19:55:00+00:00:D:92.2307118766 | 2026-01-09T20:05:00+00:00:G:96.6866073404 | 2026-01-09T20:15:00+00:00:D:93.2708869544 | 2026-01-09T20:35:00+00:00:G:96.2246193039 | 2026-01-09T21:05:00+00:00:D:89.7644285205
167,↑ 向上,2026-01-09 21:05:00+00:00,底分型,89.76442852054507,2026-01-09 23:00:00+00:00,顶分型,110.16614988247126,16,4,20.4,0.2273,2026-01-09 21:00:00+00:00,2026-01-09 23:10:00+00:00,2026-01-09T21:00:00+00:00 | 2026-01-09T21:05:00+00:00 | 2026-01-09T21:20:00+00:00 | 2026-01-09T21:25:00+00:00 | 2026-01-09T21:30:00+00:00 | 2026-01-09T21:35:00+00:00 | 2026-01-09T21:40:00+00:00 | 2026-01-09T21:45:00+00:00 | 2026-01-09T21:50:00+00:00 | 2026-01-09T21:55:00+00:00 | 2026-01-09T22:20:00+00:00 | 2026-01-09T22:40:00+00:00 | 2026-01-09T22:50:00+00:00 | 2026-01-09T22:55:00+00:00 | 2026-01-09T23:00:00+00:00 | 2026-01-09T23:10:00+00:00,2026-01-09T21:05:00+00:00:D:89.7644285205 | 2026-01-09T22:20:00+00:00:G:107.910835494 | 2026-01-09T22:40:00+00:00:D:103.669568006 | 2026-01-09T23:00:00+00:00:G:110.166149882
168,↓ 向下,2026-01-09 23:00:00+00:00,顶分型,110.16614988247126,2026-01-10 00:15:00+00:00,底分型,91.59734379338086,15,2,18.57,-0.1686,2026-01-09 22:55:00+00:00,2026-01-10 00:20:00+00:00,2026-01-09T22:55:00+00:00 | 2026-01-09T23:00:00+00:00 | 2026-01-09T23:10:00+00:00 | 2026-01-09T23:20:00+00:00 | 2026-01-09T23:25:00+00:00 | 2026-01-09T23:30:00+00:00 | 2026-01-09T23:35:00+00:00 | 2026-01-09T23:40:00+00:00 | 2026-01-09T23:45:00+00:00 | 2026-01-09T23:50:00+00:00 | 2026-01-09T23:55:00+00:00 | 2026-01-10T00:00:00+00:00 | 2026-01-10T00:05:00+00:00 | 2026-01-10T00:15:00+00:00 | 2026-01-10T00:20:00+00:00,2026-01-09T23:00:00+00:00:G:110.166149882 | 2026-01-10T00:15:00+00:00:D:91.5973437934
169,↑ 向上,2026-01-10 00:15:00+00:00,底分型,91.59734379338086,2026-01-10 00:35:00+00:00,顶分型,96.77391132869394,6,4,5.18,0.0565,2026-01-10 00:05:00+00:00,2026-01-10 00:40:00+00:00,2026-01-10T00:05:00+00:00 | 2026-01-10T00:15:00+00:00 | 2026-01-10T00:20:00+00:00 | 2026-01-10T00:30:00+00:00 | 2026-01-10T00:35:00+00:00 | 2026-01-10T00:40:00+00:00,2026-01-10T00:15:00+00:00:D:91.5973437934 | 2026-01-10T00:20:00+00:00:G:96.0119986683 | 2026-01-10T00:30:00+00:00:D:93.0557193841 | 2026-01-10T00:35:00+00:00:G:96.7739113287
170,↓ 向下,2026-01-10 00:35:00+00:00,顶分型,96.77391132869394,2026-01-10 01:10:00+00:00,底分型,89.81629781092089,8,2,6.96,-0.0719,2026-01-10 00:25:00+00:00,2026-01-10 01:15:00+00:00,2026-01-10T00:30:00+00:00 | 2026-01-10T00:35:00+00:00 | 2026-01-10T00:45:00+00:00 | 2026-01-10T00:50:00+00:00 | 2026-01-10T01:00:00+00:00 | 2026-01-10T01:05:00+00:00 | 2026-01-10T01:10:00+00:00 | 2026-01-10T01:15:00+00:00,2026-01-10T00:35:00+00:00:G:96.7739113287 | 2026-01-10T01:10:00+00:00:D:89.8162978109
171,↑ 向上,2026-01-10 01:10:00+00:00,底分型,89.81629781092089,2026-01-10 02:10:00+00:00,顶分型,109.1557907556781,13,2,19.34,0.2153,2026-01-10 01:05:00+00:00,2026-01-10 02:20:00+00:00,2026-01-10T01:05:00+00:00 | 2026-01-10T01:10:00+00:00 | 2026-01-10T01:15:00+00:00 | 2026-01-10T01:30:00+00:00 | 2026-01-10T01:35:00+00:00 | 2026-01-10T01:40:00+00:00 | 2026-01-10T01:45:00+00:00 | 2026-01-10T01:50:00+00:00 | 2026-01-10T01:55:00+00:00 | 2026-01-10T02:00:00+00:00 | 2026-01-10T02:05:00+00:00 | 2026-01-10T02:10:00+00:00 | 2026-01-10T02:20:00+00:00,2026-01-10T01:10:00+00:00:D:89.8162978109 | 2026-01-10T02:10:00+00:00:G:109.155790756
172,↓ 向下,2026-01-10 02:10:00+00:00,顶分型,109.1557907556781,2026-01-10 02:45:00+00:00,底分型,103.05597886501823,9,4,6.1,-0.0559,2026-01-10 02:05:00+00:00,2026-01-10 02:50:00+00:00,2026-01-10T02:05:00+00:00 | 2026-01-10T02:10:00+00:00 | 2026-01-10T02:20:00+00:00 | 2026-01-10T02:25:00+00:00 | 2026-01-10T02:30:00+00:00 | 2026-01-10T02:35:00+00:00 | 2026-01-10T02:40:00+00:00 | 2026-01-10T02:45:00+00:00 | 2026-01-10T02:50:00+00:00,2026-01-10T02:10:00+00:00:G:109.155790756 | 2026-01-10T02:25:00+00:00:D:104.621285956 | 2026-01-10T02:30:00+00:00:G:107.727543545 | 2026-01-10T02:45:00+00:00:D:103.055978865
173,↑ 向上,2026-01-10 02:45:00+00:00,底分型,103.05597886501823,2026-01-10 03:20:00+00:00,顶分型,110.64496669308403,7,2,7.59,0.0736,2026-01-10 02:40:00+00:00,2026-01-10 03:25:00+00:00,2026-01-10T02:40:00+00:00 | 2026-01-10T02:45:00+00:00 | 2026-01-10T03:00:00+00:00 | 2026-01-10T03:10:00+00:00 | 2026-01-10T03:15:00+00:00 | 2026-01-10T03:20:00+00:00 | 2026-01-10T03:25:00+00:00,2026-01-10T02:45:00+00:00:D:103.055978865 | 2026-01-10T03:20:00+00:00:G:110.644966693
174,↓ 向下,2026-01-10 03:20:00+00:00,顶分型,110.64496669308403,2026-01-10 04:20:00+00:00,底分型,90.93762255692826,14,2,19.71,-0.1781,2026-01-10 03:15:00+00:00,2026-01-10 04:25:00+00:00,2026-01-10T03:15:00+00:00 | 2026-01-10T03:20:00+00:00 | 2026-01-10T03:25:00+00:00 | 2026-01-10T03:35:00+00:00 | 2026-01-10T03:40:00+00:00 | 2026-01-10T03:45:00+00:00 | 2026-01-10T03:50:00+00:00 | 2026-01-10T03:55:00+00:00 | 2026-01-10T04:00:00+00:00 | 2026-01-10T04:05:00+00:00 | 2026-01-10T04:10:00+00:00 | 2026-01-10T04:15:00+00:00 | 2026-01-10T04:20:00+00:00 | 2026-01-10T04:25:00+00:00,2026-01-10T03:20:00+00:00:G:110.644966693 | 2026-01-10T04:20:00+00:00:D:90.9376225569
175,↑ 向上,2026-01-10 04:20:00+00:00,底分型,90.93762255692826,2026-01-10 04:50:00+00:00,顶分型,96.6467872534518,8,4,5.71,0.0628,2026-01-10 04:15:00+00:00,2026-01-10 05:00:00+00:00,2026-01-10T04:15:00+00:00 | 2026-01-10T04:20:00+00:00 | 2026-01-10T04:25:00+00:00 | 2026-01-10T04:30:00+00:00 | 2026-01-10T04:40:00+00:00 | 2026-01-10T04:45:00+00:00 | 2026-01-10T04:50:00+00:00 | 2026-01-10T05:00:00+00:00,2026-01-10T04:20:00+00:00:D:90.9376225569 | 2026-01-10T04:30:00+00:00:G:95.7369329371 | 2026-01-10T04:40:00+00:00:D:92.1813397724 | 2026-01-10T04:50:00+00:00:G:96.6467872535
176,↓ 向下,2026-01-10 04:50:00+00:00,顶分型,96.6467872534518,2026-01-10 05:35:00+00:00,底分型,90.34511551922135,8,2,6.3,-0.0652,2026-01-10 04:45:00+00:00,2026-01-10 05:45:00+00:00,2026-01-10T04:45:00+00:00 | 2026-01-10T04:50:00+00:00 | 2026-01-10T05:05:00+00:00 | 2026-01-10T05:10:00+00:00 | 2026-01-10T05:15:00+00:00 | 2026-01-10T05:20:00+00:00 | 2026-01-10T05:35:00+00:00 | 2026-01-10T05:45:00+00:00,2026-01-10T04:50:00+00:00:G:96.6467872535 | 2026-01-10T05:35:00+00:00:D:90.3451155192
177,↑ 向上,2026-01-10 05:35:00+00:00,底分型,90.34511551922135,2026-01-10 07:40:00+00:00,顶分型,109.67501405616096,19,6,19.33,0.214,2026-01-10 05:20:00+00:00,2026-01-10 07:45:00+00:00,2026-01-10T05:20:00+00:00 | 2026-01-10T05:35:00+00:00 | 2026-01-10T05:45:00+00:00 | 2026-01-10T05:50:00+00:00 | 2026-01-10T05:55:00+00:00 | 2026-01-10T06:00:00+00:00 | 2026-01-10T06:05:00+00:00 | 2026-01-10T06:10:00+00:00 | 2026-01-10T06:15:00+00:00 | 2026-01-10T06:20:00+00:00 | 2026-01-10T06:25:00+00:00 | 2026-01-10T06:45:00+00:00 | 2026-01-10T07:00:00+00:00 | 2026-01-10T07:05:00+00:00 | 2026-01-10T07:10:00+00:00 | 2026-01-10T07:20:00+00:00 | 2026-01-10T07:25:00+00:00 | 2026-01-10T07:40:00+00:00 | 2026-01-10T07:45:00+00:00,2026-01-10T05:35:00+00:00:D:90.3451155192 | 2026-01-10T06:25:00+00:00:G:109.367253543 | 2026-01-10T07:00:00+00:00:D:102.858187951 | 2026-01-10T07:10:00+00:00:G:106.637338508 | 2026-01-10T07:20:00+00:00:D:103.947375761 | 2026-01-10T07:40:00+00:00:G:109.675014056
178,↓ 向下,2026-01-10 07:40:00+00:00,顶分型,109.67501405616096,2026-01-10 08:35:00+00:00,底分型,90.58204727412372,12,2,19.09,-0.1741,2026-01-10 07:25:00+00:00,2026-01-10 08:40:00+00:00,2026-01-10T07:25:00+00:00 | 2026-01-10T07:40:00+00:00 | 2026-01-10T07:45:00+00:00 | 2026-01-10T07:55:00+00:00 | 2026-01-10T08:00:00+00:00 | 2026-01-10T08:05:00+00:00 | 2026-01-10T08:15:00+00:00 | 2026-01-10T08:20:00+00:00 | 2026-01-10T08:25:00+00:00 | 2026-01-10T08:30:00+00:00 | 2026-01-10T08:35:00+00:00 | 2026-01-10T08:40:00+00:00,2026-01-10T07:40:00+00:00:G:109.675014056 | 2026-01-10T08:35:00+00:00:D:90.5820472741
179,↑ 向上,2026-01-10 08:35:00+00:00,底分型,90.58204727412372,2026-01-10 10:45:00+00:00,顶分型,109.13320911771959,21,6,18.55,0.2048,2026-01-10 08:30:00+00:00,2026-01-10 10:55:00+00:00,2026-01-10T08:30:00+00:00 | 2026-01-10T08:35:00+00:00 | 2026-01-10T08:55:00+00:00 | 2026-01-10T09:00:00+00:00 | 2026-01-10T09:15:00+00:00 | 2026-01-10T09:20:00+00:00 | 2026-01-10T09:25:00+00:00 | 2026-01-10T09:30:00+00:00 | 2026-01-10T09:35:00+00:00 | 2026-01-10T09:40:00+00:00 | 2026-01-10T09:50:00+00:00 | 2026-01-10T09:55:00+00:00 | 2026-01-10T10:00:00+00:00 | 2026-01-10T10:05:00+00:00 | 2026-01-10T10:10:00+00:00 | 2026-01-10T10:15:00+00:00 | 2026-01-10T10:20:00+00:00 | 2026-01-10T10:25:00+00:00 | 2026-01-10T10:30:00+00:00 | 2026-01-10T10:45:00+00:00 | 2026-01-10T10:55:00+00:00,2026-01-10T08:35:00+00:00:D:90.5820472741 | 2026-01-10T09:00:00+00:00:G:96.5746092749 | 2026-01-10T09:15:00+00:00:D:92.7378315353 | 2026-01-10T09:20:00+00:00:G:96.3080790875 | 2026-01-10T09:40:00+00:00:D:91.20358757 | 2026-01-10T10:45:00+00:00:G:109.133209118
180,↓ 向下,2026-01-10 10:45:00+00:00,顶分型,109.13320911771959,2026-01-10 11:20:00+00:00,底分型,103.11683542869008,7,2,6.02,-0.0551,2026-01-10 10:30:00+00:00,2026-01-10 11:25:00+00:00,2026-01-10T10:30:00+00:00 | 2026-01-10T10:45:00+00:00 | 2026-01-10T10:55:00+00:00 | 2026-01-10T11:00:00+00:00 | 2026-01-10T11:15:00+00:00 | 2026-01-10T11:20:00+00:00 | 2026-01-10T11:25:00+00:00,2026-01-10T10:45:00+00:00:G:109.133209118 | 2026-01-10T11:20:00+00:00:D:103.116835429
181,↑ 向上,2026-01-10 11:20:00+00:00,底分型,103.11683542869008,2026-01-10 11:40:00+00:00,顶分型,108.91056197896836,7,2,5.79,0.0562,2026-01-10 11:10:00+00:00,2026-01-10 11:45:00+00:00,2026-01-10T11:15:00+00:00 | 2026-01-10T11:20:00+00:00 | 2026-01-10T11:25:00+00:00 | 2026-01-10T11:30:00+00:00 | 2026-01-10T11:35:00+00:00 | 2026-01-10T11:40:00+00:00 | 2026-01-10T11:45:00+00:00,2026-01-10T11:20:00+00:00:D:103.116835429 | 2026-01-10T11:40:00+00:00:G:108.910561979
182,↓ 向下,2026-01-10 11:40:00+00:00,顶分型,108.91056197896836,2026-01-10 13:00:00+00:00,底分型,89.96549396857695,14,4,18.95,-0.174,2026-01-10 11:35:00+00:00,2026-01-10 13:05:00+00:00,2026-01-10T11:35:00+00:00 | 2026-01-10T11:40:00+00:00 | 2026-01-10T11:45:00+00:00 | 2026-01-10T11:50:00+00:00 | 2026-01-10T11:55:00+00:00 | 2026-01-10T12:05:00+00:00 | 2026-01-10T12:10:00+00:00 | 2026-01-10T12:15:00+00:00 | 2026-01-10T12:20:00+00:00 | 2026-01-10T12:25:00+00:00 | 2026-01-10T12:30:00+00:00 | 2026-01-10T12:40:00+00:00 | 2026-01-10T13:00:00+00:00 | 2026-01-10T13:05:00+00:00,2026-01-10T11:40:00+00:00:G:108.910561979 | 2026-01-10T11:50:00+00:00:D:105.303216839 | 2026-01-10T11:55:00+00:00:G:108.546225129 | 2026-01-10T13:00:00+00:00:D:89.9654939686
183,↑ 向上,2026-01-10 13:00:00+00:00,底分型,89.96549396857695,2026-01-10 13:25:00+00:00,顶分型,97.1147589384621,7,4,7.15,0.0795,2026-01-10 12:35:00+00:00,2026-01-10 13:35:00+00:00,2026-01-10T12:40:00+00:00 | 2026-01-10T13:00:00+00:00 | 2026-01-10T13:05:00+00:00 | 2026-01-10T13:15:00+00:00 | 2026-01-10T13:20:00+00:00 | 2026-01-10T13:25:00+00:00 | 2026-01-10T13:35:00+00:00,2026-01-10T13:00:00+00:00:D:89.9654939686 | 2026-01-10T13:05:00+00:00:G:95.4273069137 | 2026-01-10T13:15:00+00:00:D:92.9473234104 | 2026-01-10T13:25:00+00:00:G:97.1147589385
184,↓ 向下,2026-01-10 13:25:00+00:00,顶分型,97.1147589384621,2026-01-10 13:55:00+00:00,底分型,90.65641040516253,8,2,6.46,-0.0665,2026-01-10 13:20:00+00:00,2026-01-10 14:00:00+00:00,2026-01-10T13:20:00+00:00 | 2026-01-10T13:25:00+00:00 | 2026-01-10T13:35:00+00:00 | 2026-01-10T13:40:00+00:00 | 2026-01-10T13:45:00+00:00 | 2026-01-10T13:50:00+00:00 | 2026-01-10T13:55:00+00:00 | 2026-01-10T14:00:00+00:00,2026-01-10T13:25:00+00:00:G:97.1147589385 | 2026-01-10T13:55:00+00:00:D:90.6564104052
185,↑ 向上,2026-01-10 13:55:00+00:00,底分型,90.65641040516253,2026-01-10 15:10:00+00:00,顶分型,109.66997340839787,13,2,19.01,0.2097,2026-01-10 13:50:00+00:00,2026-01-10 15:15:00+00:00,2026-01-10T13:50:00+00:00 | 2026-01-10T13:55:00+00:00 | 2026-01-10T14:00:00+00:00 | 2026-01-10T14:10:00+00:00 | 2026-01-10T14:15:00+00:00 | 2026-01-10T14:20:00+00:00 | 2026-01-10T14:25:00+00:00 | 2026-01-10T14:30:00+00:00 | 2026-01-10T14:35:00+00:00 | 2026-01-10T14:40:00+00:00 | 2026-01-10T14:50:00+00:00 | 2026-01-10T15:10:00+00:00 | 2026-01-10T15:15:00+00:00,2026-01-10T13:55:00+00:00:D:90.6564104052 | 2026-01-10T15:10:00+00:00:G:109.669973408
186,↓ 向下,2026-01-10 15:10:00+00:00,顶分型,109.66997340839787,2026-01-10 17:05:00+00:00,底分型,89.93071143917967,16,4,19.74,-0.18,2026-01-10 14:45:00+00:00,2026-01-10 17:10:00+00:00,2026-01-10T14:50:00+00:00 | 2026-01-10T15:10:00+00:00 | 2026-01-10T15:15:00+00:00 | 2026-01-10T15:20:00+00:00 | 2026-01-10T15:50:00+00:00 | 2026-01-10T16:10:00+00:00 | 2026-01-10T16:15:00+00:00 | 2026-01-10T16:20:00+00:00 | 2026-01-10T16:25:00+00:00 | 2026-01-10T16:30:00+00:00 | 2026-01-10T16:35:00+00:00 | 2026-01-10T16:40:00+00:00 | 2026-01-10T16:45:00+00:00 | 2026-01-10T17:00:00+00:00 | 2026-01-10T17:05:00+00:00 | 2026-01-10T17:10:00+00:00,2026-01-10T15:10:00+00:00:G:109.669973408 | 2026-01-10T15:20:00+00:00:D:104.033776339 | 2026-01-10T16:10:00+00:00:G:109.506456897 | 2026-01-10T17:05:00+00:00:D:89.9307114392
187,↑ 向上,2026-01-10 17:05:00+00:00,底分型,89.93071143917967,2026-01-10 17:45:00+00:00,顶分型,96.12691847015681,10,4,6.2,0.0689,2026-01-10 16:55:00+00:00,2026-01-10 17:50:00+00:00,2026-01-10T17:00:00+00:00 | 2026-01-10T17:05:00+00:00 | 2026-01-10T17:10:00+00:00 | 2026-01-10T17:15:00+00:00 | 2026-01-10T17:20:00+00:00 | 2026-01-10T17:25:00+00:00 | 2026-01-10T17:30:00+00:00 | 2026-01-10T17:40:00+00:00 | 2026-01-10T17:45:00+00:00 | 2026-01-10T17:50:00+00:00,2026-01-10T17:05:00+00:00:D:89.9307114392 | 2026-01-10T17:25:00+00:00:G:96.0319261096 | 2026-01-10T17:30:00+00:00:D:92.5743272811 | 2026-01-10T17:45:00+00:00:G:96.1269184702
188,↓ 向下,2026-01-10 17:45:00+00:00,顶分型,96.12691847015681,2026-01-10 18:10:00+00:00,底分型,91.06679154339383,7,4,5.06,-0.0526,2026-01-10 17:35:00+00:00,2026-01-10 18:15:00+00:00,2026-01-10T17:40:00+00:00 | 2026-01-10T17:45:00+00:00 | 2026-01-10T17:50:00+00:00 | 2026-01-10T17:55:00+00:00 | 2026-01-10T18:00:00+00:00 | 2026-01-10T18:10:00+00:00 | 2026-01-10T18:15:00+00:00,2026-01-10T17:45:00+00:00:G:96.1269184702 | 2026-01-10T17:50:00+00:00:D:92.7929070558 | 2026-01-10T17:55:00+00:00:G:95.7048795518 | 2026-01-10T18:10:00+00:00:D:91.0667915434
189,↑ 向上,2026-01-10 18:10:00+00:00,底分型,91.06679154339383,2026-01-10 19:15:00+00:00,顶分型,110.44167949374186,13,2,19.37,0.2128,2026-01-10 18:00:00+00:00,2026-01-10 19:25:00+00:00,2026-01-10T18:00:00+00:00 | 2026-01-10T18:10:00+00:00 | 2026-01-10T18:20:00+00:00 | 2026-01-10T18:25:00+00:00 | 2026-01-10T18:30:00+00:00 | 2026-01-10T18:35:00+00:00 | 2026-01-10T18:40:00+00:00 | 2026-01-10T18:45:00+00:00 | 2026-01-10T18:50:00+00:00 | 2026-01-10T18:55:00+00:00 | 2026-01-10T19:00:00+00:00 | 2026-01-10T19:15:00+00:00 | 2026-01-10T19:25:00+00:00,2026-01-10T18:10:00+00:00:D:91.0667915434 | 2026-01-10T19:15:00+00:00:G:110.441679494
190,↓ 向下,2026-01-10 19:15:00+00:00,顶分型,110.44167949374186,2026-01-10 21:15:00+00:00,底分型,89.78965727311068,18,4,20.65,-0.187,2026-01-10 19:00:00+00:00,2026-01-10 21:25:00+00:00,2026-01-10T19:00:00+00:00 | 2026-01-10T19:15:00+00:00 | 2026-01-10T19:25:00+00:00 | 2026-01-10T19:30:00+00:00 | 2026-01-10T19:35:00+00:00 | 2026-01-10T19:40:00+00:00 | 2026-01-10T19:50:00+00:00 | 2026-01-10T20:10:00+00:00 | 2026-01-10T20:20:00+00:00 | 2026-01-10T20:30:00+00:00 | 2026-01-10T20:40:00+00:00 | 2026-01-10T20:45:00+00:00 | 2026-01-10T20:50:00+00:00 | 2026-01-10T20:55:00+00:00 | 2026-01-10T21:00:00+00:00 | 2026-01-10T21:05:00+00:00 | 2026-01-10T21:15:00+00:00 | 2026-01-10T21:25:00+00:00,2026-01-10T19:15:00+00:00:G:110.441679494 | 2026-01-10T19:50:00+00:00:D:103.06391336 | 2026-01-10T20:10:00+00:00:G:108.324521991 | 2026-01-10T21:15:00+00:00:D:89.7896572731
191,↑ 向上,2026-01-10 21:15:00+00:00,底分型,89.78965727311068,2026-01-10 23:25:00+00:00,顶分型,111.34127538063434,22,6,21.55,0.24,2026-01-10 21:05:00+00:00,2026-01-10 23:30:00+00:00,2026-01-10T21:05:00+00:00 | 2026-01-10T21:15:00+00:00 | 2026-01-10T21:25:00+00:00 | 2026-01-10T21:30:00+00:00 | 2026-01-10T21:35:00+00:00 | 2026-01-10T21:50:00+00:00 | 2026-01-10T22:05:00+00:00 | 2026-01-10T22:10:00+00:00 | 2026-01-10T22:20:00+00:00 | 2026-01-10T22:30:00+00:00 | 2026-01-10T22:35:00+00:00 | 2026-01-10T22:40:00+00:00 | 2026-01-10T22:45:00+00:00 | 2026-01-10T22:50:00+00:00 | 2026-01-10T22:55:00+00:00 | 2026-01-10T23:00:00+00:00 | 2026-01-10T23:05:00+00:00 | 2026-01-10T23:10:00+00:00 | 2026-01-10T23:15:00+00:00 | 2026-01-10T23:20:00+00:00 | 2026-01-10T23:25:00+00:00 | 2026-01-10T23:30:00+00:00,2026-01-10T21:15:00+00:00:D:89.7896572731 | 2026-01-10T21:25:00+00:00:G:93.4943133159 | 2026-01-10T21:30:00+00:00:D:89.8609479322 | 2026-01-10T22:05:00+00:00:G:97.1359332504 | 2026-01-10T22:20:00+00:00:D:91.7895012759 | 2026-01-10T23:25:00+00:00:G:111.341275381
192,↓ 向下,2026-01-10 23:25:00+00:00,顶分型,111.34127538063434,2026-01-11 00:05:00+00:00,底分型,103.35418416661317,9,2,7.99,-0.0717,2026-01-10 23:20:00+00:00,2026-01-11 00:15:00+00:00,2026-01-10T23:20:00+00:00 | 2026-01-10T23:25:00+00:00 | 2026-01-10T23:30:00+00:00 | 2026-01-10T23:35:00+00:00 | 2026-01-10T23:45:00+00:00 | 2026-01-10T23:50:00+00:00 | 2026-01-10T23:55:00+00:00 | 2026-01-11T00:05:00+00:00 | 2026-01-11T00:15:00+00:00,2026-01-10T23:25:00+00:00:G:111.341275381 | 2026-01-11T00:05:00+00:00:D:103.354184167
193,↑ 向上,2026-01-11 00:05:00+00:00,底分型,103.35418416661317,2026-01-11 00:25:00+00:00,顶分型,107.9701381280046,6,2,4.62,0.0447,2026-01-10 23:55:00+00:00,2026-01-11 00:35:00+00:00,2026-01-10T23:55:00+00:00 | 2026-01-11T00:05:00+00:00 | 2026-01-11T00:15:00+00:00 | 2026-01-11T00:20:00+00:00 | 2026-01-11T00:25:00+00:00 | 2026-01-11T00:35:00+00:00,2026-01-11T00:05:00+00:00:D:103.354184167 | 2026-01-11T00:25:00+00:00:G:107.970138128
194,↓ 向下,2026-01-11 00:25:00+00:00,顶分型,107.9701381280046,2026-01-11 01:35:00+00:00,底分型,89.37563517638253,14,2,18.59,-0.1722,2026-01-11 00:20:00+00:00,2026-01-11 01:45:00+00:00,2026-01-11T00:20:00+00:00 | 2026-01-11T00:25:00+00:00 | 2026-01-11T00:40:00+00:00 | 2026-01-11T00:45:00+00:00 | 2026-01-11T00:50:00+00:00 | 2026-01-11T00:55:00+00:00 | 2026-01-11T01:00:00+00:00 | 2026-01-11T01:05:00+00:00 | 2026-01-11T01:10:00+00:00 | 2026-01-11T01:15:00+00:00 | 2026-01-11T01:20:00+00:00 | 2026-01-11T01:25:00+00:00 | 2026-01-11T01:35:00+00:00 | 2026-01-11T01:45:00+00:00,2026-01-11T00:25:00+00:00:G:107.970138128 | 2026-01-11T01:35:00+00:00:D:89.3756351764
195,↑ 向上,2026-01-11 01:35:00+00:00,底分型,89.37563517638253,2026-01-11 02:05:00+00:00,顶分型,97.1150735873325,7,2,7.74,0.0866,2026-01-11 01:25:00+00:00,2026-01-11 02:10:00+00:00,2026-01-11T01:25:00+00:00 | 2026-01-11T01:35:00+00:00 | 2026-01-11T01:45:00+00:00 | 2026-01-11T01:50:00+00:00 | 2026-01-11T02:00:00+00:00 | 2026-01-11T02:05:00+00:00 | 2026-01-11T02:10:00+00:00,2026-01-11T01:35:00+00:00:D:89.3756351764 | 2026-01-11T02:05:00+00:00:G:97.1150735873
196,↓ 向下,2026-01-11 02:05:00+00:00,顶分型,97.1150735873325,2026-01-11 02:35:00+00:00,底分型,92.29136044238847,6,4,4.82,-0.0497,2026-01-11 02:00:00+00:00,2026-01-11 02:50:00+00:00,2026-01-11T02:00:00+00:00 | 2026-01-11T02:05:00+00:00 | 2026-01-11T02:20:00+00:00 | 2026-01-11T02:30:00+00:00 | 2026-01-11T02:35:00+00:00 | 2026-01-11T02:50:00+00:00,2026-01-11T02:05:00+00:00:G:97.1150735873 | 2026-01-11T02:20:00+00:00:D:93.2152668255 | 2026-01-11T02:30:00+00:00:G:95.9850560221 | 2026-01-11T02:35:00+00:00:D:92.2913604424
197,↑ 向上,2026-01-11 02:35:00+00:00,底分型,92.29136044238847,2026-01-11 03:35:00+00:00,顶分型,111.55808245222487,13,2,19.27,0.2088,2026-01-11 02:30:00+00:00,2026-01-11 03:45:00+00:00,2026-01-11T02:30:00+00:00 | 2026-01-11T02:35:00+00:00 | 2026-01-11T02:50:00+00:00 | 2026-01-11T02:55:00+00:00 | 2026-01-11T03:00:00+00:00 | 2026-01-11T03:05:00+00:00 | 2026-01-11T03:10:00+00:00 | 2026-01-11T03:15:00+00:00 | 2026-01-11T03:20:00+00:00 | 2026-01-11T03:25:00+00:00 | 2026-01-11T03:30:00+00:00 | 2026-01-11T03:35:00+00:00 | 2026-01-11T03:45:00+00:00,2026-01-11T02:35:00+00:00:D:92.2913604424 | 2026-01-11T03:35:00+00:00:G:111.558082452
198,↓ 向下,2026-01-11 03:35:00+00:00,顶分型,111.55808245222487,2026-01-11 04:20:00+00:00,底分型,102.17382043928545,6,2,9.38,-0.0841,2026-01-11 03:30:00+00:00,2026-01-11 04:30:00+00:00,2026-01-11T03:30:00+00:00 | 2026-01-11T03:35:00+00:00 | 2026-01-11T03:55:00+00:00 | 2026-01-11T04:00:00+00:00 | 2026-01-11T04:20:00+00:00 | 2026-01-11T04:30:00+00:00,2026-01-11T03:35:00+00:00:G:111.558082452 | 2026-01-11T04:20:00+00:00:D:102.173820439
199,↑ 向上,2026-01-11 04:20:00+00:00,底分型,102.17382043928545,2026-01-11 04:50:00+00:00,顶分型,107.44299830478577,8,4,5.27,0.0516,2026-01-11 04:00:00+00:00,2026-01-11 04:55:00+00:00,2026-01-11T04:00:00+00:00 | 2026-01-11T04:20:00+00:00 | 2026-01-11T04:30:00+00:00 | 2026-01-11T04:35:00+00:00 | 2026-01-11T04:40:00+00:00 | 2026-01-11T04:45:00+00:00 | 2026-01-11T04:50:00+00:00 | 2026-01-11T04:55:00+00:00,2026-01-11T04:20:00+00:00:D:102.173820439 | 2026-01-11T04:35:00+00:00:G:106.422434812 | 2026-01-11T04:40:00+00:00:D:103.914006486 | 2026-01-11T04:50:00+00:00:G:107.442998305
200,↓ 向下,2026-01-11 04:50:00+00:00,顶分型,107.44299830478577,2026-01-11 05:50:00+00:00,底分型,88.22927230323205,13,2,19.21,-0.1788,2026-01-11 04:45:00+00:00,2026-01-11 05:55:00+00:00,2026-01-11T04:45:00+00:00 | 2026-01-11T04:50:00+00:00 | 2026-01-11T04:55:00+00:00 | 2026-01-11T05:00:00+00:00 | 2026-01-11T05:05:00+00:00 | 2026-01-11T05:10:00+00:00 | 2026-01-11T05:15:00+00:00 | 2026-01-11T05:20:00+00:00 | 2026-01-11T05:25:00+00:00 | 2026-01-11T05:30:00+00:00 | 2026-01-11T05:35:00+00:00 | 2026-01-11T05:50:00+00:00 | 2026-01-11T05:55:00+00:00,2026-01-11T04:50:00+00:00:G:107.442998305 | 2026-01-11T05:50:00+00:00:D:88.2292723032
201,↑ 向上,2026-01-11 05:50:00+00:00,底分型,88.22927230323205,2026-01-11 06:30:00+00:00,顶分型,97.86677485639565,9,2,9.64,0.1092,2026-01-11 05:35:00+00:00,2026-01-11 06:35:00+00:00,2026-01-11T05:35:00+00:00 | 2026-01-11T05:50:00+00:00 | 2026-01-11T05:55:00+00:00 | 2026-01-11T06:00:00+00:00 | 2026-01-11T06:10:00+00:00 | 2026-01-11T06:20:00+00:00 | 2026-01-11T06:25:00+00:00 | 2026-01-11T06:30:00+00:00 | 2026-01-11T06:35:00+00:00,2026-01-11T05:50:00+00:00:D:88.2292723032 | 2026-01-11T06:30:00+00:00:G:97.8667748564
202,↓ 向下,2026-01-11 06:30:00+00:00,顶分型,97.86677485639565,2026-01-11 06:45:00+00:00,底分型,93.31179447065142,6,2,4.55,-0.0465,2026-01-11 06:25:00+00:00,2026-01-11 06:50:00+00:00,2026-01-11T06:25:00+00:00 | 2026-01-11T06:30:00+00:00 | 2026-01-11T06:35:00+00:00 | 2026-01-11T06:40:00+00:00 | 2026-01-11T06:45:00+00:00 | 2026-01-11T06:50:00+00:00,2026-01-11T06:30:00+00:00:G:97.8667748564 | 2026-01-11T06:45:00+00:00:D:93.3117944707
203,↑ 向上,2026-01-11 06:45:00+00:00,底分型,93.31179447065142,2026-01-11 07:55:00+00:00,顶分型,110.54003910558671,16,4,17.23,0.1846,2026-01-11 06:40:00+00:00,2026-01-11 08:00:00+00:00,2026-01-11T06:40:00+00:00 | 2026-01-11T06:45:00+00:00 | 2026-01-11T06:50:00+00:00 | 2026-01-11T06:55:00+00:00 | 2026-01-11T07:00:00+00:00 | 2026-01-11T07:10:00+00:00 | 2026-01-11T07:15:00+00:00 | 2026-01-11T07:20:00+00:00 | 2026-01-11T07:25:00+00:00 | 2026-01-11T07:30:00+00:00 | 2026-01-11T07:35:00+00:00 | 2026-01-11T07:40:00+00:00 | 2026-01-11T07:45:00+00:00 | 2026-01-11T07:50:00+00:00 | 2026-01-11T07:55:00+00:00 | 2026-01-11T08:00:00+00:00,2026-01-11T06:45:00+00:00:D:93.3117944707 | 2026-01-11T06:50:00+00:00:G:95.9352113241 | 2026-01-11T06:55:00+00:00:D:93.3868683944 | 2026-01-11T07:55:00+00:00:G:110.540039106
204,↓ 向下,2026-01-11 07:55:00+00:00,顶分型,110.54003910558671,2026-01-11 08:35:00+00:00,底分型,101.80404049459206,9,2,8.74,-0.079,2026-01-11 07:50:00+00:00,2026-01-11 08:40:00+00:00,2026-01-11T07:50:00+00:00 | 2026-01-11T07:55:00+00:00 | 2026-01-11T08:05:00+00:00 | 2026-01-11T08:10:00+00:00 | 2026-01-11T08:15:00+00:00 | 2026-01-11T08:20:00+00:00 | 2026-01-11T08:25:00+00:00 | 2026-01-11T08:35:00+00:00 | 2026-01-11T08:40:00+00:00,2026-01-11T07:55:00+00:00:G:110.540039106 | 2026-01-11T08:35:00+00:00:D:101.804040495
205,↑ 向上,2026-01-11 08:35:00+00:00,底分型,101.80404049459206,2026-01-11 08:50:00+00:00,顶分型,106.29945180694864,6,4,4.5,0.0442,2026-01-11 08:25:00+00:00,2026-01-11 08:55:00+00:00,2026-01-11T08:25:00+00:00 | 2026-01-11T08:35:00+00:00 | 2026-01-11T08:40:00+00:00 | 2026-01-11T08:45:00+00:00 | 2026-01-11T08:50:00+00:00 | 2026-01-11T08:55:00+00:00,2026-01-11T08:35:00+00:00:D:101.804040495 | 2026-01-11T08:40:00+00:00:G:105.73291218 | 2026-01-11T08:45:00+00:00:D:103.494448501 | 2026-01-11T08:50:00+00:00:G:106.299451807
206,↓ 向下,2026-01-11 08:50:00+00:00,顶分型,106.29945180694864,2026-01-11 10:05:00+00:00,底分型,88.72993849760542,13,4,17.57,-0.1653,2026-01-11 08:45:00+00:00,2026-01-11 10:10:00+00:00,2026-01-11T08:45:00+00:00 | 2026-01-11T08:50:00+00:00 | 2026-01-11T08:55:00+00:00 | 2026-01-11T09:00:00+00:00 | 2026-01-11T09:15:00+00:00 | 2026-01-11T09:20:00+00:00 | 2026-01-11T09:25:00+00:00 | 2026-01-11T09:30:00+00:00 | 2026-01-11T09:35:00+00:00 | 2026-01-11T09:40:00+00:00 | 2026-01-11T09:50:00+00:00 | 2026-01-11T10:05:00+00:00 | 2026-01-11T10:10:00+00:00,2026-01-11T08:50:00+00:00:G:106.299451807 | 2026-01-11T08:55:00+00:00:D:102.7037583 | 2026-01-11T09:00:00+00:00:G:106.285689222 | 2026-01-11T10:05:00+00:00:D:88.7299384976
207,↑ 向上,2026-01-11 10:05:00+00:00,底分型,88.72993849760542,2026-01-11 12:05:00+00:00,顶分型,111.21557670486423,21,6,22.49,0.2534,2026-01-11 09:50:00+00:00,2026-01-11 12:15:00+00:00,2026-01-11T09:50:00+00:00 | 2026-01-11T10:05:00+00:00 | 2026-01-11T10:15:00+00:00 | 2026-01-11T10:20:00+00:00 | 2026-01-11T10:25:00+00:00 | 2026-01-11T10:30:00+00:00 | 2026-01-11T10:35:00+00:00 | 2026-01-11T10:40:00+00:00 | 2026-01-11T10:45:00+00:00 | 2026-01-11T10:55:00+00:00 | 2026-01-11T11:15:00+00:00 | 2026-01-11T11:20:00+00:00 | 2026-01-11T11:25:00+00:00 | 2026-01-11T11:30:00+00:00 | 2026-01-11T11:35:00+00:00 | 2026-01-11T11:40:00+00:00 | 2026-01-11T11:45:00+00:00 | 2026-01-11T11:50:00+00:00 | 2026-01-11T11:55:00+00:00 | 2026-01-11T12:05:00+00:00 | 2026-01-11T12:15:00+00:00,2026-01-11T10:05:00+00:00:D:88.7299384976 | 2026-01-11T10:40:00+00:00:G:97.601552962 | 2026-01-11T10:45:00+00:00:D:93.7546459923 | 2026-01-11T10:55:00+00:00:G:97.6409705178 | 2026-01-11T11:15:00+00:00:D:93.5369472847 | 2026-01-11T12:05:00+00:00:G:111.215576705
208,↓ 向下,2026-01-11 12:05:00+00:00,顶分型,111.21557670486423,2026-01-11 14:15:00+00:00,底分型,88.18185596948044,18,6,23.03,-0.2071,2026-01-11 11:55:00+00:00,2026-01-11 14:20:00+00:00,2026-01-11T11:55:00+00:00 | 2026-01-11T12:05:00+00:00 | 2026-01-11T12:15:00+00:00 | 2026-01-11T12:30:00+00:00 | 2026-01-11T12:35:00+00:00 | 2026-01-11T12:50:00+00:00 | 2026-01-11T13:05:00+00:00 | 2026-01-11T13:10:00+00:00 | 2026-01-11T13:25:00+00:00 | 2026-01-11T13:30:00+00:00 | 2026-01-11T13:35:00+00:00 | 2026-01-11T13:40:00+00:00 | 2026-01-11T13:45:00+00:00 | 2026-01-11T13:50:00+00:00 | 2026-01-11T13:55:00+00:00 | 2026-01-11T14:00:00+00:00 | 2026-01-11T14:15:00+00:00 | 2026-01-11T14:20:00+00:00,2026-01-11T12:05:00+00:00:G:111.215576705 | 2026-01-11T12:50:00+00:00:D:101.92821113 | 2026-01-11T13:05:00+00:00:G:106.266333184 | 2026-01-11T13:25:00+00:00:D:101.817799902 | 2026-01-11T13:30:00+00:00:G:104.799451168 | 2026-01-11T14:15:00+00:00:D:88.1818559695
209,↑ 向上,2026-01-11 14:15:00+00:00,底分型,88.18185596948044,2026-01-11 16:25:00+00:00,顶分型,111.99146658364309,20,6,23.81,0.27,2026-01-11 14:00:00+00:00,2026-01-11 16:30:00+00:00,2026-01-11T14:00:00+00:00 | 2026-01-11T14:15:00+00:00 | 2026-01-11T14:25:00+00:00 | 2026-01-11T14:30:00+00:00 | 2026-01-11T14:35:00+00:00 | 2026-01-11T14:40:00+00:00 | 2026-01-11T14:55:00+00:00 | 2026-01-11T15:00:00+00:00 | 2026-01-11T15:15:00+00:00 | 2026-01-11T15:25:00+00:00 | 2026-01-11T15:30:00+00:00 | 2026-01-11T15:40:00+00:00 | 2026-01-11T15:45:00+00:00 | 2026-01-11T15:50:00+00:00 | 2026-01-11T15:55:00+00:00 | 2026-01-11T16:00:00+00:00 | 2026-01-11T16:05:00+00:00 | 2026-01-11T16:10:00+00:00 | 2026-01-11T16:25:00+00:00 | 2026-01-11T16:30:00+00:00,2026-01-11T14:15:00+00:00:D:88.1818559695 | 2026-01-11T14:55:00+00:00:G:97.8355026415 | 2026-01-11T15:00:00+00:00:D:94.6199019059 | 2026-01-11T15:15:00+00:00:G:98.2891699172 | 2026-01-11T15:25:00+00:00:D:94.1405786486 | 2026-01-11T16:25:00+00:00:G:111.991466584
210,↓ 向下,2026-01-11 16:25:00+00:00,顶分型,111.99146658364309,2026-01-11 17:05:00+00:00,底分型,101.21546272466693,11,2,10.78,-0.0962,2026-01-11 16:10:00+00:00,2026-01-11 17:10:00+00:00,2026-01-11T16:10:00+00:00 | 2026-01-11T16:25:00+00:00 | 2026-01-11T16:30:00+00:00 | 2026-01-11T16:35:00+00:00 | 2026-01-11T16:40:00+00:00 | 2026-01-11T16:45:00+00:00 | 2026-01-11T16:50:00+00:00 | 2026-01-11T16:55:00+00:00 | 2026-01-11T17:00:00+00:00 | 2026-01-11T17:05:00+00:00 | 2026-01-11T17:10:00+00:00,2026-01-11T16:25:00+00:00:G:111.991466584 | 2026-01-11T17:05:00+00:00:D:101.215462725
211,↑ 向上,2026-01-11 17:05:00+00:00,底分型,101.21546272466693,2026-01-11 17:35:00+00:00,顶分型,105.55298982583722,7,4,4.34,0.0429,2026-01-11 17:00:00+00:00,2026-01-11 17:40:00+00:00,2026-01-11T17:00:00+00:00 | 2026-01-11T17:05:00+00:00 | 2026-01-11T17:10:00+00:00 | 2026-01-11T17:15:00+00:00 | 2026-01-11T17:20:00+00:00 | 2026-01-11T17:35:00+00:00 | 2026-01-11T17:40:00+00:00,2026-01-11T17:05:00+00:00:D:101.215462725 | 2026-01-11T17:15:00+00:00:G:105.269644113 | 2026-01-11T17:20:00+00:00:D:101.3807954 | 2026-01-11T17:35:00+00:00:G:105.552989826
212,↓ 向下,2026-01-11 17:35:00+00:00,顶分型,105.55298982583722,2026-01-11 18:25:00+00:00,底分型,87.7490295629529,11,2,17.8,-0.1687,2026-01-11 17:20:00+00:00,2026-01-11 18:30:00+00:00,2026-01-11T17:20:00+00:00 | 2026-01-11T17:35:00+00:00 | 2026-01-11T17:40:00+00:00 | 2026-01-11T17:45:00+00:00 | 2026-01-11T17:50:00+00:00 | 2026-01-11T17:55:00+00:00 | 2026-01-11T18:00:00+00:00 | 2026-01-11T18:05:00+00:00 | 2026-01-11T18:10:00+00:00 | 2026-01-11T18:25:00+00:00 | 2026-01-11T18:30:00+00:00,2026-01-11T17:35:00+00:00:G:105.552989826 | 2026-01-11T18:25:00+00:00:D:87.749029563
213,↑ 向上,2026-01-11 18:25:00+00:00,底分型,87.7490295629529,2026-01-11 19:15:00+00:00,顶分型,99.2031504109408,11,2,11.45,0.1305,2026-01-11 18:10:00+00:00,2026-01-11 19:20:00+00:00,2026-01-11T18:10:00+00:00 | 2026-01-11T18:25:00+00:00 | 2026-01-11T18:30:00+00:00 | 2026-01-11T18:35:00+00:00 | 2026-01-11T18:40:00+00:00 | 2026-01-11T18:50:00+00:00 | 2026-01-11T18:55:00+00:00 | 2026-01-11T19:00:00+00:00 | 2026-01-11T19:05:00+00:00 | 2026-01-11T19:15:00+00:00 | 2026-01-11T19:20:00+00:00,2026-01-11T18:25:00+00:00:D:87.749029563 | 2026-01-11T19:15:00+00:00:G:99.2031504109
214,↓ 向下,2026-01-11 19:15:00+00:00,顶分型,99.2031504109408,2026-01-11 19:35:00+00:00,底分型,94.13414049475931,6,2,5.07,-0.0511,2026-01-11 19:05:00+00:00,2026-01-11 19:40:00+00:00,2026-01-11T19:05:00+00:00 | 2026-01-11T19:15:00+00:00 | 2026-01-11T19:20:00+00:00 | 2026-01-11T19:30:00+00:00 | 2026-01-11T19:35:00+00:00 | 2026-01-11T19:40:00+00:00,2026-01-11T19:15:00+00:00:G:99.2031504109 | 2026-01-11T19:35:00+00:00:D:94.1341404948
215,↑ 向上,2026-01-11 19:35:00+00:00,底分型,94.13414049475931,2026-01-11 20:25:00+00:00,顶分型,111.54188509635811,12,2,17.41,0.1849,2026-01-11 19:30:00+00:00,2026-01-11 20:40:00+00:00,2026-01-11T19:30:00+00:00 | 2026-01-11T19:35:00+00:00 | 2026-01-11T19:40:00+00:00 | 2026-01-11T19:50:00+00:00 | 2026-01-11T19:55:00+00:00 | 2026-01-11T20:00:00+00:00 | 2026-01-11T20:05:00+00:00 | 2026-01-11T20:10:00+00:00 | 2026-01-11T20:15:00+00:00 | 2026-01-11T20:20:00+00:00 | 2026-01-11T20:25:00+00:00 | 2026-01-11T20:40:00+00:00,2026-01-11T19:35:00+00:00:D:94.1341404948 | 2026-01-11T20:25:00+00:00:G:111.541885096
216,↓ 向下,2026-01-11 20:25:00+00:00,顶分型,111.54188509635811,2026-01-11 22:45:00+00:00,底分型,87.7742673746027,22,4,23.77,-0.2131,2026-01-11 20:20:00+00:00,2026-01-11 22:50:00+00:00,2026-01-11T20:20:00+00:00 | 2026-01-11T20:25:00+00:00 | 2026-01-11T20:40:00+00:00 | 2026-01-11T20:45:00+00:00 | 2026-01-11T21:05:00+00:00 | 2026-01-11T21:10:00+00:00 | 2026-01-11T21:25:00+00:00 | 2026-01-11T21:30:00+00:00 | 2026-01-11T21:45:00+00:00 | 2026-01-11T21:50:00+00:00 | 2026-01-11T21:55:00+00:00 | 2026-01-11T22:00:00+00:00 | 2026-01-11T22:05:00+00:00 | 2026-01-11T22:10:00+00:00 | 2026-01-11T22:15:00+00:00 | 2026-01-11T22:20:00+00:00 | 2026-01-11T22:25:00+00:00 | 2026-01-11T22:30:00+00:00 | 2026-01-11T22:35:00+00:00 | 2026-01-11T22:40:00+00:00 | 2026-01-11T22:45:00+00:00 | 2026-01-11T22:50:00+00:00,2026-01-11T20:25:00+00:00:G:111.541885096 | 2026-01-11T21:30:00+00:00:D:100.364970671 | 2026-01-11T21:50:00+00:00:G:104.946207846 | 2026-01-11T22:45:00+00:00:D:87.7742673746
217,↑ 向上,2026-01-11 22:45:00+00:00,底分型,87.7742673746027,2026-01-11 23:25:00+00:00,顶分型,99.58155896593769,10,2,11.81,0.1345,2026-01-11 22:40:00+00:00,2026-01-11 23:35:00+00:00,2026-01-11T22:40:00+00:00 | 2026-01-11T22:45:00+00:00 | 2026-01-11T22:55:00+00:00 | 2026-01-11T23:00:00+00:00 | 2026-01-11T23:05:00+00:00 | 2026-01-11T23:10:00+00:00 | 2026-01-11T23:15:00+00:00 | 2026-01-11T23:20:00+00:00 | 2026-01-11T23:25:00+00:00 | 2026-01-11T23:35:00+00:00,2026-01-11T22:45:00+00:00:D:87.7742673746 | 2026-01-11T23:25:00+00:00:G:99.5815589659
218,↓ 向下,2026-01-11 23:25:00+00:00,顶分型,99.58155896593769,2026-01-11 23:50:00+00:00,底分型,95.38120243654637,6,2,4.2,-0.0422,2026-01-11 23:20:00+00:00,2026-01-11 23:55:00+00:00,2026-01-11T23:20:00+00:00 | 2026-01-11T23:25:00+00:00 | 2026-01-11T23:35:00+00:00 | 2026-01-11T23:40:00+00:00 | 2026-01-11T23:50:00+00:00 | 2026-01-11T23:55:00+00:00,2026-01-11T23:25:00+00:00:G:99.5815589659 | 2026-01-11T23:50:00+00:00:D:95.3812024365
219,↑ 向上,2026-01-11 23:50:00+00:00,底分型,95.38120243654637,2026-01-12 00:55:00+00:00,顶分型,111.97412925611842,10,2,16.59,0.174,2026-01-11 23:40:00+00:00,2026-01-12 01:00:00+00:00,2026-01-11T23:40:00+00:00 | 2026-01-11T23:50:00+00:00 | 2026-01-11T23:55:00+00:00 | 2026-01-12T00:05:00+00:00 | 2026-01-12T00:15:00+00:00 | 2026-01-12T00:20:00+00:00 | 2026-01-12T00:25:00+00:00 | 2026-01-12T00:30:00+00:00 | 2026-01-12T00:55:00+00:00 | 2026-01-12T01:00:00+00:00,2026-01-11T23:50:00+00:00:D:95.3812024365 | 2026-01-12T00:55:00+00:00:G:111.974129256
220,↓ 向下,2026-01-12 00:55:00+00:00,顶分型,111.97412925611842,2026-01-12 02:50:00+00:00,底分型,87.50767090244233,20,4,24.47,-0.2185,2026-01-12 00:30:00+00:00,2026-01-12 03:05:00+00:00,2026-01-12T00:30:00+00:00 | 2026-01-12T00:55:00+00:00 | 2026-01-12T01:05:00+00:00 | 2026-01-12T01:10:00+00:00 | 2026-01-12T01:15:00+00:00 | 2026-01-12T01:25:00+00:00 | 2026-01-12T01:35:00+00:00 | 2026-01-12T01:50:00+00:00 | 2026-01-12T02:00:00+00:00 | 2026-01-12T02:05:00+00:00 | 2026-01-12T02:10:00+00:00 | 2026-01-12T02:15:00+00:00 | 2026-01-12T02:20:00+00:00 | 2026-01-12T02:25:00+00:00 | 2026-01-12T02:30:00+00:00 | 2026-01-12T02:35:00+00:00 | 2026-01-12T02:40:00+00:00 | 2026-01-12T02:45:00+00:00 | 2026-01-12T02:50:00+00:00 | 2026-01-12T03:05:00+00:00,2026-01-12T00:55:00+00:00:G:111.974129256 | 2026-01-12T01:35:00+00:00:D:99.9815359009 | 2026-01-12T02:00:00+00:00:G:105.080448737 | 2026-01-12T02:50:00+00:00:D:87.5076709024
221,↑ 向上,2026-01-12 02:50:00+00:00,底分型,87.50767090244233,2026-01-12 04:55:00+00:00,顶分型,112.28135681792287,22,6,24.77,0.2831,2026-01-12 02:45:00+00:00,2026-01-12 05:05:00+00:00,2026-01-12T02:45:00+00:00 | 2026-01-12T02:50:00+00:00 | 2026-01-12T03:05:00+00:00 | 2026-01-12T03:15:00+00:00 | 2026-01-12T03:20:00+00:00 | 2026-01-12T03:25:00+00:00 | 2026-01-12T03:35:00+00:00 | 2026-01-12T03:40:00+00:00 | 2026-01-12T03:45:00+00:00 | 2026-01-12T03:55:00+00:00 | 2026-01-12T04:00:00+00:00 | 2026-01-12T04:10:00+00:00 | 2026-01-12T04:15:00+00:00 | 2026-01-12T04:20:00+00:00 | 2026-01-12T04:25:00+00:00 | 2026-01-12T04:30:00+00:00 | 2026-01-12T04:35:00+00:00 | 2026-01-12T04:40:00+00:00 | 2026-01-12T04:45:00+00:00 | 2026-01-12T04:50:00+00:00 | 2026-01-12T04:55:00+00:00 | 2026-01-12T05:05:00+00:00,2026-01-12T02:50:00+00:00:D:87.5076709024 | 2026-01-12T03:25:00+00:00:G:98.2182820452 | 2026-01-12T03:35:00+00:00:D:95.6143384493 | 2026-01-12T03:55:00+00:00:G:100.070415868 | 2026-01-12T04:00:00+00:00:D:95.9425560664 | 2026-01-12T04:55:00+00:00:G:112.281356818
222,↓ 向下,2026-01-12 04:55:00+00:00,顶分型,112.28135681792287,2026-01-12 07:15:00+00:00,底分型,87.61320100275343,20,4,24.67,-0.2197,2026-01-12 04:50:00+00:00,2026-01-12 07:20:00+00:00,2026-01-12T04:50:00+00:00 | 2026-01-12T04:55:00+00:00 | 2026-01-12T05:10:00+00:00 | 2026-01-12T05:15:00+00:00 | 2026-01-12T05:20:00+00:00 | 2026-01-12T05:25:00+00:00 | 2026-01-12T05:30:00+00:00 | 2026-01-12T05:40:00+00:00 | 2026-01-12T05:50:00+00:00 | 2026-01-12T06:05:00+00:00 | 2026-01-12T06:10:00+00:00 | 2026-01-12T06:15:00+00:00 | 2026-01-12T06:25:00+00:00 | 2026-01-12T06:35:00+00:00 | 2026-01-12T06:40:00+00:00 | 2026-01-12T06:45:00+00:00 | 2026-01-12T06:50:00+00:00 | 2026-01-12T06:55:00+00:00 | 2026-01-12T07:15:00+00:00 | 2026-01-12T07:20:00+00:00,2026-01-12T04:55:00+00:00:G:112.281356818 | 2026-01-12T05:50:00+00:00:D:99.4339333571 | 2026-01-12T06:10:00+00:00:G:103.459550173 | 2026-01-12T07:15:00+00:00:D:87.6132010028
223,↑ 向上,2026-01-12 07:15:00+00:00,底分型,87.61320100275343,2026-01-12 09:15:00+00:00,顶分型,112.708175080453,24,4,25.09,0.2864,2026-01-12 06:55:00+00:00,2026-01-12 09:20:00+00:00,2026-01-12T06:55:00+00:00 | 2026-01-12T07:15:00+00:00 | 2026-01-12T07:20:00+00:00 | 2026-01-12T07:25:00+00:00 | 2026-01-12T07:30:00+00:00 | 2026-01-12T07:35:00+00:00 | 2026-01-12T07:40:00+00:00 | 2026-01-12T07:45:00+00:00 | 2026-01-12T07:50:00+00:00 | 2026-01-12T07:55:00+00:00 | 2026-01-12T08:00:00+00:00 | 2026-01-12T08:15:00+00:00 | 2026-01-12T08:20:00+00:00 | 2026-01-12T08:30:00+00:00 | 2026-01-12T08:35:00+00:00 | 2026-01-12T08:40:00+00:00 | 2026-01-12T08:45:00+00:00 | 2026-01-12T08:50:00+00:00 | 2026-01-12T08:55:00+00:00 | 2026-01-12T09:00:00+00:00 | 2026-01-12T09:05:00+00:00 | 2026-01-12T09:10:00+00:00 | 2026-01-12T09:15:00+00:00 | 2026-01-12T09:20:00+00:00,2026-01-12T07:15:00+00:00:D:87.6132010028 | 2026-01-12T08:00:00+00:00:G:100.55023955 | 2026-01-12T08:20:00+00:00:D:96.740440431 | 2026-01-12T09:15:00+00:00:G:112.70817508
224,↓ 向下,2026-01-12 09:15:00+00:00,顶分型,112.708175080453,2026-01-12 11:25:00+00:00,底分型,87.81802446558825,24,4,24.89,-0.2208,2026-01-12 09:10:00+00:00,2026-01-12 11:30:00+00:00,2026-01-12T09:10:00+00:00 | 2026-01-12T09:15:00+00:00 | 2026-01-12T09:20:00+00:00 | 2026-01-12T09:25:00+00:00 | 2026-01-12T09:30:00+00:00 | 2026-01-12T09:35:00+00:00 | 2026-01-12T09:40:00+00:00 | 2026-01-12T09:45:00+00:00 | 2026-01-12T09:50:00+00:00 | 2026-01-12T09:55:00+00:00 | 2026-01-12T10:05:00+00:00 | 2026-01-12T10:20:00+00:00 | 2026-01-12T10:30:00+00:00 | 2026-01-12T10:35:00+00:00 | 2026-01-12T10:40:00+00:00 | 2026-01-12T10:50:00+00:00 | 2026-01-12T10:55:00+00:00 | 2026-01-12T11:00:00+00:00 | 2026-01-12T11:05:00+00:00 | 2026-01-12T11:10:00+00:00 | 2026-01-12T11:15:00+00:00 | 2026-01-12T11:20:00+00:00 | 2026-01-12T11:25:00+00:00 | 2026-01-12T11:30:00+00:00,2026-01-12T09:15:00+00:00:G:112.70817508 | 2026-01-12T10:05:00+00:00:D:99.3116128796 | 2026-01-12T10:20:00+00:00:G:102.83753912 | 2026-01-12T11:25:00+00:00:D:87.8180244656
225,↑ 向上,2026-01-12 11:25:00+00:00,底分型,87.81802446558825,2026-01-12 13:20:00+00:00,顶分型,112.62543088342137,20,4,24.81,0.2825,2026-01-12 11:20:00+00:00,2026-01-12 13:30:00+00:00,2026-01-12T11:20:00+00:00 | 2026-01-12T11:25:00+00:00 | 2026-01-12T11:30:00+00:00 | 2026-01-12T11:35:00+00:00 | 2026-01-12T11:40:00+00:00 | 2026-01-12T11:45:00+00:00 | 2026-01-12T11:50:00+00:00 | 2026-01-12T12:00:00+00:00 | 2026-01-12T12:10:00+00:00 | 2026-01-12T12:25:00+00:00 | 2026-01-12T12:30:00+00:00 | 2026-01-12T12:45:00+00:00 | 2026-01-12T12:50:00+00:00 | 2026-01-12T12:55:00+00:00 | 2026-01-12T13:00:00+00:00 | 2026-01-12T13:05:00+00:00 | 2026-01-12T13:10:00+00:00 | 2026-01-12T13:15:00+00:00 | 2026-01-12T13:20:00+00:00 | 2026-01-12T13:30:00+00:00,2026-01-12T11:25:00+00:00:D:87.8180244656 | 2026-01-12T12:10:00+00:00:G:100.172567372 | 2026-01-12T12:25:00+00:00:D:96.8732790016 | 2026-01-12T13:20:00+00:00:G:112.625430883
226,↓ 向下,2026-01-12 13:20:00+00:00,顶分型,112.62543088342137,2026-01-12 15:35:00+00:00,底分型,87.73458370430642,20,4,24.89,-0.221,2026-01-12 13:15:00+00:00,2026-01-12 15:40:00+00:00,2026-01-12T13:15:00+00:00 | 2026-01-12T13:20:00+00:00 | 2026-01-12T13:35:00+00:00 | 2026-01-12T13:45:00+00:00 | 2026-01-12T13:50:00+00:00 | 2026-01-12T13:55:00+00:00 | 2026-01-12T14:00:00+00:00 | 2026-01-12T14:10:00+00:00 | 2026-01-12T14:15:00+00:00 | 2026-01-12T14:25:00+00:00 | 2026-01-12T14:45:00+00:00 | 2026-01-12T14:50:00+00:00 | 2026-01-12T14:55:00+00:00 | 2026-01-12T15:00:00+00:00 | 2026-01-12T15:05:00+00:00 | 2026-01-12T15:10:00+00:00 | 2026-01-12T15:15:00+00:00 | 2026-01-12T15:25:00+00:00 | 2026-01-12T15:35:00+00:00 | 2026-01-12T15:40:00+00:00,2026-01-12T13:20:00+00:00:G:112.625430883 | 2026-01-12T14:25:00+00:00:D:98.208941727 | 2026-01-12T14:45:00+00:00:G:102.162098256 | 2026-01-12T15:35:00+00:00:D:87.7345837043
227,↑ 向上,2026-01-12 15:35:00+00:00,底分型,87.73458370430642,2026-01-12 17:45:00+00:00,顶分型,113.24944131742232,22,6,25.51,0.2908,2026-01-12 15:25:00+00:00,2026-01-12 17:50:00+00:00,2026-01-12T15:25:00+00:00 | 2026-01-12T15:35:00+00:00 | 2026-01-12T15:40:00+00:00 | 2026-01-12T15:50:00+00:00 | 2026-01-12T15:55:00+00:00 | 2026-01-12T16:00:00+00:00 | 2026-01-12T16:05:00+00:00 | 2026-01-12T16:10:00+00:00 | 2026-01-12T16:15:00+00:00 | 2026-01-12T16:20:00+00:00 | 2026-01-12T16:45:00+00:00 | 2026-01-12T16:50:00+00:00 | 2026-01-12T17:00:00+00:00 | 2026-01-12T17:05:00+00:00 | 2026-01-12T17:10:00+00:00 | 2026-01-12T17:15:00+00:00 | 2026-01-12T17:20:00+00:00 | 2026-01-12T17:25:00+00:00 | 2026-01-12T17:30:00+00:00 | 2026-01-12T17:35:00+00:00 | 2026-01-12T17:45:00+00:00 | 2026-01-12T17:50:00+00:00,2026-01-12T15:35:00+00:00:D:87.7345837043 | 2026-01-12T16:20:00+00:00:G:101.660026189 | 2026-01-12T16:45:00+00:00:D:97.3377406717 | 2026-01-12T16:50:00+00:00:G:101.717328277 | 2026-01-12T17:00:00+00:00:D:99.1994602968 | 2026-01-12T17:45:00+00:00:G:113.249441317
228,↓ 向下,2026-01-12 17:45:00+00:00,顶分型,113.24944131742232,2026-01-12 19:45:00+00:00,底分型,87.00406698675793,23,6,26.25,-0.2317,2026-01-12 17:35:00+00:00,2026-01-12 19:55:00+00:00,2026-01-12T17:35:00+00:00 | 2026-01-12T17:45:00+00:00 | 2026-01-12T17:50:00+00:00 | 2026-01-12T17:55:00+00:00 | 2026-01-12T18:00:00+00:00 | 2026-01-12T18:05:00+00:00 | 2026-01-12T18:10:00+00:00 | 2026-01-12T18:20:00+00:00 | 2026-01-12T18:35:00+00:00 | 2026-01-12T18:40:00+00:00 | 2026-01-12T18:45:00+00:00 | 2026-01-12T18:50:00+00:00 | 2026-01-12T18:55:00+00:00 | 2026-01-12T19:05:00+00:00 | 2026-01-12T19:10:00+00:00 | 2026-01-12T19:15:00+00:00 | 2026-01-12T19:20:00+00:00 | 2026-01-12T19:25:00+00:00 | 2026-01-12T19:30:00+00:00 | 2026-01-12T19:35:00+00:00 | 2026-01-12T19:40:00+00:00 | 2026-01-12T19:45:00+00:00 | 2026-01-12T19:55:00+00:00,2026-01-12T17:45:00+00:00:G:113.249441317 | 2026-01-12T18:40:00+00:00:D:98.9517827797 | 2026-01-12T18:45:00+00:00:G:101.69765176 | 2026-01-12T18:50:00+00:00:D:98.2493155198 | 2026-01-12T18:55:00+00:00:G:102.258311446 | 2026-01-12T19:45:00+00:00:D:87.0040669868
229,↑ 向上,2026-01-12 19:45:00+00:00,底分型,87.00406698675793,2026-01-12 22:00:00+00:00,顶分型,113.05854875747569,23,6,26.05,0.2995,2026-01-12 19:40:00+00:00,2026-01-12 22:05:00+00:00,2026-01-12T19:40:00+00:00 | 2026-01-12T19:45:00+00:00 | 2026-01-12T20:00:00+00:00 | 2026-01-12T20:05:00+00:00 | 2026-01-12T20:10:00+00:00 | 2026-01-12T20:15:00+00:00 | 2026-01-12T20:20:00+00:00 | 2026-01-12T20:25:00+00:00 | 2026-01-12T20:30:00+00:00 | 2026-01-12T20:35:00+00:00 | 2026-01-12T20:40:00+00:00 | 2026-01-12T20:45:00+00:00 | 2026-01-12T20:50:00+00:00 | 2026-01-12T20:55:00+00:00 | 2026-01-12T21:00:00+00:00 | 2026-01-12T21:20:00+00:00 | 2026-01-12T21:25:00+00:00 | 2026-01-12T21:30:00+00:00 | 2026-01-12T21:35:00+00:00 | 2026-01-12T21:40:00+00:00 | 2026-01-12T21:45:00+00:00 | 2026-01-12T22:00:00+00:00 | 2026-01-12T22:05:00+00:00,2026-01-12T19:45:00+00:00:D:87.0040669868 | 2026-01-12T20:35:00+00:00:G:101.247121483 | 2026-01-12T20:40:00+00:00:D:98.3202951928 | 2026-01-12T20:45:00+00:00:G:101.346998639 | 2026-01-12T20:55:00+00:00:D:97.9783597239 | 2026-01-12T22:00:00+00:00:G:113.058548757
230,↓ 向下,2026-01-12 22:00:00+00:00,顶分型,113.05854875747569,2026-01-12 23:55:00+00:00,底分型,87.08406757742321,22,4,25.97,-0.2297,2026-01-12 21:45:00+00:00,2026-01-13 00:05:00+00:00,2026-01-12T21:45:00+00:00 | 2026-01-12T22:00:00+00:00 | 2026-01-12T22:05:00+00:00 | 2026-01-12T22:10:00+00:00 | 2026-01-12T22:15:00+00:00 | 2026-01-12T22:20:00+00:00 | 2026-01-12T22:25:00+00:00 | 2026-01-12T22:30:00+00:00 | 2026-01-12T22:35:00+00:00 | 2026-01-12T22:40:00+00:00 | 2026-01-12T22:45:00+00:00 | 2026-01-12T22:50:00+00:00 | 2026-01-12T23:00:00+00:00 | 2026-01-12T23:20:00+00:00 | 2026-01-12T23:25:00+00:00 | 2026-01-12T23:30:00+00:00 | 2026-01-12T23:35:00+00:00 | 2026-01-12T23:40:00+00:00 | 2026-01-12T23:45:00+00:00 | 2026-01-12T23:50:00+00:00 | 2026-01-12T23:55:00+00:00 | 2026-01-13T00:05:00+00:00,2026-01-12T22:00:00+00:00:G:113.058548757 | 2026-01-12T22:50:00+00:00:D:97.0983508433 | 2026-01-12T23:00:00+00:00:G:100.889018128 | 2026-01-12T23:55:00+00:00:D:87.0840675774
231,↑ 向上,2026-01-12 23:55:00+00:00,底分型,87.08406757742321,2026-01-13 02:10:00+00:00,顶分型,112.99136977459291,24,6,25.91,0.2975,2026-01-12 23:50:00+00:00,2026-01-13 02:15:00+00:00,2026-01-12T23:50:00+00:00 | 2026-01-12T23:55:00+00:00 | 2026-01-13T00:05:00+00:00 | 2026-01-13T00:10:00+00:00 | 2026-01-13T00:15:00+00:00 | 2026-01-13T00:20:00+00:00 | 2026-01-13T00:25:00+00:00 | 2026-01-13T00:30:00+00:00 | 2026-01-13T00:35:00+00:00 | 2026-01-13T00:40:00+00:00 | 2026-01-13T00:55:00+00:00 | 2026-01-13T01:05:00+00:00 | 2026-01-13T01:10:00+00:00 | 2026-01-13T01:15:00+00:00 | 2026-01-13T01:20:00+00:00 | 2026-01-13T01:30:00+00:00 | 2026-01-13T01:35:00+00:00 | 2026-01-13T01:40:00+00:00 | 2026-01-13T01:50:00+00:00 | 2026-01-13T01:55:00+00:00 | 2026-01-13T02:00:00+00:00 | 2026-01-13T02:05:00+00:00 | 2026-01-13T02:10:00+00:00 | 2026-01-13T02:15:00+00:00,2026-01-12T23:55:00+00:00:D:87.0840675774 | 2026-01-13T00:05:00+00:00:G:91.0355494409 | 2026-01-13T00:10:00+00:00:D:87.7905439318 | 2026-01-13T01:10:00+00:00:G:102.331721297 | 2026-01-13T01:15:00+00:00:D:98.8316809091 | 2026-01-13T02:10:00+00:00:G:112.991369775
232,↓ 向下,2026-01-13 02:10:00+00:00,顶分型,112.99136977459291,2026-01-13 04:25:00+00:00,底分型,88.2281932582825,24,6,24.76,-0.2192,2026-01-13 02:05:00+00:00,2026-01-13 04:30:00+00:00,2026-01-13T02:05:00+00:00 | 2026-01-13T02:10:00+00:00 | 2026-01-13T02:15:00+00:00 | 2026-01-13T02:20:00+00:00 | 2026-01-13T02:25:00+00:00 | 2026-01-13T02:30:00+00:00 | 2026-01-13T02:35:00+00:00 | 2026-01-13T02:45:00+00:00 | 2026-01-13T02:50:00+00:00 | 2026-01-13T02:55:00+00:00 | 2026-01-13T03:00:00+00:00 | 2026-01-13T03:05:00+00:00 | 2026-01-13T03:10:00+00:00 | 2026-01-13T03:15:00+00:00 | 2026-01-13T03:25:00+00:00 | 2026-01-13T03:30:00+00:00 | 2026-01-13T03:35:00+00:00 | 2026-01-13T03:40:00+00:00 | 2026-01-13T03:45:00+00:00 | 2026-01-13T03:50:00+00:00 | 2026-01-13T03:55:00+00:00 | 2026-01-13T04:00:00+00:00 | 2026-01-13T04:25:00+00:00 | 2026-01-13T04:30:00+00:00,2026-01-13T02:10:00+00:00:G:112.991369775 | 2026-01-13T03:00:00+00:00:D:96.9687418415 | 2026-01-13T03:05:00+00:00:G:100.751791222 | 2026-01-13T03:15:00+00:00:D:96.8522827292 | 2026-01-13T03:25:00+00:00:G:101.150002658 | 2026-01-13T04:25:00+00:00:D:88.2281932583
233,↑ 向上,2026-01-13 04:25:00+00:00,底分型,88.2281932582825,2026-01-13 05:20:00+00:00,顶分型,103.06354571916877,13,2,14.84,0.1681,2026-01-13 04:00:00+00:00,2026-01-13 05:25:00+00:00,2026-01-13T04:00:00+00:00 | 2026-01-13T04:25:00+00:00 | 2026-01-13T04:30:00+00:00 | 2026-01-13T04:35:00+00:00 | 2026-01-13T04:40:00+00:00 | 2026-01-13T04:45:00+00:00 | 2026-01-13T04:50:00+00:00 | 2026-01-13T04:55:00+00:00 | 2026-01-13T05:00:00+00:00 | 2026-01-13T05:05:00+00:00 | 2026-01-13T05:10:00+00:00 | 2026-01-13T05:20:00+00:00 | 2026-01-13T05:25:00+00:00,2026-01-13T04:25:00+00:00:D:88.2281932583 | 2026-01-13T05:20:00+00:00:G:103.063545719
234,↓ 向下,2026-01-13 05:20:00+00:00,顶分型,103.06354571916877,2026-01-13 05:40:00+00:00,底分型,100.10828756079381,6,4,2.96,-0.0287,2026-01-13 05:10:00+00:00,2026-01-13 05:45:00+00:00,2026-01-13T05:10:00+00:00 | 2026-01-13T05:20:00+00:00 | 2026-01-13T05:25:00+00:00 | 2026-01-13T05:35:00+00:00 | 2026-01-13T05:40:00+00:00 | 2026-01-13T05:45:00+00:00,2026-01-13T05:20:00+00:00:G:103.063545719 | 2026-01-13T05:25:00+00:00:D:100.127002293 | 2026-01-13T05:35:00+00:00:G:103.052292918 | 2026-01-13T05:40:00+00:00:D:100.108287561
235,↑ 向上,2026-01-13 05:40:00+00:00,底分型,100.10828756079381,2026-01-13 06:25:00+00:00,顶分型,113.01246789158424,10,2,12.9,0.1289,2026-01-13 05:30:00+00:00,2026-01-13 06:35:00+00:00,2026-01-13T05:35:00+00:00 | 2026-01-13T05:40:00+00:00 | 2026-01-13T05:45:00+00:00 | 2026-01-13T05:50:00+00:00 | 2026-01-13T05:55:00+00:00 | 2026-01-13T06:00:00+00:00 | 2026-01-13T06:05:00+00:00 | 2026-01-13T06:15:00+00:00 | 2026-01-13T06:25:00+00:00 | 2026-01-13T06:35:00+00:00,2026-01-13T05:40:00+00:00:D:100.108287561 | 2026-01-13T06:25:00+00:00:G:113.012467892
236,↓ 向下,2026-01-13 06:25:00+00:00,顶分型,113.01246789158424,2026-01-13 08:35:00+00:00,底分型,87.3922091936563,20,6,25.62,-0.2267,2026-01-13 06:15:00+00:00,2026-01-13 08:40:00+00:00,2026-01-13T06:15:00+00:00 | 2026-01-13T06:25:00+00:00 | 2026-01-13T06:35:00+00:00 | 2026-01-13T06:40:00+00:00 | 2026-01-13T06:45:00+00:00 | 2026-01-13T06:50:00+00:00 | 2026-01-13T06:55:00+00:00 | 2026-01-13T07:00:00+00:00 | 2026-01-13T07:10:00+00:00 | 2026-01-13T07:15:00+00:00 | 2026-01-13T07:25:00+00:00 | 2026-01-13T07:35:00+00:00 | 2026-01-13T07:40:00+00:00 | 2026-01-13T07:50:00+00:00 | 2026-01-13T07:55:00+00:00 | 2026-01-13T08:05:00+00:00 | 2026-01-13T08:20:00+00:00 | 2026-01-13T08:25:00+00:00 | 2026-01-13T08:35:00+00:00 | 2026-01-13T08:40:00+00:00,2026-01-13T06:25:00+00:00:G:113.012467892 | 2026-01-13T07:15:00+00:00:D:96.7113001948 | 2026-01-13T07:25:00+00:00:G:99.9891412284 | 2026-01-13T07:35:00+00:00:D:96.1510449216 | 2026-01-13T07:40:00+00:00:G:99.513558119 | 2026-01-13T08:35:00+00:00:D:87.3922091937
237,↑ 向上,2026-01-13 08:35:00+00:00,底分型,87.3922091936563,2026-01-13 10:30:00+00:00,顶分型,112.12411361757023,20,4,24.73,0.283,2026-01-13 08:25:00+00:00,2026-01-13 10:35:00+00:00,2026-01-13T08:25:00+00:00 | 2026-01-13T08:35:00+00:00 | 2026-01-13T08:40:00+00:00 | 2026-01-13T08:45:00+00:00 | 2026-01-13T08:50:00+00:00 | 2026-01-13T08:55:00+00:00 | 2026-01-13T09:00:00+00:00 | 2026-01-13T09:05:00+00:00 | 2026-01-13T09:20:00+00:00 | 2026-01-13T09:25:00+00:00 | 2026-01-13T09:35:00+00:00 | 2026-01-13T09:40:00+00:00 | 2026-01-13T10:00:00+00:00 | 2026-01-13T10:05:00+00:00 | 2026-01-13T10:10:00+00:00 | 2026-01-13T10:15:00+00:00 | 2026-01-13T10:20:00+00:00 | 2026-01-13T10:25:00+00:00 | 2026-01-13T10:30:00+00:00 | 2026-01-13T10:35:00+00:00,2026-01-13T08:35:00+00:00:D:87.3922091937 | 2026-01-13T09:35:00+00:00:G:104.142442444 | 2026-01-13T09:40:00+00:00:D:100.822970219 | 2026-01-13T10:30:00+00:00:G:112.124113618
238,↓ 向下,2026-01-13 10:30:00+00:00,顶分型,112.12411361757023,2026-01-13 12:45:00+00:00,底分型,88.23853760387625,22,8,23.89,-0.213,2026-01-13 10:25:00+00:00,2026-01-13 12:50:00+00:00,2026-01-13T10:25:00+00:00 | 2026-01-13T10:30:00+00:00 | 2026-01-13T10:35:00+00:00 | 2026-01-13T10:45:00+00:00 | 2026-01-13T10:50:00+00:00 | 2026-01-13T10:55:00+00:00 | 2026-01-13T11:00:00+00:00 | 2026-01-13T11:05:00+00:00 | 2026-01-13T11:10:00+00:00 | 2026-01-13T11:20:00+00:00 | 2026-01-13T11:25:00+00:00 | 2026-01-13T11:40:00+00:00 | 2026-01-13T11:45:00+00:00 | 2026-01-13T11:50:00+00:00 | 2026-01-13T11:55:00+00:00 | 2026-01-13T12:00:00+00:00 | 2026-01-13T12:20:00+00:00 | 2026-01-13T12:25:00+00:00 | 2026-01-13T12:30:00+00:00 | 2026-01-13T12:35:00+00:00 | 2026-01-13T12:45:00+00:00 | 2026-01-13T12:50:00+00:00,2026-01-13T10:30:00+00:00:G:112.124113618 | 2026-01-13T10:35:00+00:00:D:108.809162901 | 2026-01-13T10:45:00+00:00:G:111.826549098 | 2026-01-13T11:40:00+00:00:D:95.8784121471 | 2026-01-13T11:45:00+00:00:G:99.9230520785 | 2026-01-13T11:55:00+00:00:D:95.7397225584 | 2026-01-13T12:00:00+00:00:G:99.5309919502 | 2026-01-13T12:45:00+00:00:D:88.2385376039
239,↑ 向上,2026-01-13 12:45:00+00:00,底分型,88.23853760387625,2026-01-13 13:40:00+00:00,顶分型,104.89511148309983,13,2,16.66,0.1888,2026-01-13 12:35:00+00:00,2026-01-13 13:50:00+00:00,2026-01-13T12:35:00+00:00 | 2026-01-13T12:45:00+00:00 | 2026-01-13T12:50:00+00:00 | 2026-01-13T13:00:00+00:00 | 2026-01-13T13:05:00+00:00 | 2026-01-13T13:10:00+00:00 | 2026-01-13T13:15:00+00:00 | 2026-01-13T13:20:00+00:00 | 2026-01-13T13:25:00+00:00 | 2026-01-13T13:30:00+00:00 | 2026-01-13T13:35:00+00:00 | 2026-01-13T13:40:00+00:00 | 2026-01-13T13:50:00+00:00,2026-01-13T12:45:00+00:00:D:88.2385376039 | 2026-01-13T13:40:00+00:00:G:104.895111483
240,↓ 向下,2026-01-13 13:40:00+00:00,顶分型,104.89511148309983,2026-01-13 14:05:00+00:00,底分型,100.4847007050182,7,4,4.41,-0.042,2026-01-13 13:35:00+00:00,2026-01-13 14:15:00+00:00,2026-01-13T13:35:00+00:00 | 2026-01-13T13:40:00+00:00 | 2026-01-13T13:50:00+00:00 | 2026-01-13T13:55:00+00:00 | 2026-01-13T14:00:00+00:00 | 2026-01-13T14:05:00+00:00 | 2026-01-13T14:15:00+00:00,2026-01-13T13:40:00+00:00:G:104.895111483 | 2026-01-13T13:55:00+00:00:D:101.238032349 | 2026-01-13T14:00:00+00:00:G:104.236325988 | 2026-01-13T14:05:00+00:00:D:100.484700705
241,↑ 向上,2026-01-13 14:05:00+00:00,底分型,100.4847007050182,2026-01-13 14:50:00+00:00,顶分型,112.44827399322932,9,2,11.96,0.1191,2026-01-13 14:00:00+00:00,2026-01-13 14:55:00+00:00,2026-01-13T14:00:00+00:00 | 2026-01-13T14:05:00+00:00 | 2026-01-13T14:20:00+00:00 | 2026-01-13T14:25:00+00:00 | 2026-01-13T14:30:00+00:00 | 2026-01-13T14:35:00+00:00 | 2026-01-13T14:45:00+00:00 | 2026-01-13T14:50:00+00:00 | 2026-01-13T14:55:00+00:00,2026-01-13T14:05:00+00:00:D:100.484700705 | 2026-01-13T14:50:00+00:00:G:112.448273993
242,↓ 向下,2026-01-13 14:50:00+00:00,顶分型,112.44827399322932,2026-01-13 16:50:00+00:00,底分型,87.79254955991993,21,4,24.66,-0.2193,2026-01-13 14:40:00+00:00,2026-01-13 17:10:00+00:00,2026-01-13T14:45:00+00:00 | 2026-01-13T14:50:00+00:00 | 2026-01-13T14:55:00+00:00 | 2026-01-13T15:05:00+00:00 | 2026-01-13T15:10:00+00:00 | 2026-01-13T15:15:00+00:00 | 2026-01-13T15:20:00+00:00 | 2026-01-13T15:25:00+00:00 | 2026-01-13T15:30:00+00:00 | 2026-01-13T15:35:00+00:00 | 2026-01-13T15:45:00+00:00 | 2026-01-13T16:00:00+00:00 | 2026-01-13T16:05:00+00:00 | 2026-01-13T16:20:00+00:00 | 2026-01-13T16:25:00+00:00 | 2026-01-13T16:30:00+00:00 | 2026-01-13T16:35:00+00:00 | 2026-01-13T16:40:00+00:00 | 2026-01-13T16:45:00+00:00 | 2026-01-13T16:50:00+00:00 | 2026-01-13T17:10:00+00:00,2026-01-13T14:50:00+00:00:G:112.448273993 | 2026-01-13T15:45:00+00:00:D:94.7305212981 | 2026-01-13T16:05:00+00:00:G:98.3684111673 | 2026-01-13T16:50:00+00:00:D:87.7925495599
243,↑ 向上,2026-01-13 16:50:00+00:00,底分型,87.79254955991993,2026-01-13 17:50:00+00:00,顶分型,104.86391233515093,12,2,17.07,0.1945,2026-01-13 16:45:00+00:00,2026-01-13 17:55:00+00:00,2026-01-13T16:45:00+00:00 | 2026-01-13T16:50:00+00:00 | 2026-01-13T17:10:00+00:00 | 2026-01-13T17:15:00+00:00 | 2026-01-13T17:20:00+00:00 | 2026-01-13T17:25:00+00:00 | 2026-01-13T17:30:00+00:00 | 2026-01-13T17:35:00+00:00 | 2026-01-13T17:40:00+00:00 | 2026-01-13T17:45:00+00:00 | 2026-01-13T17:50:00+00:00 | 2026-01-13T17:55:00+00:00,2026-01-13T16:50:00+00:00:D:87.7925495599 | 2026-01-13T17:50:00+00:00:G:104.863912335
244,↓ 向下,2026-01-13 17:50:00+00:00,顶分型,104.86391233515093,2026-01-13 18:20:00+00:00,底分型,100.70920128979938,6,4,4.15,-0.0396,2026-01-13 17:45:00+00:00,2026-01-13 18:25:00+00:00,2026-01-13T17:45:00+00:00 | 2026-01-13T17:50:00+00:00 | 2026-01-13T17:55:00+00:00 | 2026-01-13T18:05:00+00:00 | 2026-01-13T18:20:00+00:00 | 2026-01-13T18:25:00+00:00,2026-01-13T17:50:00+00:00:G:104.863912335 | 2026-01-13T17:55:00+00:00:D:101.059813803 | 2026-01-13T18:05:00+00:00:G:104.716560551 | 2026-01-13T18:20:00+00:00:D:100.70920129
245,↑ 向上,2026-01-13 18:20:00+00:00,底分型,100.70920128979938,2026-01-13 19:00:00+00:00,顶分型,112.65145456666403,8,2,11.94,0.1186,2026-01-13 18:05:00+00:00,2026-01-13 19:10:00+00:00,2026-01-13T18:05:00+00:00 | 2026-01-13T18:20:00+00:00 | 2026-01-13T18:25:00+00:00 | 2026-01-13T18:30:00+00:00 | 2026-01-13T18:35:00+00:00 | 2026-01-13T18:55:00+00:00 | 2026-01-13T19:00:00+00:00 | 2026-01-13T19:10:00+00:00,2026-01-13T18:20:00+00:00:D:100.70920129 | 2026-01-13T19:00:00+00:00:G:112.651454567
246,↓ 向下,2026-01-13 19:00:00+00:00,顶分型,112.65145456666403,2026-01-13 21:10:00+00:00,底分型,87.8284301303528,20,4,24.82,-0.2204,2026-01-13 18:40:00+00:00,2026-01-13 21:15:00+00:00,2026-01-13T18:55:00+00:00 | 2026-01-13T19:00:00+00:00 | 2026-01-13T19:10:00+00:00 | 2026-01-13T19:20:00+00:00 | 2026-01-13T19:25:00+00:00 | 2026-01-13T19:30:00+00:00 | 2026-01-13T19:35:00+00:00 | 2026-01-13T19:40:00+00:00 | 2026-01-13T19:45:00+00:00 | 2026-01-13T19:50:00+00:00 | 2026-01-13T19:55:00+00:00 | 2026-01-13T20:10:00+00:00 | 2026-01-13T20:15:00+00:00 | 2026-01-13T20:25:00+00:00 | 2026-01-13T20:35:00+00:00 | 2026-01-13T20:50:00+00:00 | 2026-01-13T20:55:00+00:00 | 2026-01-13T21:00:00+00:00 | 2026-01-13T21:10:00+00:00 | 2026-01-13T21:15:00+00:00,2026-01-13T19:00:00+00:00:G:112.651454567 | 2026-01-13T20:10:00+00:00:D:94.6065303486 | 2026-01-13T20:25:00+00:00:G:98.1100793371 | 2026-01-13T21:10:00+00:00:D:87.8284301304
247,↑ 向上,2026-01-13 21:10:00+00:00,底分型,87.8284301303528,2026-01-13 23:30:00+00:00,顶分型,111.5601514360408,20,6,23.73,0.2702,2026-01-13 21:00:00+00:00,2026-01-13 23:35:00+00:00,2026-01-13T21:00:00+00:00 | 2026-01-13T21:10:00+00:00 | 2026-01-13T21:15:00+00:00 | 2026-01-13T21:30:00+00:00 | 2026-01-13T21:35:00+00:00 | 2026-01-13T21:40:00+00:00 | 2026-01-13T21:45:00+00:00 | 2026-01-13T21:50:00+00:00 | 2026-01-13T21:55:00+00:00 | 2026-01-13T22:00:00+00:00 | 2026-01-13T22:05:00+00:00 | 2026-01-13T22:10:00+00:00 | 2026-01-13T22:25:00+00:00 | 2026-01-13T22:35:00+00:00 | 2026-01-13T22:40:00+00:00 | 2026-01-13T22:45:00+00:00 | 2026-01-13T22:50:00+00:00 | 2026-01-13T23:00:00+00:00 | 2026-01-13T23:30:00+00:00 | 2026-01-13T23:35:00+00:00,2026-01-13T21:10:00+00:00:D:87.8284301304 | 2026-01-13T22:05:00+00:00:G:105.846558 | 2026-01-13T22:25:00+00:00:D:101.531923164 | 2026-01-13T22:35:00+00:00:G:105.669321971 | 2026-01-13T22:40:00+00:00:D:102.053554307 | 2026-01-13T23:30:00+00:00:G:111.560151436
248,↓ 向下,2026-01-13 23:30:00+00:00,顶分型,111.5601514360408,2026-01-14 01:30:00+00:00,底分型,87.98680554508815,20,4,23.57,-0.2113,2026-01-13 22:55:00+00:00,2026-01-14 01:35:00+00:00,2026-01-13T23:00:00+00:00 | 2026-01-13T23:30:00+00:00 | 2026-01-13T23:35:00+00:00 | 2026-01-13T23:40:00+00:00 | 2026-01-13T23:45:00+00:00 | 2026-01-13T23:50:00+00:00 | 2026-01-13T23:55:00+00:00 | 2026-01-14T00:00:00+00:00 | 2026-01-14T00:15:00+00:00 | 2026-01-14T00:35:00+00:00 | 2026-01-14T00:40:00+00:00 | 2026-01-14T00:45:00+00:00 | 2026-01-14T00:55:00+00:00 | 2026-01-14T01:00:00+00:00 | 2026-01-14T01:05:00+00:00 | 2026-01-14T01:10:00+00:00 | 2026-01-14T01:15:00+00:00 | 2026-01-14T01:20:00+00:00 | 2026-01-14T01:30:00+00:00 | 2026-01-14T01:35:00+00:00,2026-01-13T23:30:00+00:00:G:111.560151436 | 2026-01-14T00:15:00+00:00:D:93.8309921124 | 2026-01-14T00:35:00+00:00:G:98.4769337448 | 2026-01-14T01:30:00+00:00:D:87.9868055451
249,↑ 向上,2026-01-14 01:30:00+00:00,底分型,87.98680554508815,2026-01-14 03:25:00+00:00,顶分型,111.21345675011607,20,6,23.23,0.264,2026-01-14 01:20:00+00:00,2026-01-14 03:35:00+00:00,2026-01-14T01:20:00+00:00 | 2026-01-14T01:30:00+00:00 | 2026-01-14T01:35:00+00:00 | 2026-01-14T01:40:00+00:00 | 2026-01-14T01:45:00+00:00 | 2026-01-14T01:50:00+00:00 | 2026-01-14T01:55:00+00:00 | 2026-01-14T02:00:00+00:00 | 2026-01-14T02:05:00+00:00 | 2026-01-14T02:10:00+00:00 | 2026-01-14T02:15:00+00:00 | 2026-01-14T02:20:00+00:00 | 2026-01-14T02:40:00+00:00 | 2026-01-14T02:55:00+00:00 | 2026-01-14T03:05:00+00:00 | 2026-01-14T03:10:00+00:00 | 2026-01-14T03:15:00+00:00 | 2026-01-14T03:20:00+00:00 | 2026-01-14T03:25:00+00:00 | 2026-01-14T03:35:00+00:00,2026-01-14T01:30:00+00:00:D:87.9868055451 | 2026-01-14T02:15:00+00:00:G:105.954641419 | 2026-01-14T02:20:00+00:00:D:102.705541317 | 2026-01-14T02:40:00+00:00:G:106.449716763 | 2026-01-14T02:55:00+00:00:D:102.058804605 | 2026-01-14T03:25:00+00:00:G:111.21345675
250,↓ 向下,2026-01-14 03:25:00+00:00,顶分型,111.21345675011607,2026-01-14 05:40:00+00:00,底分型,88.35991652123626,27,6,22.85,-0.2055,2026-01-14 03:20:00+00:00,2026-01-14 05:45:00+00:00,2026-01-14T03:20:00+00:00 | 2026-01-14T03:25:00+00:00 | 2026-01-14T03:35:00+00:00 | 2026-01-14T03:40:00+00:00 | 2026-01-14T03:45:00+00:00 | 2026-01-14T03:50:00+00:00 | 2026-01-14T03:55:00+00:00 | 2026-01-14T04:00:00+00:00 | 2026-01-14T04:05:00+00:00 | 2026-01-14T04:10:00+00:00 | 2026-01-14T04:15:00+00:00 | 2026-01-14T04:20:00+00:00 | 2026-01-14T04:30:00+00:00 | 2026-01-14T04:35:00+00:00 | 2026-01-14T04:40:00+00:00 | 2026-01-14T04:45:00+00:00 | 2026-01-14T04:50:00+00:00 | 2026-01-14T04:55:00+00:00 | 2026-01-14T05:00:00+00:00 | 2026-01-14T05:05:00+00:00 | 2026-01-14T05:10:00+00:00 | 2026-01-14T05:15:00+00:00 | 2026-01-14T05:20:00+00:00 | 2026-01-14T05:25:00+00:00 | 2026-01-14T05:30:00+00:00 | 2026-01-14T05:40:00+00:00 | 2026-01-14T05:45:00+00:00,2026-01-14T03:25:00+00:00:G:111.21345675 | 2026-01-14T04:30:00+00:00:D:92.6597412642 | 2026-01-14T04:40:00+00:00:G:97.5336867166 | 2026-01-14T04:45:00+00:00:D:93.5006022663 | 2026-01-14T04:55:00+00:00:G:97.4432893569 | 2026-01-14T05:40:00+00:00:D:88.3599165212
251,↑ 向上,2026-01-14 05:40:00+00:00,底分型,88.35991652123626,2026-01-14 07:45:00+00:00,顶分型,111.43384505555291,20,6,23.07,0.2611,2026-01-14 05:30:00+00:00,2026-01-14 07:50:00+00:00,2026-01-14T05:30:00+00:00 | 2026-01-14T05:40:00+00:00 | 2026-01-14T05:45:00+00:00 | 2026-01-14T05:55:00+00:00 | 2026-01-14T06:00:00+00:00 | 2026-01-14T06:05:00+00:00 | 2026-01-14T06:10:00+00:00 | 2026-01-14T06:15:00+00:00 | 2026-01-14T06:20:00+00:00 | 2026-01-14T06:25:00+00:00 | 2026-01-14T06:30:00+00:00 | 2026-01-14T06:45:00+00:00 | 2026-01-14T06:55:00+00:00 | 2026-01-14T07:10:00+00:00 | 2026-01-14T07:15:00+00:00 | 2026-01-14T07:20:00+00:00 | 2026-01-14T07:25:00+00:00 | 2026-01-14T07:30:00+00:00 | 2026-01-14T07:45:00+00:00 | 2026-01-14T07:50:00+00:00,2026-01-14T05:40:00+00:00:D:88.3599165212 | 2026-01-14T06:45:00+00:00:G:107.772921307 | 2026-01-14T06:55:00+00:00:D:102.638226107 | 2026-01-14T07:10:00+00:00:G:106.499479147 | 2026-01-14T07:15:00+00:00:D:102.917569496 | 2026-01-14T07:45:00+00:00:G:111.433845056
252,↓ 向下,2026-01-14 07:45:00+00:00,顶分型,111.43384505555291,2026-01-14 08:50:00+00:00,底分型,92.52660267359592,13,2,18.91,-0.1697,2026-01-14 07:30:00+00:00,2026-01-14 08:55:00+00:00,2026-01-14T07:30:00+00:00 | 2026-01-14T07:45:00+00:00 | 2026-01-14T07:50:00+00:00 | 2026-01-14T08:05:00+00:00 | 2026-01-14T08:10:00+00:00 | 2026-01-14T08:15:00+00:00 | 2026-01-14T08:20:00+00:00 | 2026-01-14T08:25:00+00:00 | 2026-01-14T08:30:00+00:00 | 2026-01-14T08:35:00+00:00 | 2026-01-14T08:40:00+00:00 | 2026-01-14T08:50:00+00:00 | 2026-01-14T08:55:00+00:00,2026-01-14T07:45:00+00:00:G:111.433845056 | 2026-01-14T08:50:00+00:00:D:92.5266026736
253,↑ 向上,2026-01-14 08:50:00+00:00,底分型,92.52660267359592,2026-01-14 09:15:00+00:00,顶分型,97.63579705179592,7,4,5.11,0.0552,2026-01-14 08:40:00+00:00,2026-01-14 09:20:00+00:00,2026-01-14T08:40:00+00:00 | 2026-01-14T08:50:00+00:00 | 2026-01-14T08:55:00+00:00 | 2026-01-14T09:00:00+00:00 | 2026-01-14T09:10:00+00:00 | 2026-01-14T09:15:00+00:00 | 2026-01-14T09:20:00+00:00,2026-01-14T08:50:00+00:00:D:92.5266026736 | 2026-01-14T08:55:00+00:00:G:96.6243280685 | 2026-01-14T09:00:00+00:00:D:93.5669507939 | 2026-01-14T09:15:00+00:00:G:97.6357970518
254,↓ 向下,2026-01-14 09:15:00+00:00,顶分型,97.63579705179592,2026-01-14 09:50:00+00:00,底分型,88.65825947904035,8,2,8.98,-0.0919,2026-01-14 09:10:00+00:00,2026-01-14 09:55:00+00:00,2026-01-14T09:10:00+00:00 | 2026-01-14T09:15:00+00:00 | 2026-01-14T09:30:00+00:00 | 2026-01-14T09:35:00+00:00 | 2026-01-14T09:40:00+00:00 | 2026-01-14T09:45:00+00:00 | 2026-01-14T09:50:00+00:00 | 2026-01-14T09:55:00+00:00,2026-01-14T09:15:00+00:00:G:97.6357970518 | 2026-01-14T09:50:00+00:00:D:88.658259479
255,↑ 向上,2026-01-14 09:50:00+00:00,底分型,88.65825947904035,2026-01-14 10:50:00+00:00,顶分型,107.23807180943189,14,2,18.58,0.2096,2026-01-14 09:45:00+00:00,2026-01-14 10:55:00+00:00,2026-01-14T09:45:00+00:00 | 2026-01-14T09:50:00+00:00 | 2026-01-14T09:55:00+00:00 | 2026-01-14T10:00:00+00:00 | 2026-01-14T10:05:00+00:00 | 2026-01-14T10:10:00+00:00 | 2026-01-14T10:15:00+00:00 | 2026-01-14T10:20:00+00:00 | 2026-01-14T10:25:00+00:00 | 2026-01-14T10:30:00+00:00 | 2026-01-14T10:40:00+00:00 | 2026-01-14T10:45:00+00:00 | 2026-01-14T10:50:00+00:00 | 2026-01-14T10:55:00+00:00,2026-01-14T09:50:00+00:00:D:88.658259479 | 2026-01-14T10:50:00+00:00:G:107.238071809
256,↓ 向下,2026-01-14 10:50:00+00:00,顶分型,107.23807180943189,2026-01-14 11:20:00+00:00,底分型,102.84414118792758,8,4,4.39,-0.041,2026-01-14 10:45:00+00:00,2026-01-14 11:25:00+00:00,2026-01-14T10:45:00+00:00 | 2026-01-14T10:50:00+00:00 | 2026-01-14T10:55:00+00:00 | 2026-01-14T11:00:00+00:00 | 2026-01-14T11:05:00+00:00 | 2026-01-14T11:15:00+00:00 | 2026-01-14T11:20:00+00:00 | 2026-01-14T11:25:00+00:00,2026-01-14T10:50:00+00:00:G:107.238071809 | 2026-01-14T11:05:00+00:00:D:103.088348436 | 2026-01-14T11:15:00+00:00:G:106.440710894 | 2026-01-14T11:20:00+00:00:D:102.844141188
257,↑ 向上,2026-01-14 11:20:00+00:00,底分型,102.84414118792758,2026-01-14 12:00:00+00:00,顶分型,110.54883416216087,10,2,7.7,0.0749,2026-01-14 11:10:00+00:00,2026-01-14 12:10:00+00:00,2026-01-14T11:15:00+00:00 | 2026-01-14T11:20:00+00:00 | 2026-01-14T11:25:00+00:00 | 2026-01-14T11:30:00+00:00 | 2026-01-14T11:35:00+00:00 | 2026-01-14T11:40:00+00:00 | 2026-01-14T11:45:00+00:00 | 2026-01-14T11:50:00+00:00 | 2026-01-14T12:00:00+00:00 | 2026-01-14T12:10:00+00:00,2026-01-14T11:20:00+00:00:D:102.844141188 | 2026-01-14T12:00:00+00:00:G:110.548834162
258,↓ 向下,2026-01-14 12:00:00+00:00,顶分型,110.54883416216087,2026-01-14 13:15:00+00:00,底分型,92.74278309690678,14,2,17.81,-0.1611,2026-01-14 11:50:00+00:00,2026-01-14 13:20:00+00:00,2026-01-14T11:50:00+00:00 | 2026-01-14T12:00:00+00:00 | 2026-01-14T12:10:00+00:00 | 2026-01-14T12:15:00+00:00 | 2026-01-14T12:20:00+00:00 | 2026-01-14T12:25:00+00:00 | 2026-01-14T12:30:00+00:00 | 2026-01-14T12:35:00+00:00 | 2026-01-14T12:40:00+00:00 | 2026-01-14T12:45:00+00:00 | 2026-01-14T13:05:00+00:00 | 2026-01-14T13:10:00+00:00 | 2026-01-14T13:15:00+00:00 | 2026-01-14T13:20:00+00:00,2026-01-14T12:00:00+00:00:G:110.548834162 | 2026-01-14T13:15:00+00:00:D:92.7427830969
259,↑ 向上,2026-01-14 13:15:00+00:00,底分型,92.74278309690678,2026-01-14 13:30:00+00:00,顶分型,97.73008136306034,6,2,4.99,0.0538,2026-01-14 13:10:00+00:00,2026-01-14 13:40:00+00:00,2026-01-14T13:10:00+00:00 | 2026-01-14T13:15:00+00:00 | 2026-01-14T13:20:00+00:00 | 2026-01-14T13:25:00+00:00 | 2026-01-14T13:30:00+00:00 | 2026-01-14T13:40:00+00:00,2026-01-14T13:15:00+00:00:D:92.7427830969 | 2026-01-14T13:30:00+00:00:G:97.7300813631
260,↓ 向下,2026-01-14 13:30:00+00:00,顶分型,97.73008136306034,2026-01-14 14:10:00+00:00,底分型,88.87646074428991,8,2,8.85,-0.0906,2026-01-14 13:25:00+00:00,2026-01-14 14:15:00+00:00,2026-01-14T13:25:00+00:00 | 2026-01-14T13:30:00+00:00 | 2026-01-14T13:40:00+00:00 | 2026-01-14T13:50:00+00:00 | 2026-01-14T14:00:00+00:00 | 2026-01-14T14:05:00+00:00 | 2026-01-14T14:10:00+00:00 | 2026-01-14T14:15:00+00:00,2026-01-14T13:30:00+00:00:G:97.7300813631 | 2026-01-14T14:10:00+00:00:D:88.8764607443
261,↑ 向上,2026-01-14 14:10:00+00:00,底分型,88.87646074428991,2026-01-14 15:15:00+00:00,顶分型,107.62918424545069,14,2,18.75,0.211,2026-01-14 14:05:00+00:00,2026-01-14 15:20:00+00:00,2026-01-14T14:05:00+00:00 | 2026-01-14T14:10:00+00:00 | 2026-01-14T14:15:00+00:00 | 2026-01-14T14:20:00+00:00 | 2026-01-14T14:25:00+00:00 | 2026-01-14T14:30:00+00:00 | 2026-01-14T14:35:00+00:00 | 2026-01-14T14:40:00+00:00 | 2026-01-14T14:45:00+00:00 | 2026-01-14T14:50:00+00:00 | 2026-01-14T14:55:00+00:00 | 2026-01-14T15:00:00+00:00 | 2026-01-14T15:15:00+00:00 | 2026-01-14T15:20:00+00:00,2026-01-14T14:10:00+00:00:D:88.8764607443 | 2026-01-14T15:15:00+00:00:G:107.629184245
262,↓ 向下,2026-01-14 15:15:00+00:00,顶分型,107.62918424545069,2026-01-14 15:35:00+00:00,底分型,102.92760681964948,6,4,4.7,-0.0437,2026-01-14 15:00:00+00:00,2026-01-14 15:40:00+00:00,2026-01-14T15:00:00+00:00 | 2026-01-14T15:15:00+00:00 | 2026-01-14T15:20:00+00:00 | 2026-01-14T15:30:00+00:00 | 2026-01-14T15:35:00+00:00 | 2026-01-14T15:40:00+00:00,2026-01-14T15:15:00+00:00:G:107.629184245 | 2026-01-14T15:20:00+00:00:D:103.280094533 | 2026-01-14T15:30:00+00:00:G:106.774921295 | 2026-01-14T15:35:00+00:00:D:102.92760682
263,↑ 向上,2026-01-14 15:35:00+00:00,底分型,102.92760681964948,2026-01-14 16:10:00+00:00,顶分型,110.59159920432657,7,2,7.66,0.0745,2026-01-14 15:30:00+00:00,2026-01-14 16:25:00+00:00,2026-01-14T15:30:00+00:00 | 2026-01-14T15:35:00+00:00 | 2026-01-14T15:40:00+00:00 | 2026-01-14T15:50:00+00:00 | 2026-01-14T16:00:00+00:00 | 2026-01-14T16:10:00+00:00 | 2026-01-14T16:25:00+00:00,2026-01-14T15:35:00+00:00:D:102.92760682 | 2026-01-14T16:10:00+00:00:G:110.591599204
264,↓ 向下,2026-01-14 16:10:00+00:00,顶分型,110.59159920432657,2026-01-14 18:25:00+00:00,底分型,89.27015850066441,21,4,21.32,-0.1928,2026-01-14 16:00:00+00:00,2026-01-14 18:30:00+00:00,2026-01-14T16:00:00+00:00 | 2026-01-14T16:10:00+00:00 | 2026-01-14T16:25:00+00:00 | 2026-01-14T16:30:00+00:00 | 2026-01-14T16:35:00+00:00 | 2026-01-14T16:40:00+00:00 | 2026-01-14T16:45:00+00:00 | 2026-01-14T16:50:00+00:00 | 2026-01-14T16:55:00+00:00 | 2026-01-14T17:00:00+00:00 | 2026-01-14T17:05:00+00:00 | 2026-01-14T17:20:00+00:00 | 2026-01-14T17:30:00+00:00 | 2026-01-14T17:35:00+00:00 | 2026-01-14T17:45:00+00:00 | 2026-01-14T17:55:00+00:00 | 2026-01-14T18:00:00+00:00 | 2026-01-14T18:05:00+00:00 | 2026-01-14T18:10:00+00:00 | 2026-01-14T18:25:00+00:00 | 2026-01-14T18:30:00+00:00,2026-01-14T16:10:00+00:00:G:110.591599204 | 2026-01-14T17:20:00+00:00:D:91.3855571801 | 2026-01-14T17:35:00+00:00:G:96.876330297 | 2026-01-14T18:25:00+00:00:D:89.2701585007
265,↑ 向上,2026-01-14 18:25:00+00:00,底分型,89.27015850066441,2026-01-14 20:25:00+00:00,顶分型,110.07802154729846,19,4,20.81,0.2331,2026-01-14 18:10:00+00:00,2026-01-14 20:30:00+00:00,2026-01-14T18:10:00+00:00 | 2026-01-14T18:25:00+00:00 | 2026-01-14T18:30:00+00:00 | 2026-01-14T18:35:00+00:00 | 2026-01-14T18:40:00+00:00 | 2026-01-14T18:45:00+00:00 | 2026-01-14T18:50:00+00:00 | 2026-01-14T18:55:00+00:00 | 2026-01-14T19:05:00+00:00 | 2026-01-14T19:10:00+00:00 | 2026-01-14T19:15:00+00:00 | 2026-01-14T19:20:00+00:00 | 2026-01-14T19:30:00+00:00 | 2026-01-14T19:45:00+00:00 | 2026-01-14T20:05:00+00:00 | 2026-01-14T20:10:00+00:00 | 2026-01-14T20:20:00+00:00 | 2026-01-14T20:25:00+00:00 | 2026-01-14T20:30:00+00:00,2026-01-14T18:25:00+00:00:D:89.2701585007 | 2026-01-14T19:20:00+00:00:G:108.128149933 | 2026-01-14T19:45:00+00:00:D:103.07423777 | 2026-01-14T20:25:00+00:00:G:110.078021547
266,↓ 向下,2026-01-14 20:25:00+00:00,顶分型,110.07802154729846,2026-01-14 21:20:00+00:00,底分型,91.11665787474692,13,2,18.96,-0.1723,2026-01-14 20:20:00+00:00,2026-01-14 21:25:00+00:00,2026-01-14T20:20:00+00:00 | 2026-01-14T20:25:00+00:00 | 2026-01-14T20:35:00+00:00 | 2026-01-14T20:40:00+00:00 | 2026-01-14T20:45:00+00:00 | 2026-01-14T20:50:00+00:00 | 2026-01-14T20:55:00+00:00 | 2026-01-14T21:00:00+00:00 | 2026-01-14T21:05:00+00:00 | 2026-01-14T21:10:00+00:00 | 2026-01-14T21:15:00+00:00 | 2026-01-14T21:20:00+00:00 | 2026-01-14T21:25:00+00:00,2026-01-14T20:25:00+00:00:G:110.078021547 | 2026-01-14T21:20:00+00:00:D:91.1166578747
267,↑ 向上,2026-01-14 21:20:00+00:00,底分型,91.11665787474692,2026-01-14 21:50:00+00:00,顶分型,96.70452854861905,7,2,5.59,0.0613,2026-01-14 21:15:00+00:00,2026-01-14 22:00:00+00:00,2026-01-14T21:15:00+00:00 | 2026-01-14T21:20:00+00:00 | 2026-01-14T21:35:00+00:00 | 2026-01-14T21:40:00+00:00 | 2026-01-14T21:45:00+00:00 | 2026-01-14T21:50:00+00:00 | 2026-01-14T22:00:00+00:00,2026-01-14T21:20:00+00:00:D:91.1166578747 | 2026-01-14T21:50:00+00:00:G:96.7045285486
268,↓ 向下,2026-01-14 21:50:00+00:00,顶分型,96.70452854861905,2026-01-14 22:25:00+00:00,底分型,90.50241512504655,6,2,6.2,-0.0641,2026-01-14 21:45:00+00:00,2026-01-14 22:35:00+00:00,2026-01-14T21:45:00+00:00 | 2026-01-14T21:50:00+00:00 | 2026-01-14T22:00:00+00:00 | 2026-01-14T22:20:00+00:00 | 2026-01-14T22:25:00+00:00 | 2026-01-14T22:35:00+00:00,2026-01-14T21:50:00+00:00:G:96.7045285486 | 2026-01-14T22:25:00+00:00:D:90.502415125
269,↑ 向上,2026-01-14 22:25:00+00:00,底分型,90.50241512504655,2026-01-14 23:35:00+00:00,顶分型,109.59935051051197,15,4,19.1,0.211,2026-01-14 22:10:00+00:00,2026-01-14 23:40:00+00:00,2026-01-14T22:20:00+00:00 | 2026-01-14T22:25:00+00:00 | 2026-01-14T22:35:00+00:00 | 2026-01-14T22:45:00+00:00 | 2026-01-14T22:50:00+00:00 | 2026-01-14T22:55:00+00:00 | 2026-01-14T23:00:00+00:00 | 2026-01-14T23:05:00+00:00 | 2026-01-14T23:10:00+00:00 | 2026-01-14T23:15:00+00:00 | 2026-01-14T23:20:00+00:00 | 2026-01-14T23:25:00+00:00 | 2026-01-14T23:30:00+00:00 | 2026-01-14T23:35:00+00:00 | 2026-01-14T23:40:00+00:00,2026-01-14T22:25:00+00:00:D:90.502415125 | 2026-01-14T22:35:00+00:00:G:93.7061709506 | 2026-01-14T22:45:00+00:00:D:90.5497523756 | 2026-01-14T23:35:00+00:00:G:109.599350511
270,↓ 向下,2026-01-14 23:35:00+00:00,顶分型,109.59935051051197,2026-01-15 00:05:00+00:00,底分型,102.94517270420171,9,4,6.65,-0.0607,2026-01-14 23:30:00+00:00,2026-01-15 00:15:00+00:00,2026-01-14T23:30:00+00:00 | 2026-01-14T23:35:00+00:00 | 2026-01-14T23:40:00+00:00 | 2026-01-14T23:45:00+00:00 | 2026-01-14T23:50:00+00:00 | 2026-01-14T23:55:00+00:00 | 2026-01-15T00:00:00+00:00 | 2026-01-15T00:05:00+00:00 | 2026-01-15T00:15:00+00:00,2026-01-14T23:35:00+00:00:G:109.599350511 | 2026-01-14T23:50:00+00:00:D:104.396703233 | 2026-01-14T23:55:00+00:00:G:107.218089406 | 2026-01-15T00:05:00+00:00:D:102.945172704
271,↑ 向上,2026-01-15 00:05:00+00:00,底分型,102.94517270420171,2026-01-15 00:50:00+00:00,顶分型,110.1892086671768,8,4,7.24,0.0704,2026-01-15 00:00:00+00:00,2026-01-15 00:55:00+00:00,2026-01-15T00:00:00+00:00 | 2026-01-15T00:05:00+00:00 | 2026-01-15T00:15:00+00:00 | 2026-01-15T00:20:00+00:00 | 2026-01-15T00:25:00+00:00 | 2026-01-15T00:40:00+00:00 | 2026-01-15T00:50:00+00:00 | 2026-01-15T00:55:00+00:00,2026-01-15T00:05:00+00:00:D:102.945172704 | 2026-01-15T00:15:00+00:00:G:106.908520265 | 2026-01-15T00:20:00+00:00:D:104.133716797 | 2026-01-15T00:50:00+00:00:G:110.189208667
272,↓ 向下,2026-01-15 00:50:00+00:00,顶分型,110.1892086671768,2026-01-15 02:45:00+00:00,底分型,90.48885401475872,18,6,19.7,-0.1788,2026-01-15 00:30:00+00:00,2026-01-15 02:55:00+00:00,2026-01-15T00:40:00+00:00 | 2026-01-15T00:50:00+00:00 | 2026-01-15T00:55:00+00:00 | 2026-01-15T01:00:00+00:00 | 2026-01-15T01:05:00+00:00 | 2026-01-15T01:10:00+00:00 | 2026-01-15T01:15:00+00:00 | 2026-01-15T01:20:00+00:00 | 2026-01-15T01:25:00+00:00 | 2026-01-15T01:30:00+00:00 | 2026-01-15T01:35:00+00:00 | 2026-01-15T01:45:00+00:00 | 2026-01-15T01:50:00+00:00 | 2026-01-15T02:05:00+00:00 | 2026-01-15T02:10:00+00:00 | 2026-01-15T02:20:00+00:00 | 2026-01-15T02:45:00+00:00 | 2026-01-15T02:55:00+00:00,2026-01-15T00:50:00+00:00:G:110.189208667 | 2026-01-15T01:35:00+00:00:D:91.8619532623 | 2026-01-15T01:45:00+00:00:G:94.8555439135 | 2026-01-15T01:50:00+00:00:D:90.7553002601 | 2026-01-15T02:20:00+00:00:G:96.5944698736 | 2026-01-15T02:45:00+00:00:D:90.4888540148
273,↑ 向上,2026-01-15 02:45:00+00:00,底分型,90.48885401475872,2026-01-15 03:40:00+00:00,顶分型,108.86308954341749,13,2,18.37,0.2031,2026-01-15 02:15:00+00:00,2026-01-15 03:50:00+00:00,2026-01-15T02:20:00+00:00 | 2026-01-15T02:45:00+00:00 | 2026-01-15T02:55:00+00:00 | 2026-01-15T03:00:00+00:00 | 2026-01-15T03:05:00+00:00 | 2026-01-15T03:10:00+00:00 | 2026-01-15T03:15:00+00:00 | 2026-01-15T03:20:00+00:00 | 2026-01-15T03:25:00+00:00 | 2026-01-15T03:30:00+00:00 | 2026-01-15T03:35:00+00:00 | 2026-01-15T03:40:00+00:00 | 2026-01-15T03:50:00+00:00,2026-01-15T02:45:00+00:00:D:90.4888540148 | 2026-01-15T03:40:00+00:00:G:108.863089543
274,↓ 向下,2026-01-15 03:40:00+00:00,顶分型,108.86308954341749,2026-01-15 04:20:00+00:00,底分型,103.1366765244581,6,2,5.73,-0.0526,2026-01-15 03:35:00+00:00,2026-01-15 04:25:00+00:00,2026-01-15T03:35:00+00:00 | 2026-01-15T03:40:00+00:00 | 2026-01-15T04:05:00+00:00 | 2026-01-15T04:10:00+00:00 | 2026-01-15T04:20:00+00:00 | 2026-01-15T04:25:00+00:00,2026-01-15T03:40:00+00:00:G:108.863089543 | 2026-01-15T04:20:00+00:00:D:103.136676524
275,↑ 向上,2026-01-15 04:20:00+00:00,底分型,103.1366765244581,2026-01-15 04:55:00+00:00,顶分型,109.92085955478399,8,4,6.78,0.0658,2026-01-15 04:10:00+00:00,2026-01-15 05:00:00+00:00,2026-01-15T04:10:00+00:00 | 2026-01-15T04:20:00+00:00 | 2026-01-15T04:25:00+00:00 | 2026-01-15T04:35:00+00:00 | 2026-01-15T04:40:00+00:00 | 2026-01-15T04:50:00+00:00 | 2026-01-15T04:55:00+00:00 | 2026-01-15T05:00:00+00:00,2026-01-15T04:20:00+00:00:D:103.136676524 | 2026-01-15T04:25:00+00:00:G:107.384731636 | 2026-01-15T04:35:00+00:00:D:103.460995727 | 2026-01-15T04:55:00+00:00:G:109.920859555
276,↓ 向下,2026-01-15 04:55:00+00:00,顶分型,109.92085955478399,2026-01-15 05:55:00+00:00,底分型,89.62247220897916,13,2,20.3,-0.1847,2026-01-15 04:45:00+00:00,2026-01-15 06:00:00+00:00,2026-01-15T04:50:00+00:00 | 2026-01-15T04:55:00+00:00 | 2026-01-15T05:00:00+00:00 | 2026-01-15T05:15:00+00:00 | 2026-01-15T05:20:00+00:00 | 2026-01-15T05:25:00+00:00 | 2026-01-15T05:30:00+00:00 | 2026-01-15T05:35:00+00:00 | 2026-01-15T05:40:00+00:00 | 2026-01-15T05:45:00+00:00 | 2026-01-15T05:50:00+00:00 | 2026-01-15T05:55:00+00:00 | 2026-01-15T06:00:00+00:00,2026-01-15T04:55:00+00:00:G:109.920859555 | 2026-01-15T05:55:00+00:00:D:89.622472209
277,↑ 向上,2026-01-15 05:55:00+00:00,底分型,89.62247220897916,2026-01-15 06:35:00+00:00,顶分型,96.46011250261338,6,2,6.84,0.0763,2026-01-15 05:50:00+00:00,2026-01-15 06:40:00+00:00,2026-01-15T05:50:00+00:00 | 2026-01-15T05:55:00+00:00 | 2026-01-15T06:10:00+00:00 | 2026-01-15T06:20:00+00:00 | 2026-01-15T06:35:00+00:00 | 2026-01-15T06:40:00+00:00,2026-01-15T05:55:00+00:00:D:89.622472209 | 2026-01-15T06:35:00+00:00:G:96.4601125026
278,↓ 向下,2026-01-15 06:35:00+00:00,顶分型,96.46011250261338,2026-01-15 06:55:00+00:00,底分型,91.19923242581523,7,2,5.26,-0.0545,2026-01-15 06:20:00+00:00,2026-01-15 07:05:00+00:00,2026-01-15T06:20:00+00:00 | 2026-01-15T06:35:00+00:00 | 2026-01-15T06:40:00+00:00 | 2026-01-15T06:45:00+00:00 | 2026-01-15T06:50:00+00:00 | 2026-01-15T06:55:00+00:00 | 2026-01-15T07:05:00+00:00,2026-01-15T06:35:00+00:00:G:96.4601125026 | 2026-01-15T06:55:00+00:00:D:91.1992324258
279,↑ 向上,2026-01-15 06:55:00+00:00,底分型,91.19923242581523,2026-01-15 07:50:00+00:00,顶分型,109.09600864281691,12,2,17.9,0.1962,2026-01-15 06:50:00+00:00,2026-01-15 08:00:00+00:00,2026-01-15T06:50:00+00:00 | 2026-01-15T06:55:00+00:00 | 2026-01-15T07:05:00+00:00 | 2026-01-15T07:15:00+00:00 | 2026-01-15T07:20:00+00:00 | 2026-01-15T07:25:00+00:00 | 2026-01-15T07:30:00+00:00 | 2026-01-15T07:35:00+00:00 | 2026-01-15T07:40:00+00:00 | 2026-01-15T07:45:00+00:00 | 2026-01-15T07:50:00+00:00 | 2026-01-15T08:00:00+00:00,2026-01-15T06:55:00+00:00:D:91.1992324258 | 2026-01-15T07:50:00+00:00:G:109.096008643
280,↓ 向下,2026-01-15 07:50:00+00:00,顶分型,109.09600864281691,2026-01-15 08:50:00+00:00,底分型,103.9401348180481,10,6,5.16,-0.0473,2026-01-15 07:45:00+00:00,2026-01-15 08:55:00+00:00,2026-01-15T07:45:00+00:00 | 2026-01-15T07:50:00+00:00 | 2026-01-15T08:10:00+00:00 | 2026-01-15T08:15:00+00:00 | 2026-01-15T08:20:00+00:00 | 2026-01-15T08:25:00+00:00 | 2026-01-15T08:35:00+00:00 | 2026-01-15T08:45:00+00:00 | 2026-01-15T08:50:00+00:00 | 2026-01-15T08:55:00+00:00,2026-01-15T07:50:00+00:00:G:109.096008643 | 2026-01-15T08:10:00+00:00:D:105.822901857 | 2026-01-15T08:15:00+00:00:G:108.962684114 | 2026-01-15T08:25:00+00:00:D:104.115764126 | 2026-01-15T08:35:00+00:00:G:107.622758803 | 2026-01-15T08:50:00+00:00:D:103.940134818
281,↑ 向上,2026-01-15 08:50:00+00:00,底分型,103.9401348180481,2026-01-15 09:15:00+00:00,顶分型,109.06479040843422,6,2,5.12,0.0493,2026-01-15 08:40:00+00:00,2026-01-15 09:20:00+00:00,2026-01-15T08:45:00+00:00 | 2026-01-15T08:50:00+00:00 | 2026-01-15T09:00:00+00:00 | 2026-01-15T09:05:00+00:00 | 2026-01-15T09:15:00+00:00 | 2026-01-15T09:20:00+00:00,2026-01-15T08:50:00+00:00:D:103.940134818 | 2026-01-15T09:15:00+00:00:G:109.064790408
282,↓ 向下,2026-01-15 09:15:00+00:00,顶分型,109.06479040843422,2026-01-15 10:10:00+00:00,底分型,89.98405573556515,12,2,19.08,-0.1749,2026-01-15 09:05:00+00:00,2026-01-15 10:20:00+00:00,2026-01-15T09:05:00+00:00 | 2026-01-15T09:15:00+00:00 | 2026-01-15T09:25:00+00:00 | 2026-01-15T09:30:00+00:00 | 2026-01-15T09:35:00+00:00 | 2026-01-15T09:40:00+00:00 | 2026-01-15T09:45:00+00:00 | 2026-01-15T09:50:00+00:00 | 2026-01-15T09:55:00+00:00 | 2026-01-15T10:00:00+00:00 | 2026-01-15T10:10:00+00:00 | 2026-01-15T10:20:00+00:00,2026-01-15T09:15:00+00:00:G:109.064790408 | 2026-01-15T10:10:00+00:00:D:89.9840557356
283,↑ 向上,2026-01-15 10:10:00+00:00,底分型,89.98405573556515,2026-01-15 12:20:00+00:00,顶分型,110.28329339729986,20,6,20.3,0.2256,2026-01-15 10:00:00+00:00,2026-01-15 12:25:00+00:00,2026-01-15T10:00:00+00:00 | 2026-01-15T10:10:00+00:00 | 2026-01-15T10:25:00+00:00 | 2026-01-15T10:40:00+00:00 | 2026-01-15T10:50:00+00:00 | 2026-01-15T10:55:00+00:00 | 2026-01-15T11:00:00+00:00 | 2026-01-15T11:05:00+00:00 | 2026-01-15T11:25:00+00:00 | 2026-01-15T11:30:00+00:00 | 2026-01-15T11:35:00+00:00 | 2026-01-15T11:40:00+00:00 | 2026-01-15T11:45:00+00:00 | 2026-01-15T11:50:00+00:00 | 2026-01-15T11:55:00+00:00 | 2026-01-15T12:00:00+00:00 | 2026-01-15T12:05:00+00:00 | 2026-01-15T12:10:00+00:00 | 2026-01-15T12:20:00+00:00 | 2026-01-15T12:25:00+00:00,2026-01-15T10:10:00+00:00:D:89.9840557356 | 2026-01-15T10:40:00+00:00:G:96.1281315006 | 2026-01-15T10:50:00+00:00:D:92.7630441446 | 2026-01-15T10:55:00+00:00:G:96.5531250216 | 2026-01-15T11:05:00+00:00:D:91.8105643962 | 2026-01-15T12:20:00+00:00:G:110.283293397
284,↓ 向下,2026-01-15 12:20:00+00:00,顶分型,110.28329339729986,2026-01-15 13:00:00+00:00,底分型,102.7206069423733,9,4,7.56,-0.0686,2026-01-15 12:10:00+00:00,2026-01-15 13:05:00+00:00,2026-01-15T12:10:00+00:00 | 2026-01-15T12:20:00+00:00 | 2026-01-15T12:25:00+00:00 | 2026-01-15T12:35:00+00:00 | 2026-01-15T12:40:00+00:00 | 2026-01-15T12:50:00+00:00 | 2026-01-15T12:55:00+00:00 | 2026-01-15T13:00:00+00:00 | 2026-01-15T13:05:00+00:00,2026-01-15T12:20:00+00:00:G:110.283293397 | 2026-01-15T12:50:00+00:00:D:103.298004341 | 2026-01-15T12:55:00+00:00:G:105.955654114 | 2026-01-15T13:00:00+00:00:D:102.720606942
285,↑ 向上,2026-01-15 13:00:00+00:00,底分型,102.7206069423733,2026-01-15 13:30:00+00:00,顶分型,108.53808314682004,6,2,5.82,0.0566,2026-01-15 12:55:00+00:00,2026-01-15 13:35:00+00:00,2026-01-15T12:55:00+00:00 | 2026-01-15T13:00:00+00:00 | 2026-01-15T13:05:00+00:00 | 2026-01-15T13:10:00+00:00 | 2026-01-15T13:30:00+00:00 | 2026-01-15T13:35:00+00:00,2026-01-15T13:00:00+00:00:D:102.720606942 | 2026-01-15T13:30:00+00:00:G:108.538083147
286,↓ 向下,2026-01-15 13:30:00+00:00,顶分型,108.53808314682004,2026-01-15 14:20:00+00:00,底分型,90.14599081514267,13,2,18.39,-0.1695,2026-01-15 13:10:00+00:00,2026-01-15 14:25:00+00:00,2026-01-15T13:10:00+00:00 | 2026-01-15T13:30:00+00:00 | 2026-01-15T13:35:00+00:00 | 2026-01-15T13:40:00+00:00 | 2026-01-15T13:45:00+00:00 | 2026-01-15T13:50:00+00:00 | 2026-01-15T13:55:00+00:00 | 2026-01-15T14:00:00+00:00 | 2026-01-15T14:05:00+00:00 | 2026-01-15T14:10:00+00:00 | 2026-01-15T14:15:00+00:00 | 2026-01-15T14:20:00+00:00 | 2026-01-15T14:25:00+00:00,2026-01-15T13:30:00+00:00:G:108.538083147 | 2026-01-15T14:20:00+00:00:D:90.1459908151
287,↑ 向上,2026-01-15 14:20:00+00:00,底分型,90.14599081514267,2026-01-15 15:00:00+00:00,顶分型,97.3186829557063,10,2,7.17,0.0796,2026-01-15 14:15:00+00:00,2026-01-15 15:10:00+00:00,2026-01-15T14:15:00+00:00 | 2026-01-15T14:20:00+00:00 | 2026-01-15T14:25:00+00:00 | 2026-01-15T14:30:00+00:00 | 2026-01-15T14:40:00+00:00 | 2026-01-15T14:45:00+00:00 | 2026-01-15T14:50:00+00:00 | 2026-01-15T14:55:00+00:00 | 2026-01-15T15:00:00+00:00 | 2026-01-15T15:10:00+00:00,2026-01-15T14:20:00+00:00:D:90.1459908151 | 2026-01-15T15:00:00+00:00:G:97.3186829557
288,↓ 向下,2026-01-15 15:00:00+00:00,顶分型,97.3186829557063,2026-01-15 15:35:00+00:00,底分型,92.28805762250263,7,4,5.03,-0.0517,2026-01-15 14:55:00+00:00,2026-01-15 15:40:00+00:00,2026-01-15T14:55:00+00:00 | 2026-01-15T15:00:00+00:00 | 2026-01-15T15:10:00+00:00 | 2026-01-15T15:20:00+00:00 | 2026-01-15T15:25:00+00:00 | 2026-01-15T15:35:00+00:00 | 2026-01-15T15:40:00+00:00,2026-01-15T15:00:00+00:00:G:97.3186829557 | 2026-01-15T15:10:00+00:00:D:92.619040071 | 2026-01-15T15:20:00+00:00:G:96.7420431443 | 2026-01-15T15:35:00+00:00:D:92.2880576225
289,↑ 向上,2026-01-15 15:35:00+00:00,底分型,92.28805762250263,2026-01-15 16:25:00+00:00,顶分型,110.54848436717462,12,2,18.26,0.1979,2026-01-15 15:25:00+00:00,2026-01-15 16:30:00+00:00,2026-01-15T15:25:00+00:00 | 2026-01-15T15:35:00+00:00 | 2026-01-15T15:40:00+00:00 | 2026-01-15T15:50:00+00:00 | 2026-01-15T15:55:00+00:00 | 2026-01-15T16:00:00+00:00 | 2026-01-15T16:05:00+00:00 | 2026-01-15T16:10:00+00:00 | 2026-01-15T16:15:00+00:00 | 2026-01-15T16:20:00+00:00 | 2026-01-15T16:25:00+00:00 | 2026-01-15T16:30:00+00:00,2026-01-15T15:35:00+00:00:D:92.2880576225 | 2026-01-15T16:25:00+00:00:G:110.548484367
290,↓ 向下,2026-01-15 16:25:00+00:00,顶分型,110.54848436717462,2026-01-15 17:05:00+00:00,底分型,102.82505428769824,8,2,7.72,-0.0699,2026-01-15 16:20:00+00:00,2026-01-15 17:10:00+00:00,2026-01-15T16:20:00+00:00 | 2026-01-15T16:25:00+00:00 | 2026-01-15T16:40:00+00:00 | 2026-01-15T16:45:00+00:00 | 2026-01-15T16:50:00+00:00 | 2026-01-15T16:55:00+00:00 | 2026-01-15T17:05:00+00:00 | 2026-01-15T17:10:00+00:00,2026-01-15T16:25:00+00:00:G:110.548484367 | 2026-01-15T17:05:00+00:00:D:102.825054288
291,↑ 向上,2026-01-15 17:05:00+00:00,底分型,102.82505428769824,2026-01-15 17:30:00+00:00,顶分型,107.62312699433441,6,4,4.8,0.0467,2026-01-15 16:55:00+00:00,2026-01-15 17:40:00+00:00,2026-01-15T16:55:00+00:00 | 2026-01-15T17:05:00+00:00 | 2026-01-15T17:10:00+00:00 | 2026-01-15T17:15:00+00:00 | 2026-01-15T17:30:00+00:00 | 2026-01-15T17:40:00+00:00,2026-01-15T17:05:00+00:00:D:102.825054288 | 2026-01-15T17:10:00+00:00:G:107.093234076 | 2026-01-15T17:15:00+00:00:D:103.272909179 | 2026-01-15T17:30:00+00:00:G:107.623126994
292,↓ 向下,2026-01-15 17:30:00+00:00,顶分型,107.62312699433441,2026-01-15 18:45:00+00:00,底分型,89.59522796657207,15,2,18.03,-0.1675,2026-01-15 17:15:00+00:00,2026-01-15 18:50:00+00:00,2026-01-15T17:15:00+00:00 | 2026-01-15T17:30:00+00:00 | 2026-01-15T17:40:00+00:00 | 2026-01-15T17:45:00+00:00 | 2026-01-15T17:50:00+00:00 | 2026-01-15T17:55:00+00:00 | 2026-01-15T18:00:00+00:00 | 2026-01-15T18:05:00+00:00 | 2026-01-15T18:10:00+00:00 | 2026-01-15T18:15:00+00:00 | 2026-01-15T18:20:00+00:00 | 2026-01-15T18:25:00+00:00 | 2026-01-15T18:35:00+00:00 | 2026-01-15T18:45:00+00:00 | 2026-01-15T18:50:00+00:00,2026-01-15T17:30:00+00:00:G:107.623126994 | 2026-01-15T18:45:00+00:00:D:89.5952279666
293,↑ 向上,2026-01-15 18:45:00+00:00,底分型,89.59522796657207,2026-01-15 19:20:00+00:00,顶分型,97.392113740119,10,2,7.8,0.087,2026-01-15 18:35:00+00:00,2026-01-15 19:25:00+00:00,2026-01-15T18:35:00+00:00 | 2026-01-15T18:45:00+00:00 | 2026-01-15T18:50:00+00:00 | 2026-01-15T18:55:00+00:00 | 2026-01-15T19:00:00+00:00 | 2026-01-15T19:05:00+00:00 | 2026-01-15T19:10:00+00:00 | 2026-01-15T19:15:00+00:00 | 2026-01-15T19:20:00+00:00 | 2026-01-15T19:25:00+00:00,2026-01-15T18:45:00+00:00:D:89.5952279666 | 2026-01-15T19:20:00+00:00:G:97.3921137401
294,↓ 向下,2026-01-15 19:20:00+00:00,顶分型,97.392113740119,2026-01-15 19:50:00+00:00,底分型,92.81308113651193,7,4,4.58,-0.047,2026-01-15 19:15:00+00:00,2026-01-15 19:55:00+00:00,2026-01-15T19:15:00+00:00 | 2026-01-15T19:20:00+00:00 | 2026-01-15T19:25:00+00:00 | 2026-01-15T19:30:00+00:00 | 2026-01-15T19:35:00+00:00 | 2026-01-15T19:50:00+00:00 | 2026-01-15T19:55:00+00:00,2026-01-15T19:20:00+00:00:G:97.3921137401 | 2026-01-15T19:25:00+00:00:D:93.8895599135 | 2026-01-15T19:30:00+00:00:G:97.0367755093 | 2026-01-15T19:50:00+00:00:D:92.8130811365
295,↑ 向上,2026-01-15 19:50:00+00:00,底分型,92.81308113651193,2026-01-15 20:45:00+00:00,顶分型,110.96729058461433,13,2,18.15,0.1956,2026-01-15 19:35:00+00:00,2026-01-15 20:50:00+00:00,2026-01-15T19:35:00+00:00 | 2026-01-15T19:50:00+00:00 | 2026-01-15T19:55:00+00:00 | 2026-01-15T20:00:00+00:00 | 2026-01-15T20:05:00+00:00 | 2026-01-15T20:10:00+00:00 | 2026-01-15T20:15:00+00:00 | 2026-01-15T20:20:00+00:00 | 2026-01-15T20:25:00+00:00 | 2026-01-15T20:30:00+00:00 | 2026-01-15T20:40:00+00:00 | 2026-01-15T20:45:00+00:00 | 2026-01-15T20:50:00+00:00,2026-01-15T19:50:00+00:00:D:92.8130811365 | 2026-01-15T20:45:00+00:00:G:110.967290585
296,↓ 向下,2026-01-15 20:45:00+00:00,顶分型,110.96729058461433,2026-01-15 22:50:00+00:00,底分型,88.70377354979387,22,4,22.26,-0.2006,2026-01-15 20:40:00+00:00,2026-01-15 23:00:00+00:00,2026-01-15T20:40:00+00:00 | 2026-01-15T20:45:00+00:00 | 2026-01-15T20:50:00+00:00 | 2026-01-15T20:55:00+00:00 | 2026-01-15T21:00:00+00:00 | 2026-01-15T21:20:00+00:00 | 2026-01-15T21:25:00+00:00 | 2026-01-15T21:30:00+00:00 | 2026-01-15T21:40:00+00:00 | 2026-01-15T21:45:00+00:00 | 2026-01-15T22:00:00+00:00 | 2026-01-15T22:05:00+00:00 | 2026-01-15T22:10:00+00:00 | 2026-01-15T22:15:00+00:00 | 2026-01-15T22:20:00+00:00 | 2026-01-15T22:25:00+00:00 | 2026-01-15T22:30:00+00:00 | 2026-01-15T22:35:00+00:00 | 2026-01-15T22:40:00+00:00 | 2026-01-15T22:45:00+00:00 | 2026-01-15T22:50:00+00:00 | 2026-01-15T23:00:00+00:00,2026-01-15T20:45:00+00:00:G:110.967290585 | 2026-01-15T21:30:00+00:00:D:102.53844361 | 2026-01-15T21:45:00+00:00:G:106.224964253 | 2026-01-15T22:50:00+00:00:D:88.7037735498
297,↑ 向上,2026-01-15 22:50:00+00:00,底分型,88.70377354979387,2026-01-15 23:30:00+00:00,顶分型,97.99884881365656,8,2,9.3,0.1048,2026-01-15 22:45:00+00:00,2026-01-15 23:35:00+00:00,2026-01-15T22:45:00+00:00 | 2026-01-15T22:50:00+00:00 | 2026-01-15T23:00:00+00:00 | 2026-01-15T23:10:00+00:00 | 2026-01-15T23:15:00+00:00 | 2026-01-15T23:20:00+00:00 | 2026-01-15T23:30:00+00:00 | 2026-01-15T23:35:00+00:00,2026-01-15T22:50:00+00:00:D:88.7037735498 | 2026-01-15T23:30:00+00:00:G:97.9988488137
298,↓ 向下,2026-01-15 23:30:00+00:00,顶分型,97.99884881365656,2026-01-16 00:10:00+00:00,底分型,93.63511030613259,8,4,4.36,-0.0445,2026-01-15 23:20:00+00:00,2026-01-16 00:15:00+00:00,2026-01-15T23:20:00+00:00 | 2026-01-15T23:30:00+00:00 | 2026-01-15T23:40:00+00:00 | 2026-01-15T23:50:00+00:00 | 2026-01-15T23:55:00+00:00 | 2026-01-16T00:05:00+00:00 | 2026-01-16T00:10:00+00:00 | 2026-01-16T00:15:00+00:00,2026-01-15T23:30:00+00:00:G:97.9988488137 | 2026-01-15T23:40:00+00:00:D:93.6369864596 | 2026-01-15T23:55:00+00:00:G:96.7809959741 | 2026-01-16T00:10:00+00:00:D:93.6351103061
299,↑ 向上,2026-01-16 00:10:00+00:00,底分型,93.63511030613259,2026-01-16 00:50:00+00:00,顶分型,111.5349572358613,11,2,17.9,0.1912,2026-01-16 00:05:00+00:00,2026-01-16 01:00:00+00:00,2026-01-16T00:05:00+00:00 | 2026-01-16T00:10:00+00:00 | 2026-01-16T00:15:00+00:00 | 2026-01-16T00:20:00+00:00 | 2026-01-16T00:25:00+00:00 | 2026-01-16T00:30:00+00:00 | 2026-01-16T00:35:00+00:00 | 2026-01-16T00:40:00+00:00 | 2026-01-16T00:45:00+00:00 | 2026-01-16T00:50:00+00:00 | 2026-01-16T01:00:00+00:00,2026-01-16T00:10:00+00:00:D:93.6351103061 | 2026-01-16T00:50:00+00:00:G:111.534957236
300,↓ 向下,2026-01-16 00:50:00+00:00,顶分型,111.5349572358613,2026-01-16 01:45:00+00:00,底分型,102.30991196647473,11,2,9.23,-0.0827,2026-01-16 00:45:00+00:00,2026-01-16 01:50:00+00:00,2026-01-16T00:45:00+00:00 | 2026-01-16T00:50:00+00:00 | 2026-01-16T01:05:00+00:00 | 2026-01-16T01:10:00+00:00 | 2026-01-16T01:20:00+00:00 | 2026-01-16T01:25:00+00:00 | 2026-01-16T01:30:00+00:00 | 2026-01-16T01:35:00+00:00 | 2026-01-16T01:40:00+00:00 | 2026-01-16T01:45:00+00:00 | 2026-01-16T01:50:00+00:00,2026-01-16T00:50:00+00:00:G:111.534957236 | 2026-01-16T01:45:00+00:00:D:102.309911966
301,↑ 向上,2026-01-16 01:45:00+00:00,底分型,102.30991196647473,2026-01-16 02:10:00+00:00,顶分型,107.1678343955245,6,4,4.86,0.0475,2026-01-16 01:40:00+00:00,2026-01-16 02:15:00+00:00,2026-01-16T01:40:00+00:00 | 2026-01-16T01:45:00+00:00 | 2026-01-16T01:50:00+00:00 | 2026-01-16T02:05:00+00:00 | 2026-01-16T02:10:00+00:00 | 2026-01-16T02:15:00+00:00,2026-01-16T01:45:00+00:00:D:102.309911966 | 2026-01-16T01:50:00+00:00:G:106.525281036 | 2026-01-16T02:05:00+00:00:D:103.019958221 | 2026-01-16T02:10:00+00:00:G:107.167834396
302,↓ 向下,2026-01-16 02:10:00+00:00,顶分型,107.1678343955245,2026-01-16 03:10:00+00:00,底分型,88.27700274265626,14,4,18.89,-0.1763,2026-01-16 02:00:00+00:00,2026-01-16 03:15:00+00:00,2026-01-16T02:05:00+00:00 | 2026-01-16T02:10:00+00:00 | 2026-01-16T02:15:00+00:00 | 2026-01-16T02:20:00+00:00 | 2026-01-16T02:25:00+00:00 | 2026-01-16T02:30:00+00:00 | 2026-01-16T02:35:00+00:00 | 2026-01-16T02:40:00+00:00 | 2026-01-16T02:45:00+00:00 | 2026-01-16T02:50:00+00:00 | 2026-01-16T02:55:00+00:00 | 2026-01-16T03:05:00+00:00 | 2026-01-16T03:10:00+00:00 | 2026-01-16T03:15:00+00:00,2026-01-16T02:10:00+00:00:G:107.167834396 | 2026-01-16T02:55:00+00:00:D:88.4120833909 | 2026-01-16T03:05:00+00:00:G:91.6189386211 | 2026-01-16T03:10:00+00:00:D:88.2770027427
303,↑ 向上,2026-01-16 03:10:00+00:00,底分型,88.27700274265626,2026-01-16 05:15:00+00:00,顶分型,111.5810951189811,23,6,23.3,0.264,2026-01-16 03:05:00+00:00,2026-01-16 05:20:00+00:00,2026-01-16T03:05:00+00:00 | 2026-01-16T03:10:00+00:00 | 2026-01-16T03:15:00+00:00 | 2026-01-16T03:25:00+00:00 | 2026-01-16T03:30:00+00:00 | 2026-01-16T03:35:00+00:00 | 2026-01-16T03:40:00+00:00 | 2026-01-16T03:50:00+00:00 | 2026-01-16T03:55:00+00:00 | 2026-01-16T04:00:00+00:00 | 2026-01-16T04:15:00+00:00 | 2026-01-16T04:20:00+00:00 | 2026-01-16T04:25:00+00:00 | 2026-01-16T04:30:00+00:00 | 2026-01-16T04:35:00+00:00 | 2026-01-16T04:40:00+00:00 | 2026-01-16T04:45:00+00:00 | 2026-01-16T04:50:00+00:00 | 2026-01-16T04:55:00+00:00 | 2026-01-16T05:00:00+00:00 | 2026-01-16T05:05:00+00:00 | 2026-01-16T05:15:00+00:00 | 2026-01-16T05:20:00+00:00,2026-01-16T03:10:00+00:00:D:88.2770027427 | 2026-01-16T03:40:00+00:00:G:97.8514329141 | 2026-01-16T03:50:00+00:00:D:93.6824838889 | 2026-01-16T03:55:00+00:00:G:97.8514005453 | 2026-01-16T04:15:00+00:00:D:93.8327483599 | 2026-01-16T05:15:00+00:00:G:111.581095119
304,↓ 向下,2026-01-16 05:15:00+00:00,顶分型,111.5810951189811,2026-01-16 07:30:00+00:00,底分型,88.56229398600641,23,8,23.02,-0.2063,2026-01-16 05:05:00+00:00,2026-01-16 07:35:00+00:00,2026-01-16T05:05:00+00:00 | 2026-01-16T05:15:00+00:00 | 2026-01-16T05:20:00+00:00 | 2026-01-16T05:25:00+00:00 | 2026-01-16T05:30:00+00:00 | 2026-01-16T05:35:00+00:00 | 2026-01-16T05:40:00+00:00 | 2026-01-16T05:45:00+00:00 | 2026-01-16T05:50:00+00:00 | 2026-01-16T05:55:00+00:00 | 2026-01-16T06:05:00+00:00 | 2026-01-16T06:10:00+00:00 | 2026-01-16T06:35:00+00:00 | 2026-01-16T06:40:00+00:00 | 2026-01-16T06:45:00+00:00 | 2026-01-16T06:50:00+00:00 | 2026-01-16T06:55:00+00:00 | 2026-01-16T07:00:00+00:00 | 2026-01-16T07:05:00+00:00 | 2026-01-16T07:15:00+00:00 | 2026-01-16T07:25:00+00:00 | 2026-01-16T07:30:00+00:00 | 2026-01-16T07:35:00+00:00,2026-01-16T05:15:00+00:00:G:111.581095119 | 2026-01-16T05:50:00+00:00:D:103.224239716 | 2026-01-16T05:55:00+00:00:G:106.445485282 | 2026-01-16T06:05:00+00:00:D:102.142650571 | 2026-01-16T06:10:00+00:00:G:106.047632871 | 2026-01-16T07:15:00+00:00:D:89.4207771437 | 2026-01-16T07:25:00+00:00:G:92.0396367338 | 2026-01-16T07:30:00+00:00:D:88.562293986
305,↑ 向上,2026-01-16 07:30:00+00:00,底分型,88.56229398600641,2026-01-16 08:00:00+00:00,顶分型,98.18592954888648,8,2,9.62,0.1087,2026-01-16 07:25:00+00:00,2026-01-16 08:10:00+00:00,2026-01-16T07:25:00+00:00 | 2026-01-16T07:30:00+00:00 | 2026-01-16T07:35:00+00:00 | 2026-01-16T07:40:00+00:00 | 2026-01-16T07:50:00+00:00 | 2026-01-16T07:55:00+00:00 | 2026-01-16T08:00:00+00:00 | 2026-01-16T08:10:00+00:00,2026-01-16T07:30:00+00:00:D:88.562293986 | 2026-01-16T08:00:00+00:00:G:98.1859295489
306,↓ 向下,2026-01-16 08:00:00+00:00,顶分型,98.18592954888648,2026-01-16 08:30:00+00:00,底分型,93.9683438994259,7,4,4.22,-0.043,2026-01-16 07:55:00+00:00,2026-01-16 08:35:00+00:00,2026-01-16T07:55:00+00:00 | 2026-01-16T08:00:00+00:00 | 2026-01-16T08:10:00+00:00 | 2026-01-16T08:15:00+00:00 | 2026-01-16T08:20:00+00:00 | 2026-01-16T08:30:00+00:00 | 2026-01-16T08:35:00+00:00,2026-01-16T08:00:00+00:00:G:98.1859295489 | 2026-01-16T08:10:00+00:00:D:94.4777628848 | 2026-01-16T08:15:00+00:00:G:97.7867311555 | 2026-01-16T08:30:00+00:00:D:93.9683438994
307,↑ 向上,2026-01-16 08:30:00+00:00,底分型,93.9683438994259,2026-01-16 09:20:00+00:00,顶分型,111.3977234276886,12,2,17.43,0.1855,2026-01-16 08:20:00+00:00,2026-01-16 09:35:00+00:00,2026-01-16T08:20:00+00:00 | 2026-01-16T08:30:00+00:00 | 2026-01-16T08:35:00+00:00 | 2026-01-16T08:40:00+00:00 | 2026-01-16T08:45:00+00:00 | 2026-01-16T08:50:00+00:00 | 2026-01-16T08:55:00+00:00 | 2026-01-16T09:00:00+00:00 | 2026-01-16T09:05:00+00:00 | 2026-01-16T09:15:00+00:00 | 2026-01-16T09:20:00+00:00 | 2026-01-16T09:35:00+00:00,2026-01-16T08:30:00+00:00:D:93.9683438994 | 2026-01-16T09:20:00+00:00:G:111.397723428
308,↓ 向下,2026-01-16 09:20:00+00:00,顶分型,111.3977234276886,2026-01-16 10:10:00+00:00,底分型,100.93091254166156,10,2,10.47,-0.094,2026-01-16 09:15:00+00:00,2026-01-16 10:15:00+00:00,2026-01-16T09:15:00+00:00 | 2026-01-16T09:20:00+00:00 | 2026-01-16T09:35:00+00:00 | 2026-01-16T09:40:00+00:00 | 2026-01-16T09:45:00+00:00 | 2026-01-16T09:50:00+00:00 | 2026-01-16T09:55:00+00:00 | 2026-01-16T10:00:00+00:00 | 2026-01-16T10:10:00+00:00 | 2026-01-16T10:15:00+00:00,2026-01-16T09:20:00+00:00:G:111.397723428 | 2026-01-16T10:10:00+00:00:D:100.930912542
309,↑ 向上,2026-01-16 10:10:00+00:00,底分型,100.93091254166156,2026-01-16 10:35:00+00:00,顶分型,105.77916844095172,7,4,4.85,0.048,2026-01-16 10:00:00+00:00,2026-01-16 10:40:00+00:00,2026-01-16T10:00:00+00:00 | 2026-01-16T10:10:00+00:00 | 2026-01-16T10:15:00+00:00 | 2026-01-16T10:25:00+00:00 | 2026-01-16T10:30:00+00:00 | 2026-01-16T10:35:00+00:00 | 2026-01-16T10:40:00+00:00,2026-01-16T10:10:00+00:00:D:100.930912542 | 2026-01-16T10:15:00+00:00:G:105.346946288 | 2026-01-16T10:25:00+00:00:D:101.552169702 | 2026-01-16T10:35:00+00:00:G:105.779168441
310,↓ 向下,2026-01-16 10:35:00+00:00,顶分型,105.77916844095172,2026-01-16 11:35:00+00:00,底分型,87.5701227501662,13,2,18.21,-0.1721,2026-01-16 10:30:00+00:00,2026-01-16 11:40:00+00:00,2026-01-16T10:30:00+00:00 | 2026-01-16T10:35:00+00:00 | 2026-01-16T10:40:00+00:00 | 2026-01-16T10:45:00+00:00 | 2026-01-16T10:50:00+00:00 | 2026-01-16T10:55:00+00:00 | 2026-01-16T11:00:00+00:00 | 2026-01-16T11:05:00+00:00 | 2026-01-16T11:10:00+00:00 | 2026-01-16T11:15:00+00:00 | 2026-01-16T11:20:00+00:00 | 2026-01-16T11:35:00+00:00 | 2026-01-16T11:40:00+00:00,2026-01-16T10:35:00+00:00:G:105.779168441 | 2026-01-16T11:35:00+00:00:D:87.5701227502
311,↑ 向上,2026-01-16 11:35:00+00:00,底分型,87.5701227501662,2026-01-16 13:35:00+00:00,顶分型,111.88874710419175,22,4,24.32,0.2777,2026-01-16 11:20:00+00:00,2026-01-16 13:50:00+00:00,2026-01-16T11:20:00+00:00 | 2026-01-16T11:35:00+00:00 | 2026-01-16T11:40:00+00:00 | 2026-01-16T11:45:00+00:00 | 2026-01-16T11:50:00+00:00 | 2026-01-16T11:55:00+00:00 | 2026-01-16T12:00:00+00:00 | 2026-01-16T12:05:00+00:00 | 2026-01-16T12:10:00+00:00 | 2026-01-16T12:15:00+00:00 | 2026-01-16T12:40:00+00:00 | 2026-01-16T12:45:00+00:00 | 2026-01-16T12:55:00+00:00 | 2026-01-16T13:00:00+00:00 | 2026-01-16T13:05:00+00:00 | 2026-01-16T13:10:00+00:00 | 2026-01-16T13:15:00+00:00 | 2026-01-16T13:20:00+00:00 | 2026-01-16T13:25:00+00:00 | 2026-01-16T13:30:00+00:00 | 2026-01-16T13:35:00+00:00 | 2026-01-16T13:50:00+00:00,2026-01-16T11:35:00+00:00:D:87.5701227502 | 2026-01-16T12:15:00+00:00:G:97.9221674367 | 2026-01-16T12:40:00+00:00:D:94.5716394379 | 2026-01-16T13:35:00+00:00:G:111.888747104
312,↓ 向下,2026-01-16 13:35:00+00:00,顶分型,111.88874710419175,2026-01-16 15:50:00+00:00,底分型,88.19195323685099,20,4,23.7,-0.2118,2026-01-16 13:30:00+00:00,2026-01-16 15:55:00+00:00,2026-01-16T13:30:00+00:00 | 2026-01-16T13:35:00+00:00 | 2026-01-16T13:50:00+00:00 | 2026-01-16T13:55:00+00:00 | 2026-01-16T14:00:00+00:00 | 2026-01-16T14:05:00+00:00 | 2026-01-16T14:35:00+00:00 | 2026-01-16T14:50:00+00:00 | 2026-01-16T14:55:00+00:00 | 2026-01-16T15:00:00+00:00 | 2026-01-16T15:05:00+00:00 | 2026-01-16T15:10:00+00:00 | 2026-01-16T15:15:00+00:00 | 2026-01-16T15:20:00+00:00 | 2026-01-16T15:25:00+00:00 | 2026-01-16T15:35:00+00:00 | 2026-01-16T15:40:00+00:00 | 2026-01-16T15:45:00+00:00 | 2026-01-16T15:50:00+00:00 | 2026-01-16T15:55:00+00:00,2026-01-16T13:35:00+00:00:G:111.888747104 | 2026-01-16T14:35:00+00:00:D:101.127449091 | 2026-01-16T14:50:00+00:00:G:105.076153709 | 2026-01-16T15:50:00+00:00:D:88.1919532369
313,↑ 向上,2026-01-16 15:50:00+00:00,底分型,88.19195323685099,2026-01-16 17:50:00+00:00,顶分型,112.57740694352727,23,6,24.39,0.2765,2026-01-16 15:45:00+00:00,2026-01-16 17:55:00+00:00,2026-01-16T15:45:00+00:00 | 2026-01-16T15:50:00+00:00 | 2026-01-16T15:55:00+00:00 | 2026-01-16T16:00:00+00:00 | 2026-01-16T16:05:00+00:00 | 2026-01-16T16:10:00+00:00 | 2026-01-16T16:15:00+00:00 | 2026-01-16T16:20:00+00:00 | 2026-01-16T16:25:00+00:00 | 2026-01-16T16:30:00+00:00 | 2026-01-16T16:35:00+00:00 | 2026-01-16T16:40:00+00:00 | 2026-01-16T16:45:00+00:00 | 2026-01-16T17:05:00+00:00 | 2026-01-16T17:10:00+00:00 | 2026-01-16T17:15:00+00:00 | 2026-01-16T17:20:00+00:00 | 2026-01-16T17:25:00+00:00 | 2026-01-16T17:30:00+00:00 | 2026-01-16T17:35:00+00:00 | 2026-01-16T17:40:00+00:00 | 2026-01-16T17:50:00+00:00 | 2026-01-16T17:55:00+00:00,2026-01-16T15:50:00+00:00:D:88.1919532369 | 2026-01-16T16:35:00+00:00:G:98.9663755159 | 2026-01-16T16:40:00+00:00:D:95.7583538059 | 2026-01-16T16:45:00+00:00:G:99.5401318963 | 2026-01-16T17:05:00+00:00:D:96.2220010947 | 2026-01-16T17:50:00+00:00:G:112.577406944
314,↓ 向下,2026-01-16 17:50:00+00:00,顶分型,112.57740694352727,2026-01-16 20:00:00+00:00,底分型,87.84240106838287,24,4,24.74,-0.2197,2026-01-16 17:40:00+00:00,2026-01-16 20:05:00+00:00,2026-01-16T17:40:00+00:00 | 2026-01-16T17:50:00+00:00 | 2026-01-16T18:05:00+00:00 | 2026-01-16T18:10:00+00:00 | 2026-01-16T18:15:00+00:00 | 2026-01-16T18:20:00+00:00 | 2026-01-16T18:25:00+00:00 | 2026-01-16T18:30:00+00:00 | 2026-01-16T18:40:00+00:00 | 2026-01-16T18:45:00+00:00 | 2026-01-16T19:00:00+00:00 | 2026-01-16T19:05:00+00:00 | 2026-01-16T19:10:00+00:00 | 2026-01-16T19:15:00+00:00 | 2026-01-16T19:20:00+00:00 | 2026-01-16T19:25:00+00:00 | 2026-01-16T19:30:00+00:00 | 2026-01-16T19:35:00+00:00 | 2026-01-16T19:40:00+00:00 | 2026-01-16T19:45:00+00:00 | 2026-01-16T19:50:00+00:00 | 2026-01-16T19:55:00+00:00 | 2026-01-16T20:00:00+00:00 | 2026-01-16T20:05:00+00:00,2026-01-16T17:50:00+00:00:G:112.577406944 | 2026-01-16T18:45:00+00:00:D:100.487273336 | 2026-01-16T19:00:00+00:00:G:104.97457469 | 2026-01-16T20:00:00+00:00:D:87.8424010684
315,↑ 向上,2026-01-16 20:00:00+00:00,底分型,87.84240106838287,2026-01-16 20:50:00+00:00,顶分型,99.86181083170514,8,2,12.02,0.1368,2026-01-16 19:55:00+00:00,2026-01-16 20:55:00+00:00,2026-01-16T19:55:00+00:00 | 2026-01-16T20:00:00+00:00 | 2026-01-16T20:10:00+00:00 | 2026-01-16T20:15:00+00:00 | 2026-01-16T20:30:00+00:00 | 2026-01-16T20:35:00+00:00 | 2026-01-16T20:50:00+00:00 | 2026-01-16T20:55:00+00:00,2026-01-16T20:00:00+00:00:D:87.8424010684 | 2026-01-16T20:50:00+00:00:G:99.8618108317
316,↓ 向下,2026-01-16 20:50:00+00:00,顶分型,99.86181083170514,2026-01-16 21:05:00+00:00,底分型,95.83340762482615,6,4,4.03,-0.0403,2026-01-16 20:35:00+00:00,2026-01-16 21:10:00+00:00,2026-01-16T20:35:00+00:00 | 2026-01-16T20:50:00+00:00 | 2026-01-16T20:55:00+00:00 | 2026-01-16T21:00:00+00:00 | 2026-01-16T21:05:00+00:00 | 2026-01-16T21:10:00+00:00,2026-01-16T20:50:00+00:00:G:99.8618108317 | 2026-01-16T20:55:00+00:00:D:96.0273893349 | 2026-01-16T21:00:00+00:00:G:99.8340493848 | 2026-01-16T21:05:00+00:00:D:95.8334076248
317,↑ 向上,2026-01-16 21:05:00+00:00,底分型,95.83340762482615,2026-01-16 22:10:00+00:00,顶分型,113.11064916663504,13,2,17.28,0.1803,2026-01-16 21:00:00+00:00,2026-01-16 22:15:00+00:00,2026-01-16T21:00:00+00:00 | 2026-01-16T21:05:00+00:00 | 2026-01-16T21:25:00+00:00 | 2026-01-16T21:30:00+00:00 | 2026-01-16T21:35:00+00:00 | 2026-01-16T21:40:00+00:00 | 2026-01-16T21:45:00+00:00 | 2026-01-16T21:50:00+00:00 | 2026-01-16T21:55:00+00:00 | 2026-01-16T22:00:00+00:00 | 2026-01-16T22:05:00+00:00 | 2026-01-16T22:10:00+00:00 | 2026-01-16T22:15:00+00:00,2026-01-16T21:05:00+00:00:D:95.8334076248 | 2026-01-16T22:10:00+00:00:G:113.110649167
318,↓ 向下,2026-01-16 22:10:00+00:00,顶分型,113.11064916663504,2026-01-17 00:15:00+00:00,底分型,87.1109448286622,24,4,26.0,-0.2299,2026-01-16 22:05:00+00:00,2026-01-17 00:25:00+00:00,2026-01-16T22:05:00+00:00 | 2026-01-16T22:10:00+00:00 | 2026-01-16T22:15:00+00:00 | 2026-01-16T22:20:00+00:00 | 2026-01-16T22:25:00+00:00 | 2026-01-16T22:30:00+00:00 | 2026-01-16T22:35:00+00:00 | 2026-01-16T22:40:00+00:00 | 2026-01-16T22:45:00+00:00 | 2026-01-16T22:50:00+00:00 | 2026-01-16T23:00:00+00:00 | 2026-01-16T23:10:00+00:00 | 2026-01-16T23:15:00+00:00 | 2026-01-16T23:25:00+00:00 | 2026-01-16T23:35:00+00:00 | 2026-01-16T23:40:00+00:00 | 2026-01-16T23:45:00+00:00 | 2026-01-16T23:50:00+00:00 | 2026-01-16T23:55:00+00:00 | 2026-01-17T00:00:00+00:00 | 2026-01-17T00:05:00+00:00 | 2026-01-17T00:10:00+00:00 | 2026-01-17T00:15:00+00:00 | 2026-01-17T00:25:00+00:00,2026-01-16T22:10:00+00:00:G:113.110649167 | 2026-01-16T23:00:00+00:00:D:99.5780204547 | 2026-01-16T23:10:00+00:00:G:103.241721441 | 2026-01-17T00:15:00+00:00:D:87.1109448287
319,↑ 向上,2026-01-17 00:15:00+00:00,底分型,87.1109448286622,2026-01-17 02:20:00+00:00,顶分型,112.90878766516171,21,4,25.8,0.2961,2026-01-17 00:10:00+00:00,2026-01-17 02:25:00+00:00,2026-01-17T00:10:00+00:00 | 2026-01-17T00:15:00+00:00 | 2026-01-17T00:25:00+00:00 | 2026-01-17T00:30:00+00:00 | 2026-01-17T00:35:00+00:00 | 2026-01-17T00:40:00+00:00 | 2026-01-17T00:45:00+00:00 | 2026-01-17T00:50:00+00:00 | 2026-01-17T00:55:00+00:00 | 2026-01-17T01:15:00+00:00 | 2026-01-17T01:20:00+00:00 | 2026-01-17T01:25:00+00:00 | 2026-01-17T01:40:00+00:00 | 2026-01-17T01:45:00+00:00 | 2026-01-17T01:50:00+00:00 | 2026-01-17T01:55:00+00:00 | 2026-01-17T02:00:00+00:00 | 2026-01-17T02:05:00+00:00 | 2026-01-17T02:15:00+00:00 | 2026-01-17T02:20:00+00:00 | 2026-01-17T02:25:00+00:00,2026-01-17T00:15:00+00:00:D:87.1109448287 | 2026-01-17T01:15:00+00:00:G:100.405340405 | 2026-01-17T01:25:00+00:00:D:96.4409325116 | 2026-01-17T02:20:00+00:00:G:112.908787665
320,↓ 向下,2026-01-17 02:20:00+00:00,顶分型,112.90878766516171,2026-01-17 04:35:00+00:00,底分型,87.48609094685861,22,4,25.42,-0.2252,2026-01-17 02:15:00+00:00,2026-01-17 04:40:00+00:00,2026-01-17T02:15:00+00:00 | 2026-01-17T02:20:00+00:00 | 2026-01-17T02:25:00+00:00 | 2026-01-17T02:35:00+00:00 | 2026-01-17T02:40:00+00:00 | 2026-01-17T02:45:00+00:00 | 2026-01-17T02:50:00+00:00 | 2026-01-17T02:55:00+00:00 | 2026-01-17T03:00:00+00:00 | 2026-01-17T03:05:00+00:00 | 2026-01-17T03:10:00+00:00 | 2026-01-17T03:20:00+00:00 | 2026-01-17T03:40:00+00:00 | 2026-01-17T03:45:00+00:00 | 2026-01-17T03:50:00+00:00 | 2026-01-17T03:55:00+00:00 | 2026-01-17T04:00:00+00:00 | 2026-01-17T04:10:00+00:00 | 2026-01-17T04:20:00+00:00 | 2026-01-17T04:25:00+00:00 | 2026-01-17T04:35:00+00:00 | 2026-01-17T04:40:00+00:00,2026-01-17T02:20:00+00:00:G:112.908787665 | 2026-01-17T03:10:00+00:00:D:98.9865055739 | 2026-01-17T03:20:00+00:00:G:103.057803564 | 2026-01-17T04:35:00+00:00:D:87.4860909469
321,↑ 向上,2026-01-17 04:35:00+00:00,底分型,87.48609094685861,2026-01-17 05:20:00+00:00,顶分型,100.41923561486453,9,2,12.93,0.1478,2026-01-17 04:25:00+00:00,2026-01-17 05:25:00+00:00,2026-01-17T04:25:00+00:00 | 2026-01-17T04:35:00+00:00 | 2026-01-17T04:40:00+00:00 | 2026-01-17T04:45:00+00:00 | 2026-01-17T04:50:00+00:00 | 2026-01-17T04:55:00+00:00 | 2026-01-17T05:05:00+00:00 | 2026-01-17T05:20:00+00:00 | 2026-01-17T05:25:00+00:00,2026-01-17T04:35:00+00:00:D:87.4860909469 | 2026-01-17T05:20:00+00:00:G:100.419235615
322,↓ 向下,2026-01-17 05:20:00+00:00,顶分型,100.41923561486453,2026-01-17 05:40:00+00:00,底分型,97.05751816044317,6,4,3.36,-0.0335,2026-01-17 05:00:00+00:00,2026-01-17 05:45:00+00:00,2026-01-17T05:05:00+00:00 | 2026-01-17T05:20:00+00:00 | 2026-01-17T05:25:00+00:00 | 2026-01-17T05:30:00+00:00 | 2026-01-17T05:40:00+00:00 | 2026-01-17T05:45:00+00:00,2026-01-17T05:20:00+00:00:G:100.419235615 | 2026-01-17T05:25:00+00:00:D:97.1679735994 | 2026-01-17T05:30:00+00:00:G:100.050094578 | 2026-01-17T05:40:00+00:00:D:97.0575181604
323,↑ 向上,2026-01-17 05:40:00+00:00,底分型,97.05751816044317,2026-01-17 06:30:00+00:00,顶分型,112.5703246547549,13,2,15.51,0.1598,2026-01-17 05:30:00+00:00,2026-01-17 06:40:00+00:00,2026-01-17T05:30:00+00:00 | 2026-01-17T05:40:00+00:00 | 2026-01-17T05:45:00+00:00 | 2026-01-17T05:50:00+00:00 | 2026-01-17T05:55:00+00:00 | 2026-01-17T06:00:00+00:00 | 2026-01-17T06:05:00+00:00 | 2026-01-17T06:10:00+00:00 | 2026-01-17T06:15:00+00:00 | 2026-01-17T06:20:00+00:00 | 2026-01-17T06:25:00+00:00 | 2026-01-17T06:30:00+00:00 | 2026-01-17T06:40:00+00:00,2026-01-17T05:40:00+00:00:D:97.0575181604 | 2026-01-17T06:30:00+00:00:G:112.570324655
324,↓ 向下,2026-01-17 06:30:00+00:00,顶分型,112.5703246547549,2026-01-17 08:40:00+00:00,底分型,87.10681598949975,25,4,25.46,-0.2262,2026-01-17 06:25:00+00:00,2026-01-17 08:50:00+00:00,2026-01-17T06:25:00+00:00 | 2026-01-17T06:30:00+00:00 | 2026-01-17T06:40:00+00:00 | 2026-01-17T06:45:00+00:00 | 2026-01-17T06:50:00+00:00 | 2026-01-17T06:55:00+00:00 | 2026-01-17T07:00:00+00:00 | 2026-01-17T07:05:00+00:00 | 2026-01-17T07:15:00+00:00 | 2026-01-17T07:20:00+00:00 | 2026-01-17T07:25:00+00:00 | 2026-01-17T07:30:00+00:00 | 2026-01-17T07:45:00+00:00 | 2026-01-17T07:50:00+00:00 | 2026-01-17T07:55:00+00:00 | 2026-01-17T08:00:00+00:00 | 2026-01-17T08:05:00+00:00 | 2026-01-17T08:10:00+00:00 | 2026-01-17T08:15:00+00:00 | 2026-01-17T08:20:00+00:00 | 2026-01-17T08:25:00+00:00 | 2026-01-17T08:30:00+00:00 | 2026-01-17T08:35:00+00:00 | 2026-01-17T08:40:00+00:00 | 2026-01-17T08:50:00+00:00,2026-01-17T06:30:00+00:00:G:112.570324655 | 2026-01-17T07:30:00+00:00:D:99.0425131353 | 2026-01-17T07:45:00+00:00:G:103.142381225 | 2026-01-17T08:40:00+00:00:D:87.1068159895
325,↑ 向上,2026-01-17 08:40:00+00:00,底分型,87.10681598949975,2026-01-17 10:45:00+00:00,顶分型,113.2159009304086,21,4,26.11,0.2997,2026-01-17 08:35:00+00:00,2026-01-17 10:55:00+00:00,2026-01-17T08:35:00+00:00 | 2026-01-17T08:40:00+00:00 | 2026-01-17T08:50:00+00:00 | 2026-01-17T08:55:00+00:00 | 2026-01-17T09:00:00+00:00 | 2026-01-17T09:05:00+00:00 | 2026-01-17T09:10:00+00:00 | 2026-01-17T09:20:00+00:00 | 2026-01-17T09:30:00+00:00 | 2026-01-17T09:50:00+00:00 | 2026-01-17T10:00:00+00:00 | 2026-01-17T10:05:00+00:00 | 2026-01-17T10:10:00+00:00 | 2026-01-17T10:15:00+00:00 | 2026-01-17T10:20:00+00:00 | 2026-01-17T10:25:00+00:00 | 2026-01-17T10:30:00+00:00 | 2026-01-17T10:35:00+00:00 | 2026-01-17T10:40:00+00:00 | 2026-01-17T10:45:00+00:00 | 2026-01-17T10:55:00+00:00,2026-01-17T08:40:00+00:00:D:87.1068159895 | 2026-01-17T09:30:00+00:00:G:101.243607351 | 2026-01-17T10:00:00+00:00:D:97.5597506833 | 2026-01-17T10:45:00+00:00:G:113.21590093
326,↓ 向下,2026-01-17 10:45:00+00:00,顶分型,113.2159009304086,2026-01-17 13:05:00+00:00,底分型,86.98373467516149,25,4,26.23,-0.2317,2026-01-17 10:40:00+00:00,2026-01-17 13:10:00+00:00,2026-01-17T10:40:00+00:00 | 2026-01-17T10:45:00+00:00 | 2026-01-17T10:55:00+00:00 | 2026-01-17T11:00:00+00:00 | 2026-01-17T11:05:00+00:00 | 2026-01-17T11:10:00+00:00 | 2026-01-17T11:15:00+00:00 | 2026-01-17T11:20:00+00:00 | 2026-01-17T11:25:00+00:00 | 2026-01-17T11:35:00+00:00 | 2026-01-17T11:50:00+00:00 | 2026-01-17T11:55:00+00:00 | 2026-01-17T12:00:00+00:00 | 2026-01-17T12:05:00+00:00 | 2026-01-17T12:10:00+00:00 | 2026-01-17T12:15:00+00:00 | 2026-01-17T12:25:00+00:00 | 2026-01-17T12:30:00+00:00 | 2026-01-17T12:35:00+00:00 | 2026-01-17T12:40:00+00:00 | 2026-01-17T12:45:00+00:00 | 2026-01-17T12:50:00+00:00 | 2026-01-17T12:55:00+00:00 | 2026-01-17T13:05:00+00:00 | 2026-01-17T13:10:00+00:00,2026-01-17T10:45:00+00:00:G:113.21590093 | 2026-01-17T11:50:00+00:00:D:97.9588621621 | 2026-01-17T12:00:00+00:00:G:102.131698298 | 2026-01-17T13:05:00+00:00:D:86.9837346752
327,↑ 向上,2026-01-17 13:05:00+00:00,底分型,86.98373467516149,2026-01-17 13:45:00+00:00,顶分型,102.16163773666598,11,2,15.18,0.1745,2026-01-17 12:55:00+00:00,2026-01-17 13:55:00+00:00,2026-01-17T12:55:00+00:00 | 2026-01-17T13:05:00+00:00 | 2026-01-17T13:10:00+00:00 | 2026-01-17T13:15:00+00:00 | 2026-01-17T13:20:00+00:00 | 2026-01-17T13:25:00+00:00 | 2026-01-17T13:30:00+00:00 | 2026-01-17T13:35:00+00:00 | 2026-01-17T13:40:00+00:00 | 2026-01-17T13:45:00+00:00 | 2026-01-17T13:55:00+00:00,2026-01-17T13:05:00+00:00:D:86.9837346752 | 2026-01-17T13:45:00+00:00:G:102.161637737
328,↓ 向下,2026-01-17 13:45:00+00:00,顶分型,102.16163773666598,2026-01-17 14:10:00+00:00,底分型,98.2342234554324,6,4,3.93,-0.0384,2026-01-17 13:40:00+00:00,2026-01-17 14:15:00+00:00,2026-01-17T13:40:00+00:00 | 2026-01-17T13:45:00+00:00 | 2026-01-17T13:55:00+00:00 | 2026-01-17T14:00:00+00:00 | 2026-01-17T14:10:00+00:00 | 2026-01-17T14:15:00+00:00,2026-01-17T13:45:00+00:00:G:102.161637737 | 2026-01-17T13:55:00+00:00:D:98.9618329018 | 2026-01-17T14:00:00+00:00:G:102.090202292 | 2026-01-17T14:10:00+00:00:D:98.2342234554
329,↑ 向上,2026-01-17 14:10:00+00:00,底分型,98.2342234554324,2026-01-17 15:00:00+00:00,顶分型,112.05270580575004,13,2,13.82,0.1407,2026-01-17 14:00:00+00:00,2026-01-17 15:10:00+00:00,2026-01-17T14:00:00+00:00 | 2026-01-17T14:10:00+00:00 | 2026-01-17T14:15:00+00:00 | 2026-01-17T14:20:00+00:00 | 2026-01-17T14:25:00+00:00 | 2026-01-17T14:30:00+00:00 | 2026-01-17T14:35:00+00:00 | 2026-01-17T14:40:00+00:00 | 2026-01-17T14:45:00+00:00 | 2026-01-17T14:50:00+00:00 | 2026-01-17T14:55:00+00:00 | 2026-01-17T15:00:00+00:00 | 2026-01-17T15:10:00+00:00,2026-01-17T14:10:00+00:00:D:98.2342234554 | 2026-01-17T15:00:00+00:00:G:112.052705806
330,↓ 向下,2026-01-17 15:00:00+00:00,顶分型,112.05270580575004,2026-01-17 17:15:00+00:00,底分型,87.37235367615632,18,4,24.68,-0.2203,2026-01-17 14:55:00+00:00,2026-01-17 17:20:00+00:00,2026-01-17T14:55:00+00:00 | 2026-01-17T15:00:00+00:00 | 2026-01-17T15:15:00+00:00 | 2026-01-17T15:25:00+00:00 | 2026-01-17T15:30:00+00:00 | 2026-01-17T15:35:00+00:00 | 2026-01-17T15:45:00+00:00 | 2026-01-17T15:50:00+00:00 | 2026-01-17T15:55:00+00:00 | 2026-01-17T16:10:00+00:00 | 2026-01-17T16:30:00+00:00 | 2026-01-17T16:35:00+00:00 | 2026-01-17T16:40:00+00:00 | 2026-01-17T16:45:00+00:00 | 2026-01-17T16:50:00+00:00 | 2026-01-17T16:55:00+00:00 | 2026-01-17T17:15:00+00:00 | 2026-01-17T17:20:00+00:00,2026-01-17T15:00:00+00:00:G:112.052705806 | 2026-01-17T15:55:00+00:00:D:98.0096117189 | 2026-01-17T16:10:00+00:00:G:101.805352543 | 2026-01-17T17:15:00+00:00:D:87.3723536762
331,↑ 向上,2026-01-17 17:15:00+00:00,底分型,87.37235367615632,2026-01-17 19:20:00+00:00,顶分型,112.67814352878682,24,8,25.31,0.2896,2026-01-17 16:55:00+00:00,2026-01-17 19:25:00+00:00,2026-01-17T16:55:00+00:00 | 2026-01-17T17:15:00+00:00 | 2026-01-17T17:20:00+00:00 | 2026-01-17T17:25:00+00:00 | 2026-01-17T17:30:00+00:00 | 2026-01-17T17:35:00+00:00 | 2026-01-17T17:40:00+00:00 | 2026-01-17T17:45:00+00:00 | 2026-01-17T17:50:00+00:00 | 2026-01-17T17:55:00+00:00 | 2026-01-17T18:00:00+00:00 | 2026-01-17T18:05:00+00:00 | 2026-01-17T18:15:00+00:00 | 2026-01-17T18:20:00+00:00 | 2026-01-17T18:25:00+00:00 | 2026-01-17T18:30:00+00:00 | 2026-01-17T18:40:00+00:00 | 2026-01-17T18:45:00+00:00 | 2026-01-17T18:50:00+00:00 | 2026-01-17T18:55:00+00:00 | 2026-01-17T19:00:00+00:00 | 2026-01-17T19:15:00+00:00 | 2026-01-17T19:20:00+00:00 | 2026-01-17T19:25:00+00:00,2026-01-17T17:15:00+00:00:D:87.3723536762 | 2026-01-17T17:55:00+00:00:G:101.560171985 | 2026-01-17T18:00:00+00:00:D:99.1182922691 | 2026-01-17T18:05:00+00:00:G:102.902776743 | 2026-01-17T18:20:00+00:00:D:98.9477859154 | 2026-01-17T18:25:00+00:00:G:103.049151939 | 2026-01-17T18:30:00+00:00:D:99.7828598911 | 2026-01-17T19:20:00+00:00:G:112.678143529
332,↓ 向下,2026-01-17 19:20:00+00:00,顶分型,112.67814352878682,2026-01-17 21:20:00+00:00,底分型,87.44692479678102,18,8,25.23,-0.2239,2026-01-17 19:05:00+00:00,2026-01-17 21:30:00+00:00,2026-01-17T19:15:00+00:00 | 2026-01-17T19:20:00+00:00 | 2026-01-17T19:25:00+00:00 | 2026-01-17T19:30:00+00:00 | 2026-01-17T19:35:00+00:00 | 2026-01-17T19:40:00+00:00 | 2026-01-17T19:45:00+00:00 | 2026-01-17T19:50:00+00:00 | 2026-01-17T19:55:00+00:00 | 2026-01-17T20:05:00+00:00 | 2026-01-17T20:10:00+00:00 | 2026-01-17T20:15:00+00:00 | 2026-01-17T20:25:00+00:00 | 2026-01-17T20:30:00+00:00 | 2026-01-17T20:55:00+00:00 | 2026-01-17T21:05:00+00:00 | 2026-01-17T21:20:00+00:00 | 2026-01-17T21:30:00+00:00,2026-01-17T19:20:00+00:00:G:112.678143529 | 2026-01-17T19:55:00+00:00:D:98.4664469331 | 2026-01-17T20:05:00+00:00:G:101.272255663 | 2026-01-17T20:10:00+00:00:D:97.8666939455 | 2026-01-17T20:15:00+00:00:G:100.919178564 | 2026-01-17T20:25:00+00:00:D:97.4182701734 | 2026-01-17T20:30:00+00:00:G:101.13817159 | 2026-01-17T21:20:00+00:00:D:87.4469247968
333,↑ 向上,2026-01-17 21:20:00+00:00,底分型,87.44692479678102,2026-01-17 23:30:00+00:00,顶分型,112.37340812192816,24,6,24.93,0.285,2026-01-17 21:00:00+00:00,2026-01-17 23:35:00+00:00,2026-01-17T21:05:00+00:00 | 2026-01-17T21:20:00+00:00 | 2026-01-17T21:35:00+00:00 | 2026-01-17T21:40:00+00:00 | 2026-01-17T21:45:00+00:00 | 2026-01-17T21:50:00+00:00 | 2026-01-17T21:55:00+00:00 | 2026-01-17T22:00:00+00:00 | 2026-01-17T22:05:00+00:00 | 2026-01-17T22:10:00+00:00 | 2026-01-17T22:15:00+00:00 | 2026-01-17T22:20:00+00:00 | 2026-01-17T22:25:00+00:00 | 2026-01-17T22:30:00+00:00 | 2026-01-17T22:45:00+00:00 | 2026-01-17T22:55:00+00:00 | 2026-01-17T23:00:00+00:00 | 2026-01-17T23:05:00+00:00 | 2026-01-17T23:10:00+00:00 | 2026-01-17T23:15:00+00:00 | 2026-01-17T23:20:00+00:00 | 2026-01-17T23:25:00+00:00 | 2026-01-17T23:30:00+00:00 | 2026-01-17T23:35:00+00:00,2026-01-17T21:20:00+00:00:D:87.4469247968 | 2026-01-17T22:10:00+00:00:G:102.447324734 | 2026-01-17T22:15:00+00:00:D:99.2399782685 | 2026-01-17T22:45:00+00:00:G:104.457428397 | 2026-01-17T22:55:00+00:00:D:100.627168352 | 2026-01-17T23:30:00+00:00:G:112.373408122
334,↓ 向下,2026-01-17 23:30:00+00:00,顶分型,112.37340812192816,2026-01-18 01:35:00+00:00,底分型,86.90753177610257,21,4,25.47,-0.2266,2026-01-17 23:25:00+00:00,2026-01-18 01:45:00+00:00,2026-01-17T23:25:00+00:00 | 2026-01-17T23:30:00+00:00 | 2026-01-17T23:40:00+00:00 | 2026-01-17T23:45:00+00:00 | 2026-01-17T23:50:00+00:00 | 2026-01-17T23:55:00+00:00 | 2026-01-18T00:00:00+00:00 | 2026-01-18T00:05:00+00:00 | 2026-01-18T00:10:00+00:00 | 2026-01-18T00:15:00+00:00 | 2026-01-18T00:35:00+00:00 | 2026-01-18T00:45:00+00:00 | 2026-01-18T00:55:00+00:00 | 2026-01-18T01:05:00+00:00 | 2026-01-18T01:10:00+00:00 | 2026-01-18T01:15:00+00:00 | 2026-01-18T01:20:00+00:00 | 2026-01-18T01:25:00+00:00 | 2026-01-18T01:30:00+00:00 | 2026-01-18T01:35:00+00:00 | 2026-01-18T01:45:00+00:00,2026-01-17T23:30:00+00:00:G:112.373408122 | 2026-01-18T00:35:00+00:00:D:96.2435091363 | 2026-01-18T00:45:00+00:00:G:100.616241313 | 2026-01-18T01:35:00+00:00:D:86.9075317761
335,↑ 向上,2026-01-18 01:35:00+00:00,底分型,86.90753177610257,2026-01-18 03:40:00+00:00,顶分型,112.21111104953818,25,6,25.3,0.2912,2026-01-18 01:30:00+00:00,2026-01-18 03:50:00+00:00,2026-01-18T01:30:00+00:00 | 2026-01-18T01:35:00+00:00 | 2026-01-18T01:45:00+00:00 | 2026-01-18T01:50:00+00:00 | 2026-01-18T01:55:00+00:00 | 2026-01-18T02:00:00+00:00 | 2026-01-18T02:05:00+00:00 | 2026-01-18T02:10:00+00:00 | 2026-01-18T02:15:00+00:00 | 2026-01-18T02:20:00+00:00 | 2026-01-18T02:25:00+00:00 | 2026-01-18T02:35:00+00:00 | 2026-01-18T02:40:00+00:00 | 2026-01-18T02:45:00+00:00 | 2026-01-18T02:50:00+00:00 | 2026-01-18T03:00:00+00:00 | 2026-01-18T03:05:00+00:00 | 2026-01-18T03:10:00+00:00 | 2026-01-18T03:15:00+00:00 | 2026-01-18T03:20:00+00:00 | 2026-01-18T03:25:00+00:00 | 2026-01-18T03:30:00+00:00 | 2026-01-18T03:35:00+00:00 | 2026-01-18T03:40:00+00:00 | 2026-01-18T03:50:00+00:00,2026-01-18T01:35:00+00:00:D:86.9075317761 | 2026-01-18T02:25:00+00:00:G:103.108875545 | 2026-01-18T02:35:00+00:00:D:100.521527902 | 2026-01-18T02:45:00+00:00:G:104.085868459 | 2026-01-18T03:00:00+00:00:D:100.387818131 | 2026-01-18T03:40:00+00:00:G:112.21111105
336,↓ 向下,2026-01-18 03:40:00+00:00,顶分型,112.21111104953818,2026-01-18 05:45:00+00:00,底分型,88.25295231561924,21,6,23.96,-0.2135,2026-01-18 03:35:00+00:00,2026-01-18 05:55:00+00:00,2026-01-18T03:35:00+00:00 | 2026-01-18T03:40:00+00:00 | 2026-01-18T03:50:00+00:00 | 2026-01-18T03:55:00+00:00 | 2026-01-18T04:00:00+00:00 | 2026-01-18T04:05:00+00:00 | 2026-01-18T04:10:00+00:00 | 2026-01-18T04:15:00+00:00 | 2026-01-18T04:20:00+00:00 | 2026-01-18T04:35:00+00:00 | 2026-01-18T04:40:00+00:00 | 2026-01-18T04:45:00+00:00 | 2026-01-18T04:50:00+00:00 | 2026-01-18T05:05:00+00:00 | 2026-01-18T05:15:00+00:00 | 2026-01-18T05:20:00+00:00 | 2026-01-18T05:25:00+00:00 | 2026-01-18T05:35:00+00:00 | 2026-01-18T05:40:00+00:00 | 2026-01-18T05:45:00+00:00 | 2026-01-18T05:55:00+00:00,2026-01-18T03:40:00+00:00:G:112.21111105 | 2026-01-18T04:45:00+00:00:D:96.0002676113 | 2026-01-18T04:50:00+00:00:G:99.674124629 | 2026-01-18T05:05:00+00:00:D:95.5741218175 | 2026-01-18T05:15:00+00:00:G:99.4408547343 | 2026-01-18T05:45:00+00:00:D:88.2529523156
337,↑ 向上,2026-01-18 05:45:00+00:00,底分型,88.25295231561924,2026-01-18 07:55:00+00:00,顶分型,112.6038122659458,18,4,24.35,0.2759,2026-01-18 05:40:00+00:00,2026-01-18 08:00:00+00:00,2026-01-18T05:40:00+00:00 | 2026-01-18T05:45:00+00:00 | 2026-01-18T06:05:00+00:00 | 2026-01-18T06:10:00+00:00 | 2026-01-18T06:15:00+00:00 | 2026-01-18T06:20:00+00:00 | 2026-01-18T06:25:00+00:00 | 2026-01-18T06:35:00+00:00 | 2026-01-18T06:55:00+00:00 | 2026-01-18T07:00:00+00:00 | 2026-01-18T07:05:00+00:00 | 2026-01-18T07:10:00+00:00 | 2026-01-18T07:20:00+00:00 | 2026-01-18T07:35:00+00:00 | 2026-01-18T07:40:00+00:00 | 2026-01-18T07:50:00+00:00 | 2026-01-18T07:55:00+00:00 | 2026-01-18T08:00:00+00:00,2026-01-18T05:45:00+00:00:D:88.2529523156 | 2026-01-18T06:55:00+00:00:G:105.28452206 | 2026-01-18T07:05:00+00:00:D:100.596799142 | 2026-01-18T07:55:00+00:00:G:112.603812266
